{"type":"FeatureCollection","features":[{"type":"Feature","geometry":{"type":"MultiPolygon","coordinates":[[[[15.4109,48.3601],[15.4151,48.3649],[15.4064,48.3611],[15.4109,48.3601]]],[[[15.2926,48.2306],[15.3079,48.2314],[15.294,48.2327],[15.3091,48.2341],[15.3238,48.2449],[15.3314,48.2441],[15.3285,48.2496],[15.3419,48.2472],[15.3373,48.2524],[15.3476,48.2558],[15.336,48.2566],[15.3222,48.2506],[15.3178,48.2582],[15.3021,48.2585],[15.3,48.2632],[15.3054,48.2672],[15.3298,48.2657],[15.3275,48.2613],[15.3466,48.2576],[15.3589,48.2682],[15.376,48.2714],[15.352,48.2516],[15.3596,48.2475],[15.3783,48.2624],[15.395,48.257],[15.419,48.2646],[15.4207,48.2576],[15.4278,48.2573],[15.4622,48.276],[15.4416,48.2724],[15.4373,48.2797],[15.4413,48.2873],[15.4512,48.2895],[15.4511,48.2941],[15.4576,48.2926],[15.4513,48.3025],[15.4445,48.3006],[15.4521,48.3048],[15.4521,48.31],[15.4679,48.3039],[15.4665,48.3113],[15.4813,48.3181],[15.4758,48.3221],[15.4779,48.3312],[15.446,48.326],[15.4377,48.3429],[15.4678,48.3502],[15.4696,48.3534],[15.4645,48.3551],[15.4671,48.363],[15.462,48.365],[15.4675,48.3663],[15.4671,48.3704],[15.4774,48.3716],[15.481,48.3615],[15.4881,48.3606],[15.4912,48.3634],[15.4864,48.3663],[15.4875,48.3748],[15.5023,48.3841],[15.5072,48.3728],[15.5025,48.3695],[15.5095,48.3644],[15.5203,48.3727],[15.516,48.3595],[15.5298,48.3748],[15.5599,48.3779],[15.5616,48.3826],[15.5739,48.3769],[15.5782,48.3794],[15.5851,48.3683],[15.5821,48.3629],[15.5734,48.3668],[15.543,48.3663],[15.5316,48.3614],[15.5325,48.3576],[15.5411,48.3603],[15.547,48.3569],[15.5449,48.35],[15.549,48.349],[15.5445,48.3373],[15.5656,48.3304],[15.5731,48.3339],[15.5708,48.3387],[15.5786,48.3511],[15.606,48.3538],[15.613,48.3482],[15.6145,48.3396],[15.5977,48.3312],[15.6065,48.3257],[15.6173,48.3265],[15.6213,48.3319],[15.6164,48.3482],[15.6079,48.3568],[15.6215,48.3571],[15.6203,48.3654],[15.6146,48.3724],[15.5951,48.3685],[15.5991,48.372],[15.5838,48.3812],[15.5826,48.386],[15.5979,48.3879],[15.5991,48.3972],[15.5933,48.3973],[15.5895,48.3908],[15.5826,48.3915],[15.5819,48.3857],[15.5489,48.3841],[15.5925,48.4006],[15.5677,48.3976],[15.5372,48.3855],[15.5212,48.3915],[15.518,48.3997],[15.5237,48.3941],[15.5323,48.3955],[15.5322,48.3912],[15.5366,48.3961],[15.5585,48.3943],[15.5833,48.404],[15.5744,48.4202],[15.5747,48.4128],[15.5687,48.4115],[15.5664,48.4159],[15.5601,48.4089],[15.5547,48.4113],[15.5511,48.4235],[15.5716,48.4225],[15.5617,48.4292],[15.5415,48.4259],[15.5426,48.4217],[15.5356,48.422],[15.5366,48.4183],[15.5288,48.4152],[15.5153,48.4197],[15.5154,48.4248],[15.4872,48.428],[15.4826,48.4233],[15.4808,48.4291],[15.4722,48.4213],[15.4833,48.4156],[15.4741,48.4143],[15.4752,48.4084],[15.4691,48.4143],[15.4598,48.4114],[15.4611,48.4167],[15.4389,48.4198],[15.4329,48.4174],[15.4384,48.4138],[15.4316,48.4075],[15.4167,48.4067],[15.4271,48.4034],[15.4322,48.4065],[15.4236,48.3954],[15.414,48.3992],[15.4123,48.3867],[15.4048,48.391],[15.3826,48.3839],[15.382,48.3779],[15.3721,48.3763],[15.3757,48.3666],[15.3596,48.3744],[15.3546,48.3703],[15.3623,48.3596],[15.3705,48.357],[15.3893,48.3628],[15.3989,48.3606],[15.4094,48.3715],[15.4216,48.3668],[15.4082,48.3561],[15.41,48.3595],[15.3916,48.3602],[15.3743,48.3509],[15.3743,48.3571],[15.3609,48.3543],[15.3515,48.3718],[15.3395,48.3691],[15.3416,48.3589],[15.3479,48.3608],[15.3437,48.3562],[15.3493,48.3519],[15.3474,48.3461],[15.3701,48.3531],[15.3638,48.3447],[15.382,48.3441],[15.3684,48.3383],[15.3686,48.3287],[15.3732,48.3271],[15.3684,48.323],[15.3475,48.3238],[15.3646,48.318],[15.3628,48.312],[15.3706,48.3138],[15.372,48.3091],[15.3512,48.3141],[15.3474,48.3088],[15.3361,48.3116],[15.3282,48.3065],[15.3304,48.3015],[15.3225,48.2889],[15.3359,48.2976],[15.332,48.3013],[15.3474,48.3081],[15.3498,48.2994],[15.3601,48.3045],[15.3875,48.3024],[15.3866,48.2991],[15.3651,48.2982],[15.3688,48.2905],[15.3848,48.2876],[15.3873,48.2831],[15.3595,48.2698],[15.3485,48.2811],[15.353,48.2848],[15.35,48.2875],[15.3459,48.2828],[15.3421,48.285],[15.3459,48.2897],[15.3338,48.2874],[15.3379,48.2758],[15.3152,48.2712],[15.307,48.2773],[15.295,48.2577],[15.2855,48.2531],[15.2787,48.2545],[15.2751,48.2637],[15.2862,48.2682],[15.2781,48.273],[15.2837,48.2777],[15.2725,48.283],[15.2742,48.293],[15.2833,48.2979],[15.2693,48.2893],[15.2717,48.282],[15.2605,48.2964],[15.2686,48.2918],[15.2701,48.3073],[15.2879,48.3124],[15.3032,48.3068],[15.2915,48.2981],[15.2968,48.2926],[15.3068,48.2986],[15.3048,48.293],[15.3143,48.2926],[15.3185,48.2875],[15.3213,48.2907],[15.3162,48.2902],[15.3174,48.2971],[15.3094,48.2971],[15.3077,48.3064],[15.3217,48.3079],[15.3035,48.3133],[15.3041,48.3181],[15.318,48.3233],[15.29,48.3141],[15.2778,48.3235],[15.27,48.322],[15.2786,48.3309],[15.2872,48.3263],[15.2916,48.329],[15.2934,48.3404],[15.3026,48.3375],[15.3071,48.33],[15.3073,48.3384],[15.3151,48.3429],[15.3148,48.3503],[15.3095,48.3509],[15.3062,48.3403],[15.297,48.3409],[15.2953,48.3501],[15.2755,48.3596],[15.2776,48.3494],[15.293,48.3449],[15.2816,48.3324],[15.2794,48.3388],[15.2712,48.3381],[15.2655,48.3449],[15.2668,48.3378],[15.2558,48.3362],[15.2674,48.3371],[15.2718,48.3314],[15.2645,48.3287],[15.2712,48.3255],[15.2593,48.3238],[15.2667,48.3167],[15.2641,48.3138],[15.2447,48.3084],[15.2385,48.3159],[15.2418,48.3265],[15.2334,48.3304],[15.2341,48.3181],[15.2164,48.3168],[15.2315,48.3165],[15.2405,48.311],[15.2423,48.3074],[15.2357,48.3016],[15.2519,48.3022],[15.2404,48.2964],[15.2573,48.292],[15.2452,48.2864],[15.2478,48.2831],[15.2642,48.2878],[15.2592,48.2896],[15.2635,48.2917],[15.2597,48.2948],[15.2706,48.2826],[15.2647,48.2825],[15.2664,48.2788],[15.2778,48.2776],[15.2699,48.273],[15.2811,48.2692],[15.2692,48.2663],[15.2756,48.2611],[15.2686,48.2543],[15.2865,48.2483],[15.2839,48.24],[15.2926,48.2306]],[[15.3994,48.2857],[15.3996,48.2934],[15.3942,48.2939],[15.4037,48.2991],[15.4068,48.3105],[15.4049,48.3151],[15.3921,48.3109],[15.4057,48.3166],[15.4012,48.3219],[15.4048,48.3239],[15.4022,48.3325],[15.3987,48.3326],[15.4018,48.3399],[15.3981,48.341],[15.4025,48.3407],[15.4057,48.3511],[15.404,48.3364],[15.4098,48.3157],[15.3994,48.2857]],[[15.4127,48.2883],[15.4067,48.2905],[15.414,48.3173],[15.417,48.3043],[15.408,48.2931],[15.414,48.2939],[15.4108,48.296],[15.4186,48.3018],[15.4267,48.2999],[15.4224,48.2966],[15.428,48.2986],[15.4203,48.2925],[15.4217,48.2886],[15.4156,48.2921],[15.4127,48.2883]],[[15.4096,48.3359],[15.414,48.3564],[15.4511,48.3717],[15.4472,48.3629],[15.4156,48.3542],[15.4096,48.3359]],[[15.4388,48.3712],[15.4372,48.3752],[15.4487,48.3872],[15.4403,48.3925],[15.4496,48.3965],[15.4499,48.4028],[15.483,48.4053],[15.4564,48.3809],[15.4388,48.3712]],[[15.5162,48.3884],[15.4967,48.3986],[15.4752,48.3927],[15.4954,48.4039],[15.5101,48.4004],[15.5162,48.3884]],[[15.4847,48.406],[15.4884,48.4131],[15.5017,48.4107],[15.4847,48.406]]]]},"properties":{"code":"AT1205A00","name":"Wachau","country":"Austria","designation":"SAC","area_ha":18042.8}},{"type":"Feature","geometry":{"type":"Polygon","coordinates":[[[15.9003,48.7891],[15.9159,48.7914],[15.9161,48.796],[15.9212,48.7959],[15.9193,48.8],[15.9257,48.801],[15.9225,48.8056],[15.9292,48.8053],[15.93,48.8127],[15.9492,48.8038],[15.9597,48.821],[15.9463,48.8226],[15.9449,48.828],[15.9402,48.8271],[15.9394,48.8191],[15.9255,48.8231],[15.9309,48.8336],[15.9198,48.8388],[15.8932,48.8346],[15.8927,48.8432],[15.899,48.8377],[15.9046,48.841],[15.8952,48.8492],[15.8837,48.8424],[15.8807,48.8556],[15.874,48.8606],[15.8709,48.8598],[15.874,48.8543],[15.8565,48.8501],[15.8579,48.8566],[15.841,48.8609],[15.8522,48.8672],[15.8415,48.8771],[15.8276,48.871],[15.8075,48.8723],[15.818,48.864],[15.8058,48.8646],[15.8088,48.8612],[15.8033,48.8593],[15.8032,48.8488],[15.8091,48.8479],[15.8041,48.8429],[15.8126,48.8416],[15.7974,48.8342],[15.8057,48.8271],[15.813,48.8275],[15.8087,48.8232],[15.8126,48.814],[15.8253,48.8175],[15.819,48.8215],[15.8359,48.8224],[15.8389,48.8288],[15.855,48.8231],[15.8598,48.8257],[15.8532,48.829],[15.8687,48.8369],[15.8698,48.8322],[15.8818,48.8278],[15.8741,48.823],[15.875,48.8162],[15.8878,48.8018],[15.9012,48.7958],[15.9003,48.7891]]]},"properties":{"code":"AT1208A00","name":"Thayatal bei Hardegg","country":"Austria","designation":"SAC","area_ha":4428.4}},{"type":"Feature","geometry":{"type":"MultiPolygon","coordinates":[[[[15.0284,49.0111],[15.0292,49.0125],[15.0272,49.0121],[15.0284,49.0111]]],[[[15.0543,48.9678],[15.0724,48.9819],[15.0829,48.9769],[15.0862,48.9905],[15.0828,48.9875],[15.0855,48.9816],[15.0728,48.9832],[15.0544,48.9692],[15.0517,48.9795],[15.0449,48.9779],[15.0543,48.9678]]],[[[15.0996,48.9639],[15.1039,48.9698],[15.0915,48.9702],[15.0996,48.9639]]],[[[15.0297,48.9446],[15.0334,48.9468],[15.0302,48.9482],[15.0297,48.9446]]],[[[15.1263,48.931],[15.132,48.9368],[15.131,48.9436],[15.1226,48.9334],[15.1263,48.931]]],[[[15.0947,48.9235],[15.0942,48.9284],[15.1018,48.9341],[15.1003,48.9389],[15.1076,48.9424],[15.1046,48.9448],[15.1121,48.9463],[15.1028,48.9469],[15.1079,48.9572],[15.1012,48.9546],[15.1038,48.9445],[15.0987,48.9391],[15.1004,48.9348],[15.095,48.9364],[15.0984,48.9338],[15.0931,48.9293],[15.0947,48.9235]]],[[[15.1497,48.9106],[15.1503,48.9242],[15.1624,48.9319],[15.1601,48.9412],[15.1784,48.9471],[15.1581,48.9411],[15.1602,48.9318],[15.1486,48.924],[15.1497,48.9106]]],[[[15.0255,48.9079],[15.0256,48.9141],[15.0179,48.9144],[15.0255,48.9079]]],[[[15.4024,48.8819],[15.4026,48.8821],[15.4021,48.8829],[15.4024,48.8819]]],[[[14.9955,48.8898],[14.9922,48.8964],[15.0342,48.8912],[15.0421,48.9202],[15.0367,48.9349],[15.0373,48.9257],[15.0309,48.9271],[15.0402,48.9205],[15.0343,48.8933],[15.0212,48.8912],[14.998,48.8982],[14.9873,48.8956],[14.9955,48.8898]]],[[[15.0652,48.8681],[15.0725,48.879],[15.0581,48.8761],[15.0652,48.8681]]],[[[15.0194,48.8672],[15.024,48.8749],[15.0174,48.8737],[15.0194,48.8672]]],[[[14.9857,48.8664],[14.9866,48.877],[14.973,48.8746],[14.9732,48.8689],[14.9857,48.8664]]],[[[15.1436,48.8413],[15.1533,48.8424],[15.1473,48.8562],[15.1399,48.854],[15.1436,48.8413]]],[[[15.2976,48.8212],[15.2896,48.8269],[15.2978,48.8281],[15.2955,48.8349],[15.3023,48.8363],[15.3031,48.8498],[15.2945,48.8551],[15.3042,48.8601],[15.2947,48.8641],[15.3023,48.8725],[15.2864,48.879],[15.3074,48.8879],[15.3068,48.8989],[15.3277,48.9045],[15.3252,48.9125],[15.3385,48.912],[15.3352,48.9206],[15.3411,48.9192],[15.3542,48.929],[15.3691,48.926],[15.3699,48.9161],[15.374,48.914],[15.393,48.913],[15.3818,48.9059],[15.3994,48.905],[15.3933,48.9012],[15.3949,48.8955],[15.389,48.8951],[15.4066,48.8944],[15.3975,48.8887],[15.4093,48.8854],[15.4043,48.8801],[15.4351,48.8708],[15.427,48.8673],[15.4362,48.8665],[15.4314,48.8585],[15.4534,48.8553],[15.4583,48.8445],[15.4662,48.8466],[15.4682,48.8428],[15.476,48.8448],[15.4703,48.8481],[15.4817,48.8562],[15.482,48.8503],[15.4993,48.8448],[15.5008,48.839],[15.514,48.8379],[15.4977,48.8275],[15.515,48.8371],[15.5159,48.8305],[15.5084,48.8328],[15.5063,48.8291],[15.5274,48.8258],[15.5376,48.8185],[15.5367,48.8124],[15.5386,48.8193],[15.5484,48.8232],[15.5515,48.8197],[15.5525,48.8288],[15.556,48.825],[15.5656,48.8289],[15.5733,48.8236],[15.5659,48.8298],[15.5735,48.8376],[15.5714,48.8409],[15.5827,48.8444],[15.5754,48.8513],[15.5826,48.8567],[15.5815,48.8623],[15.5883,48.8612],[15.5903,48.8536],[15.601,48.8594],[15.6177,48.8601],[15.6189,48.867],[15.6061,48.8678],[15.6058,48.8719],[15.6284,48.8695],[15.6314,48.8725],[15.6262,48.8832],[15.6427,48.8858],[15.6247,48.8834],[15.6221,48.8801],[15.6265,48.8708],[15.608,48.874],[15.6025,48.8709],[15.6039,48.8664],[15.5989,48.8677],[15.6172,48.8657],[15.617,48.8615],[15.5994,48.8606],[15.5913,48.8551],[15.5906,48.8618],[15.58,48.8625],[15.5738,48.851],[15.5812,48.845],[15.5698,48.8417],[15.5708,48.8361],[15.5609,48.8277],[15.5506,48.8304],[15.5489,48.8246],[15.5355,48.8321],[15.5305,48.8262],[15.5262,48.8277],[15.5271,48.8346],[15.5199,48.8261],[15.5083,48.8307],[15.5184,48.8301],[15.5169,48.8382],[15.5267,48.8417],[15.5253,48.8456],[15.5163,48.8388],[15.51,48.84],[15.5069,48.8465],[15.5095,48.8396],[15.5022,48.84],[15.4909,48.848],[15.4986,48.852],[15.4896,48.8533],[15.4932,48.8575],[15.4754,48.8631],[15.4808,48.872],[15.4735,48.8769],[15.5033,48.8854],[15.4833,48.8816],[15.475,48.8889],[15.4793,48.9056],[15.4728,48.9153],[15.4942,48.9182],[15.4857,48.9181],[15.4773,48.9245],[15.4669,48.9436],[15.4728,48.9466],[15.4699,48.9505],[15.4718,48.9471],[15.466,48.944],[15.4838,48.9188],[15.4717,48.9156],[15.4782,48.9083],[15.4723,48.8978],[15.4769,48.8935],[15.4735,48.8884],[15.4816,48.8815],[15.4719,48.8771],[15.4797,48.8712],[15.474,48.8633],[15.4927,48.8568],[15.4891,48.8522],[15.4968,48.8524],[15.4871,48.8489],[15.4838,48.8564],[15.4775,48.8578],[15.4681,48.8484],[15.4744,48.8455],[15.4691,48.8442],[15.4644,48.8485],[15.4592,48.8455],[15.4552,48.8559],[15.438,48.8605],[15.4335,48.874],[15.4058,48.8806],[15.4111,48.8853],[15.4023,48.8899],[15.41,48.897],[15.4018,48.8948],[15.3946,48.8987],[15.4027,48.9058],[15.3836,48.9061],[15.4,48.9105],[15.393,48.9169],[15.3756,48.9158],[15.3708,48.9272],[15.3527,48.93],[15.343,48.9276],[15.3416,48.9226],[15.3336,48.9234],[15.3373,48.9142],[15.3246,48.9133],[15.3247,48.9047],[15.3036,48.899],[15.3062,48.8895],[15.2838,48.8801],[15.2997,48.8707],[15.2931,48.8641],[15.3016,48.8602],[15.2921,48.8555],[15.3005,48.8502],[15.2972,48.8429],[15.3009,48.8363],[15.2942,48.8353],[15.297,48.8304],[15.2882,48.8272],[15.2976,48.8212]]],[[[15.0988,48.8194],[15.104,48.8214],[15.1005,48.8278],[15.0934,48.8234],[15.0988,48.8194]]],[[[15.2522,48.8122],[15.2549,48.8189],[15.2688,48.8133],[15.2728,48.8226],[15.2583,48.825],[15.251,48.8193],[15.2522,48.8122]]],[[[15.1417,48.8171],[15.1482,48.8277],[15.1399,48.8377],[15.1366,48.8261],[15.1263,48.8238],[15.1274,48.8186],[15.1417,48.8171]]],[[[15.1307,48.794],[15.1506,48.8028],[15.1428,48.8071],[15.1304,48.8002],[15.1345,48.7974],[15.1307,48.794]]],[[[15.1012,48.7851],[15.1224,48.7923],[15.117,48.8064],[15.0887,48.8059],[15.0866,48.802],[15.0953,48.7983],[15.1012,48.7851]]],[[[14.9996,48.7701],[15.0067,48.7765],[14.9948,48.7859],[14.9928,48.7763],[14.9996,48.7701]]],[[[15.103,48.7614],[15.1062,48.7628],[15.102,48.7631],[15.103,48.7614]]],[[[15.0742,48.7401],[15.0759,48.7408],[15.0741,48.7431],[15.0742,48.7401]]],[[[15.1289,48.7366],[15.1313,48.7374],[15.123,48.7397],[15.1289,48.7366]]],[[[15.1096,48.7362],[15.1184,48.7438],[15.0971,48.7482],[15.077,48.7621],[15.0938,48.7739],[15.1052,48.7708],[15.1061,48.7757],[15.0992,48.7727],[15.091,48.778],[15.06,48.7727],[15.0464,48.7761],[15.0425,48.772],[15.051,48.7623],[15.0581,48.7623],[15.0651,48.7514],[15.0909,48.7483],[15.1096,48.7362]]],[[[15.0707,48.6697],[15.0828,48.6722],[15.0866,48.6803],[15.1186,48.6859],[15.1206,48.6949],[15.1131,48.7018],[15.1167,48.7069],[15.1649,48.7178],[15.1617,48.7252],[15.1701,48.7509],[15.1867,48.7542],[15.2093,48.7366],[15.2336,48.7289],[15.2623,48.7415],[15.2683,48.7506],[15.2671,48.7581],[15.2824,48.761],[15.2888,48.79],[15.2971,48.7927],[15.2903,48.798],[15.3006,48.8009],[15.2867,48.8052],[15.2954,48.8106],[15.2892,48.8119],[15.2938,48.8105],[15.2856,48.8052],[15.298,48.8018],[15.2883,48.7981],[15.2956,48.793],[15.2853,48.7862],[15.2816,48.7631],[15.2656,48.7588],[15.2611,48.7429],[15.2337,48.7304],[15.2219,48.7371],[15.2108,48.7372],[15.1878,48.7543],[15.1693,48.7518],[15.1592,48.7252],[15.1632,48.7212],[15.1376,48.7105],[15.1153,48.7076],[15.1104,48.7022],[15.1176,48.6988],[15.117,48.6865],[15.0852,48.6814],[15.0801,48.6727],[15.0672,48.6713],[15.0707,48.6697]]],[[[14.7264,48.6341],[14.7898,48.6394],[14.8072,48.6328],[14.8132,48.6373],[14.8391,48.6376],[14.847,48.6489],[14.8385,48.669],[14.851,48.6777],[14.8741,48.6837],[14.8719,48.6987],[14.8884,48.7011],[14.9,48.7111],[14.8959,48.7197],[14.9059,48.725],[14.8964,48.739],[14.9404,48.7482],[14.9828,48.7745],[14.9916,48.7737],[14.9866,48.79],[14.9746,48.7958],[14.9682,48.7933],[14.9605,48.8045],[14.9553,48.8013],[14.969,48.7911],[14.9669,48.7877],[14.983,48.7864],[14.9892,48.7743],[14.9812,48.775],[14.968,48.764],[14.9299,48.7469],[14.8979,48.7429],[14.8948,48.737],[14.9024,48.724],[14.8934,48.7207],[14.8964,48.7144],[14.8895,48.7027],[14.8693,48.6991],[14.8707,48.6884],[14.8353,48.6697],[14.8458,48.649],[14.8384,48.6401],[14.8042,48.6378],[14.8062,48.6401],[14.7698,48.6462],[14.7506,48.6427],[14.747,48.6476],[14.7222,48.6441],[14.7248,48.6409],[14.7204,48.6388],[14.7264,48.6341]]],[[[15.2264,48.5826],[15.2159,48.592],[15.2072,48.587],[15.2264,48.5826]]],[[[14.6942,48.5803],[14.6987,48.5813],[14.6903,48.5818],[14.6942,48.5803]]],[[[14.764,48.572],[14.7645,48.5738],[14.7606,48.5732],[14.764,48.572]]],[[[14.8401,48.5684],[14.8424,48.5797],[14.8802,48.5784],[14.8742,48.5821],[14.8581,48.5781],[14.8169,48.584],[14.8401,48.5684]]],[[[14.8016,48.5688],[14.8023,48.5708],[14.7991,48.5713],[14.8016,48.5688]]],[[[14.7541,48.5644],[14.7659,48.5676],[14.7541,48.5699],[14.7495,48.566],[14.7541,48.5644]]],[[[14.767,48.5633],[14.7704,48.5644],[14.7656,48.564],[14.767,48.5633]]],[[[14.7439,48.5617],[14.7454,48.5693],[14.733,48.5683],[14.7439,48.5617]]],[[[14.8797,48.4692],[14.9019,48.4762],[14.9079,48.4711],[14.9142,48.473],[14.9113,48.4783],[14.9029,48.4798],[14.8851,48.4732],[14.8781,48.4815],[14.8665,48.48],[14.8797,48.4692]]],[[[14.9717,48.4572],[14.9746,48.4606],[14.9667,48.4606],[14.9717,48.4572]]],[[[15.1098,48.4495],[15.1106,48.462],[15.1222,48.4661],[15.1244,48.4757],[15.1405,48.4798],[15.1429,48.4859],[15.165,48.4846],[15.1886,48.4899],[15.2002,48.5001],[15.2202,48.5052],[15.22,48.5104],[15.2351,48.5112],[15.2444,48.5207],[15.2524,48.5149],[15.2729,48.5248],[15.2817,48.5204],[15.2929,48.5217],[15.2702,48.5257],[15.2525,48.5164],[15.2444,48.5223],[15.1703,48.4864],[15.141,48.4871],[15.1225,48.4766],[15.12,48.4667],[15.1091,48.4646],[15.1098,48.4495]]],[[[15.1335,48.4461],[15.1411,48.4525],[15.1291,48.4521],[15.1352,48.4491],[15.1335,48.4461]]],[[[15.3595,48.4223],[15.3615,48.4233],[15.3595,48.4237],[15.3595,48.4223]]],[[[15.2072,48.4061],[15.2098,48.4114],[15.2049,48.4109],[15.2072,48.4061]]],[[[15.301,48.389],[15.3184,48.3935],[15.3114,48.4092],[15.303,48.4092],[15.2979,48.3972],[15.291,48.3962],[15.2922,48.3913],[15.301,48.389]]],[[[14.9717,48.3896],[14.9868,48.3931],[14.9747,48.4031],[14.979,48.414],[14.9954,48.4276],[15.0176,48.4377],[15.0139,48.4443],[15.0236,48.4526],[15.0197,48.4555],[15.0385,48.4654],[15.0469,48.4643],[15.0499,48.4786],[15.0649,48.4825],[15.0638,48.4881],[15.0766,48.4955],[15.0754,48.5037],[15.0893,48.5141],[15.0953,48.5255],[15.1031,48.5231],[15.1147,48.5309],[15.126,48.5303],[15.1366,48.5572],[15.1354,48.5727],[15.1406,48.5726],[15.148,48.5854],[15.1632,48.5879],[15.1615,48.5966],[15.1691,48.5945],[15.1694,48.6027],[15.1639,48.6079],[15.1496,48.6074],[15.1259,48.5958],[15.1076,48.6047],[15.0827,48.6078],[15.061,48.6199],[15.0633,48.6234],[15.0285,48.6368],[15.0188,48.6303],[15.0058,48.6309],[15.0028,48.6261],[14.9898,48.6285],[14.981,48.6165],[14.9876,48.6119],[14.9868,48.6061],[14.9706,48.6051],[14.9479,48.5937],[14.9527,48.584],[14.9692,48.5753],[14.9775,48.564],[14.9736,48.559],[14.958,48.5629],[14.9524,48.5579],[14.924,48.5585],[14.9057,48.573],[14.894,48.5749],[14.9232,48.5565],[14.9756,48.5578],[14.9795,48.5652],[14.951,48.5908],[14.9718,48.602],[14.987,48.6007],[14.9932,48.6081],[14.9886,48.6186],[15.0008,48.6144],[14.9916,48.6232],[15.003,48.6165],[15.0059,48.6194],[14.9988,48.625],[15.0175,48.6239],[15.024,48.6262],[15.0271,48.6341],[15.0351,48.6347],[15.0602,48.6224],[15.0651,48.6137],[15.0814,48.6057],[15.1022,48.6034],[15.1246,48.5938],[15.1565,48.6074],[15.1683,48.6015],[15.1675,48.5946],[15.1611,48.5982],[15.1381,48.5755],[15.1322,48.5765],[15.1245,48.5398],[15.1188,48.538],[15.1232,48.5319],[15.0898,48.5273],[15.0852,48.5311],[15.0656,48.5306],[15.0493,48.539],[15.0439,48.5363],[15.056,48.5316],[15.06,48.5238],[15.0325,48.5055],[15.0129,48.505],[15.0093,48.5096],[15.006,48.5054],[14.9762,48.5034],[14.9525,48.5084],[14.9304,48.5064],[14.9203,48.5116],[14.9247,48.5142],[14.9197,48.5186],[14.9012,48.5221],[14.9145,48.5277],[14.9128,48.5326],[14.8994,48.5321],[14.9045,48.5302],[14.8971,48.5239],[14.8747,48.5308],[14.8729,48.5363],[14.8824,48.546],[14.8645,48.5395],[14.8491,48.5461],[14.8534,48.5394],[14.8741,48.5338],[14.8658,48.5288],[14.8462,48.5308],[14.8505,48.5366],[14.838,48.5449],[14.814,48.552],[14.8386,48.5438],[14.8493,48.5356],[14.8448,48.5301],[14.8962,48.5232],[14.9118,48.5147],[14.9122,48.5074],[14.9383,48.5018],[14.9518,48.505],[14.9887,48.4988],[14.9995,48.5025],[15.046,48.4998],[15.0503,48.5135],[15.0647,48.5218],[15.0619,48.5299],[15.0924,48.5249],[15.0636,48.4974],[15.0599,48.4837],[15.0275,48.481],[15.0111,48.4865],[15.0011,48.4853],[14.9925,48.478],[14.9871,48.4873],[14.9793,48.4901],[14.9404,48.4906],[14.9447,48.484],[14.963,48.4795],[14.9334,48.4733],[14.9306,48.4764],[14.9272,48.4701],[14.9683,48.4781],[14.9753,48.4864],[14.9806,48.4862],[14.9907,48.4751],[15.0078,48.4826],[15.0246,48.4763],[15.0424,48.4795],[15.0456,48.473],[15.0079,48.4519],[14.9863,48.4586],[14.9733,48.4562],[14.9851,48.4568],[14.9953,48.4508],[14.9887,48.4473],[14.9916,48.4423],[14.9434,48.4641],[14.9245,48.4596],[14.9465,48.4451],[14.9569,48.4458],[14.9634,48.4516],[14.9848,48.4397],[14.9976,48.4421],[14.9931,48.4471],[15.0195,48.4524],[15.0106,48.4457],[15.0108,48.4372],[14.9923,48.4307],[14.9657,48.4307],[14.9737,48.4269],[14.967,48.4194],[14.959,48.4193],[14.9639,48.3964],[14.9581,48.3961],[14.957,48.3916],[14.9717,48.3896]]],[[[15.2518,48.3686],[15.2552,48.3711],[15.2518,48.3748],[15.2624,48.3818],[15.2483,48.3751],[15.2518,48.3686]]],[[[15.2181,48.3543],[15.2333,48.3555],[15.2294,48.3727],[15.2141,48.3757],[15.2231,48.3876],[15.2315,48.3888],[15.2245,48.392],[15.2356,48.3923],[15.2347,48.3827],[15.2395,48.3952],[15.2548,48.394],[15.2577,48.3881],[15.2672,48.3868],[15.259,48.3912],[15.2589,48.3951],[15.266,48.3962],[15.2632,48.4001],[15.2852,48.4035],[15.2921,48.4112],[15.2981,48.4099],[15.3131,48.4211],[15.3219,48.422],[15.3265,48.4305],[15.3189,48.431],[15.3203,48.4256],[15.3107,48.4219],[15.3049,48.4302],[15.3094,48.4187],[15.2982,48.4117],[15.2883,48.4165],[15.2953,48.4252],[15.2856,48.4214],[15.2832,48.4251],[15.2766,48.419],[15.2905,48.4123],[15.2884,48.4087],[15.2786,48.4035],[15.272,48.4068],[15.2731,48.4168],[15.2657,48.4168],[15.2549,48.4071],[15.2761,48.4022],[15.2642,48.4032],[15.2544,48.3965],[15.2485,48.4034],[15.2338,48.4037],[15.2337,48.4125],[15.2232,48.4185],[15.2304,48.4119],[15.2308,48.4026],[15.2402,48.3978],[15.2224,48.3998],[15.237,48.3952],[15.2256,48.3951],[15.2094,48.3773],[15.2137,48.3706],[15.2107,48.3648],[15.2255,48.3657],[15.2153,48.3592],[15.2181,48.3543]]],[[[15.201,48.3435],[15.2012,48.3442],[15.2002,48.3444],[15.201,48.3435]]],[[[15.1947,48.3195],[15.1953,48.3252],[15.1852,48.336],[15.1947,48.3195]]],[[[15.1867,48.2917],[15.1899,48.2932],[15.1827,48.2949],[15.1867,48.2917]]],[[[15.1257,48.2708],[15.1337,48.279],[15.1358,48.2969],[15.1276,48.3143],[15.1677,48.3137],[15.1632,48.3103],[15.205,48.3132],[15.2106,48.3048],[15.206,48.2992],[15.1982,48.2993],[15.2007,48.2898],[15.2124,48.3033],[15.216,48.3106],[15.2131,48.314],[15.2216,48.3154],[15.2166,48.3248],[15.2195,48.3303],[15.2317,48.3282],[15.2359,48.3494],[15.2274,48.3357],[15.2075,48.3522],[15.2058,48.3397],[15.2164,48.3332],[15.2185,48.3188],[15.2095,48.3096],[15.2061,48.314],[15.1712,48.318],[15.1748,48.3369],[15.1661,48.3425],[15.1663,48.3492],[15.1632,48.3415],[15.1716,48.336],[15.1586,48.3292],[15.1741,48.3151],[15.1867,48.3123],[15.1345,48.3191],[15.1372,48.3296],[15.1296,48.3293],[15.1314,48.3216],[15.1229,48.3201],[15.12,48.3267],[15.1163,48.3265],[15.1185,48.3216],[15.1051,48.3262],[15.1105,48.3193],[15.1302,48.3177],[15.125,48.3148],[15.1253,48.308],[15.1348,48.2965],[15.1272,48.2846],[15.1277,48.2766],[15.1231,48.2751],[15.1257,48.2708]]]]},"properties":{"code":"AT1201A00","name":"Waldviertler Teich-, Heide- und Moorlandschaft","country":"Austria","designation":"SAC","area_ha":13712.6}},{"type":"Feature","geometry":{"type":"MultiPolygon","coordinates":[[[[15.9501,48.7681],[15.9662,48.7796],[15.982,48.773],[15.9922,48.7814],[15.9638,48.7951],[15.968,48.7877],[15.9804,48.7873],[15.9765,48.7848],[15.9809,48.7812],[15.9697,48.7801],[15.966,48.7894],[15.9564,48.783],[15.9563,48.7769],[15.9476,48.7781],[15.9482,48.7742],[15.9429,48.7738],[15.9501,48.7681]]],[[[15.8838,48.7455],[15.887,48.7505],[15.8798,48.7493],[15.8838,48.7455]]],[[[15.986,48.7322],[15.987,48.7333],[15.9841,48.733],[15.986,48.7322]],[[16.0357,48.7255],[16.041,48.7306],[16.0302,48.7405],[16.0301,48.7463],[16.0075,48.7632],[16.0265,48.751],[16.03,48.7406],[15.9766,48.7535],[16.0274,48.7423],[16.0406,48.731],[16.0357,48.7255]]],[[[15.9377,48.7276],[15.9412,48.73],[15.9277,48.7417],[15.9295,48.7475],[15.946,48.7485],[15.9445,48.7568],[15.9515,48.7603],[15.9433,48.76],[15.9346,48.7661],[15.9249,48.7625],[15.932,48.7582],[15.9299,48.7539],[15.9116,48.7578],[15.9256,48.7438],[15.923,48.7363],[15.9377,48.7276]]],[[[16.0467,48.721],[16.0357,48.7254],[16.0401,48.7226],[16.0467,48.721]]],[[[15.9332,48.7078],[15.9365,48.7109],[15.9317,48.7147],[15.9324,48.7244],[15.9267,48.7175],[15.9148,48.7153],[15.9332,48.7078]]],[[[15.8823,48.705],[15.8856,48.7107],[15.8817,48.7126],[15.8663,48.7177],[15.8612,48.7122],[15.8823,48.705]]],[[[15.9412,48.7005],[15.9512,48.7082],[15.9524,48.7151],[15.9375,48.7029],[15.9024,48.7106],[15.9412,48.7005]]],[[[15.8315,48.7018],[15.8389,48.7058],[15.8329,48.7135],[15.8405,48.7206],[15.8233,48.7229],[15.8232,48.7322],[15.8216,48.7272],[15.7987,48.7291],[15.8204,48.7249],[15.8206,48.718],[15.8051,48.709],[15.7793,48.7087],[15.7836,48.7182],[15.7781,48.7229],[15.7789,48.7158],[15.7742,48.7154],[15.7764,48.7071],[15.7841,48.7048],[15.8095,48.709],[15.8315,48.7018]]],[[[15.852,48.6662],[15.8554,48.6712],[15.8704,48.6664],[15.8749,48.6721],[15.8859,48.6711],[15.8604,48.6751],[15.8584,48.6829],[15.8698,48.6853],[15.8698,48.6891],[15.8515,48.6884],[15.8557,48.6812],[15.8523,48.6794],[15.8558,48.6742],[15.85,48.6708],[15.852,48.6662]]],[[[15.8381,48.639],[15.8747,48.6376],[15.8573,48.6465],[15.9012,48.6464],[15.9086,48.654],[15.904,48.6607],[15.8929,48.6639],[15.9052,48.6539],[15.8993,48.6547],[15.902,48.6528],[15.8964,48.6493],[15.8589,48.6484],[15.8583,48.6612],[15.8455,48.661],[15.8445,48.6546],[15.851,48.6464],[15.8448,48.6419],[15.8359,48.644],[15.8381,48.639]]],[[[15.8641,48.6135],[15.8699,48.6164],[15.8599,48.6181],[15.8529,48.6299],[15.8395,48.6257],[15.8477,48.6256],[15.8474,48.6211],[15.8641,48.6135]]],[[[15.8293,48.6139],[15.8328,48.6143],[15.8322,48.6198],[15.8173,48.6234],[15.8293,48.6139]]],[[[15.9806,48.5878],[15.9817,48.5974],[15.9752,48.5995],[15.9806,48.5878]]],[[[15.9454,48.5684],[15.958,48.5694],[15.9506,48.5711],[15.9538,48.6034],[15.9672,48.6131],[15.9622,48.6129],[15.9601,48.6205],[15.9495,48.6183],[15.9519,48.6292],[15.935,48.6261],[15.9429,48.6211],[15.9398,48.6153],[15.9554,48.6126],[15.947,48.5962],[15.9371,48.5911],[15.9443,48.5763],[15.935,48.5692],[15.9454,48.5684]]]]},"properties":{"code":"AT1209A00","name":"Westliches Weinviertel","country":"Austria","designation":"SAC","area_ha":2981.1}},{"type":"Feature","geometry":{"type":"Polygon","coordinates":[[[16.0154,48.3257],[16.0262,48.3276],[16.0273,48.3333],[16.1511,48.3354],[16.1379,48.3343],[16.1469,48.3318],[16.1649,48.3378],[16.1912,48.3301],[16.2142,48.3449],[16.2755,48.3514],[16.3144,48.3373],[16.2999,48.3363],[16.3166,48.317],[16.3224,48.3181],[16.3339,48.3085],[16.345,48.314],[16.3279,48.3351],[16.3142,48.341],[16.3197,48.3464],[16.3138,48.355],[16.3015,48.3584],[16.2996,48.3655],[16.2576,48.3752],[16.2375,48.3721],[16.2354,48.3764],[16.2125,48.3809],[16.1816,48.3817],[16.1258,48.373],[16.1149,48.3697],[16.1207,48.3688],[16.1209,48.3645],[16.1078,48.3674],[16.0936,48.3625],[16.097,48.3604],[16.0926,48.3579],[16.0897,48.3614],[16.0626,48.3625],[16.056,48.3612],[16.054,48.3536],[16.0478,48.3601],[15.9913,48.3572],[15.944,48.3682],[15.9156,48.3842],[15.895,48.3818],[15.8908,48.3891],[15.8733,48.3842],[15.8659,48.3878],[15.8751,48.3823],[15.8874,48.3854],[15.8818,48.3808],[15.8946,48.3823],[15.8822,48.3785],[15.8634,48.381],[15.8525,48.3868],[15.8577,48.3857],[15.8542,48.3903],[15.8312,48.3902],[15.8048,48.3998],[15.7915,48.3946],[15.7846,48.3982],[15.7745,48.3934],[15.787,48.3945],[15.773,48.391],[15.7595,48.3966],[15.7432,48.423],[15.745,48.4162],[15.7314,48.415],[15.7343,48.4122],[15.7268,48.4074],[15.703,48.4126],[15.7261,48.3993],[15.7114,48.3969],[15.7125,48.3924],[15.6766,48.3939],[15.6555,48.413],[15.6426,48.4159],[15.6528,48.4131],[15.6691,48.3989],[15.6592,48.3988],[15.6481,48.3877],[15.6675,48.3795],[15.7004,48.3804],[15.72,48.3693],[15.7425,48.3648],[15.7452,48.3568],[15.7578,48.363],[15.7562,48.3595],[15.7861,48.3611],[15.7836,48.3652],[15.7877,48.3664],[15.7896,48.3624],[15.8036,48.3648],[15.8056,48.3606],[15.821,48.3635],[15.8214,48.3573],[15.8324,48.355],[15.8328,48.3602],[15.83,48.3556],[15.8211,48.3586],[15.8352,48.3685],[15.8314,48.3616],[15.8676,48.3551],[15.8709,48.3436],[15.8845,48.3515],[15.88,48.3581],[15.8921,48.3506],[15.9248,48.345],[15.9406,48.3369],[15.9677,48.3383],[15.967,48.334],[15.9566,48.3319],[16.0154,48.3257]]]},"properties":{"code":"AT1216000","name":"Tullnerfelder Donau-Auen","country":"Austria","designation":"SAC","area_ha":17532.6}},{"type":"Feature","geometry":{"type":"MultiPolygon","coordinates":[[[[15.2854,48.6117],[15.2926,48.6161],[15.2796,48.6159],[15.2854,48.6117]]],[[[15.717,48.4783],[15.7247,48.4809],[15.7215,48.4866],[15.6998,48.4863],[15.7082,48.4824],[15.7184,48.4849],[15.717,48.4783]]],[[[15.7073,48.4125],[15.7161,48.4209],[15.7135,48.4321],[15.7233,48.4404],[15.7232,48.4491],[15.7164,48.4553],[15.7145,48.4668],[15.6994,48.4752],[15.7018,48.4807],[15.6968,48.4832],[15.6955,48.4976],[15.7049,48.5044],[15.694,48.5012],[15.6932,48.5056],[15.6997,48.5165],[15.6832,48.5269],[15.7008,48.5275],[15.7018,48.5171],[15.713,48.5208],[15.7081,48.5213],[15.7084,48.531],[15.7032,48.535],[15.6964,48.5371],[15.6908,48.5323],[15.6923,48.5468],[15.6883,48.5494],[15.6803,48.5438],[15.6724,48.5481],[15.6996,48.5578],[15.6742,48.5553],[15.6689,48.5724],[15.6723,48.5745],[15.6533,48.5821],[15.6525,48.5918],[15.6453,48.5958],[15.6537,48.598],[15.6617,48.6147],[15.6618,48.6189],[15.6504,48.6192],[15.65,48.6273],[15.6644,48.6292],[15.6696,48.6368],[15.6708,48.6419],[15.6641,48.6494],[15.6556,48.6485],[15.6609,48.6459],[15.6603,48.6414],[15.6516,48.6414],[15.6602,48.6377],[15.6531,48.6362],[15.6439,48.6398],[15.6573,48.652],[15.6382,48.6521],[15.6274,48.6439],[15.6195,48.6437],[15.6086,48.6529],[15.619,48.6575],[15.6006,48.6603],[15.6052,48.667],[15.542,48.6628],[15.5377,48.6595],[15.5413,48.6532],[15.564,48.662],[15.5589,48.6542],[15.5656,48.6526],[15.576,48.6617],[15.5831,48.6555],[15.5771,48.6535],[15.5988,48.652],[15.6096,48.6438],[15.5533,48.6456],[15.553,48.6391],[15.5624,48.6361],[15.5614,48.6325],[15.5435,48.6386],[15.5402,48.6455],[15.5042,48.6432],[15.4801,48.6115],[15.4599,48.6185],[15.4377,48.6174],[15.4646,48.6152],[15.4831,48.6095],[15.4868,48.6028],[15.4767,48.6058],[15.4667,48.5982],[15.4601,48.6005],[15.4555,48.5953],[15.4543,48.5989],[15.4498,48.5893],[15.443,48.5968],[15.4391,48.5925],[15.4289,48.6062],[15.4125,48.607],[15.4272,48.6025],[15.4365,48.5935],[15.4255,48.5903],[15.4171,48.5974],[15.4171,48.5887],[15.4078,48.5966],[15.4075,48.5902],[15.3951,48.5935],[15.401,48.5898],[15.3881,48.5883],[15.3787,48.5799],[15.3751,48.5816],[15.3761,48.5923],[15.3809,48.5995],[15.3762,48.5977],[15.3693,48.604],[15.3837,48.6152],[15.3641,48.6159],[15.3773,48.6101],[15.3668,48.6047],[15.3597,48.6087],[15.3672,48.6107],[15.3488,48.6157],[15.332,48.6101],[15.3425,48.6078],[15.3373,48.5915],[15.3596,48.5835],[15.3506,48.5785],[15.361,48.5831],[15.3613,48.5735],[15.3693,48.5675],[15.3662,48.5731],[15.3885,48.575],[15.3912,48.5679],[15.39,48.5737],[15.397,48.5723],[15.3999,48.5631],[15.4129,48.5641],[15.4134,48.5568],[15.4056,48.5543],[15.422,48.5538],[15.4194,48.5585],[15.4235,48.5623],[15.4287,48.5595],[15.4335,48.5705],[15.4293,48.5758],[15.4468,48.5775],[15.4486,48.5889],[15.45,48.5832],[15.4731,48.5915],[15.4859,48.5872],[15.4862,48.5932],[15.4708,48.5998],[15.4875,48.6012],[15.4839,48.6079],[15.4901,48.6135],[15.5049,48.6138],[15.5228,48.5988],[15.5192,48.6029],[15.5231,48.603],[15.5218,48.6154],[15.507,48.619],[15.5163,48.6235],[15.5257,48.6203],[15.5296,48.6261],[15.5629,48.6221],[15.57,48.6273],[15.5838,48.6212],[15.5917,48.6292],[15.608,48.6266],[15.5951,48.6075],[15.6051,48.5987],[15.6114,48.5994],[15.6075,48.6054],[15.6352,48.602],[15.6058,48.5919],[15.6124,48.5931],[15.6211,48.5889],[15.6184,48.5864],[15.6217,48.5937],[15.6372,48.5973],[15.6221,48.5879],[15.6249,48.5781],[15.6309,48.5751],[15.6207,48.5769],[15.6211,48.5724],[15.6404,48.5674],[15.6448,48.5531],[15.6655,48.5507],[15.6624,48.5459],[15.6657,48.5429],[15.646,48.5461],[15.6456,48.5499],[15.6338,48.5455],[15.6389,48.5457],[15.6355,48.5421],[15.6433,48.5428],[15.6435,48.5367],[15.6549,48.5368],[15.6527,48.5293],[15.6978,48.5157],[15.6969,48.5122],[15.6752,48.5134],[15.6928,48.5108],[15.6832,48.4947],[15.6874,48.4921],[15.6867,48.497],[15.6929,48.4991],[15.6923,48.4927],[15.6974,48.4911],[15.6966,48.4773],[15.7047,48.4695],[15.6982,48.4654],[15.7212,48.4521],[15.7204,48.441],[15.7119,48.4315],[15.7142,48.421],[15.7047,48.4159],[15.7073,48.4125]],[[15.6819,48.5296],[15.6726,48.5364],[15.6881,48.5347],[15.6892,48.5384],[15.6902,48.5306],[15.6819,48.5296]],[[15.6846,48.553],[15.6836,48.5552],[15.688,48.5569],[15.6846,48.553]],[[15.6704,48.5555],[15.664,48.5617],[15.6713,48.5604],[15.6704,48.5555]]],[[[15.5879,48.4103],[15.5967,48.4178],[15.6062,48.4151],[15.6036,48.4207],[15.6123,48.4196],[15.6094,48.4147],[15.6225,48.4239],[15.6606,48.4244],[15.7155,48.4461],[15.6984,48.46],[15.6956,48.4561],[15.7089,48.4447],[15.6928,48.4452],[15.6848,48.4543],[15.6702,48.4489],[15.6862,48.4538],[15.6813,48.4462],[15.6752,48.4463],[15.6773,48.4403],[15.6547,48.4346],[15.6539,48.4279],[15.6395,48.4295],[15.6402,48.4335],[15.6468,48.4336],[15.6433,48.4359],[15.6329,48.4332],[15.6232,48.4372],[15.6169,48.435],[15.6179,48.4269],[15.6125,48.4275],[15.6076,48.421],[15.5972,48.4251],[15.6076,48.4376],[15.6066,48.443],[15.5932,48.4479],[15.5792,48.4451],[15.5708,48.449],[15.5768,48.4506],[15.5496,48.4596],[15.5379,48.4572],[15.5395,48.4622],[15.5312,48.4627],[15.5367,48.4685],[15.5278,48.4681],[15.5228,48.4733],[15.5245,48.4781],[15.5206,48.4782],[15.5272,48.4816],[15.5232,48.4869],[15.5106,48.4861],[15.5054,48.4925],[15.4957,48.4868],[15.4815,48.4888],[15.4761,48.4948],[15.4681,48.4867],[15.4764,48.4775],[15.4682,48.4709],[15.4629,48.4761],[15.4524,48.472],[15.4522,48.4807],[15.4431,48.4838],[15.4491,48.4893],[15.4411,48.4855],[15.4486,48.4742],[15.4348,48.4794],[15.4272,48.4729],[15.4417,48.47],[15.415,48.4708],[15.4267,48.4615],[15.4126,48.4533],[15.4006,48.454],[15.4009,48.4592],[15.3946,48.4601],[15.3958,48.4679],[15.3861,48.4695],[15.3843,48.4766],[15.372,48.4727],[15.3565,48.4841],[15.341,48.4836],[15.352,48.4818],[15.3461,48.4758],[15.3661,48.4763],[15.3516,48.4706],[15.3527,48.4669],[15.3587,48.473],[15.3939,48.4664],[15.3884,48.4604],[15.3976,48.4585],[15.3942,48.4548],[15.4005,48.4516],[15.3892,48.4498],[15.3948,48.4414],[15.3971,48.4461],[15.4084,48.4482],[15.409,48.4541],[15.4346,48.4564],[15.4327,48.465],[15.4428,48.4665],[15.4421,48.4615],[15.4508,48.4701],[15.4635,48.4713],[15.4687,48.4651],[15.4884,48.4717],[15.4916,48.4663],[15.4758,48.4604],[15.4877,48.449],[15.5027,48.4464],[15.5026,48.4527],[15.5083,48.4535],[15.5151,48.449],[15.5108,48.4466],[15.5166,48.4403],[15.5322,48.4368],[15.5526,48.4488],[15.5414,48.4477],[15.5399,48.4527],[15.5249,48.4548],[15.5326,48.4578],[15.5263,48.4608],[15.5319,48.4613],[15.535,48.4534],[15.5414,48.4553],[15.556,48.4486],[15.5539,48.4424],[15.5679,48.4445],[15.5639,48.4411],[15.5805,48.4366],[15.5587,48.4296],[15.5836,48.4307],[15.5782,48.428],[15.5806,48.4237],[15.573,48.4246],[15.5822,48.4218],[15.5879,48.4103]],[[15.5829,48.4348],[15.5713,48.4425],[15.5857,48.4393],[15.5829,48.4348]],[[15.5592,48.4438],[15.566,48.4472],[15.5689,48.4449],[15.5592,48.4438]],[[15.559,48.4456],[15.5561,48.4471],[15.5624,48.45],[15.559,48.4456]],[[15.5567,48.4488],[15.5445,48.452],[15.5643,48.4502],[15.5567,48.4488]],[[15.5361,48.4537],[15.5353,48.4556],[15.5422,48.4556],[15.5361,48.4537]]]]},"properties":{"code":"AT1207A00","name":"Kamp- und Kremstal","country":"Austria","designation":"SAC","area_ha":14491.8}},{"type":"Feature","geometry":{"type":"Polygon","coordinates":[[[14.8657,48.5017],[14.8731,48.5052],[14.8689,48.5139],[14.8527,48.5126],[14.8657,48.5017]]]},"properties":{"code":"AT3107000","name":"Tanner Moor","country":"Austria","designation":"SAC","area_ha":124.2}},{"type":"Feature","geometry":{"type":"MultiPolygon","coordinates":[[[[15.1009,48.9628],[15.1029,48.971],[15.0915,48.9702],[15.1009,48.9628]]],[[[15.1263,48.931],[15.1347,48.938],[15.1283,48.9395],[15.1299,48.9435],[15.1236,48.9412],[15.1263,48.931]]],[[[15.0652,48.8681],[15.0737,48.8799],[15.0548,48.877],[15.0621,48.8755],[15.0652,48.8681]]],[[[15.1436,48.8413],[15.1489,48.8434],[15.1472,48.8484],[15.1411,48.8456],[15.1436,48.8413]]],[[[15.2703,48.8128],[15.2679,48.8174],[15.2725,48.8224],[15.2532,48.8243],[15.2517,48.8169],[15.2703,48.8128]]],[[[15.141,48.8173],[15.138,48.8252],[15.1291,48.824],[15.1293,48.8186],[15.141,48.8173]]],[[[15.1306,48.7942],[15.1508,48.8003],[15.1501,48.8045],[15.1424,48.8081],[15.1337,48.804],[15.1292,48.8004],[15.1347,48.798],[15.1306,48.7942]]],[[[14.9912,48.7742],[14.9866,48.79],[14.9746,48.7958],[14.9682,48.7933],[14.9605,48.8045],[14.9553,48.8013],[14.9551,48.798],[14.9634,48.7972],[14.9629,48.7929],[14.983,48.7864],[14.9912,48.7742]]],[[[15.0739,48.7403],[15.0679,48.7482],[15.0708,48.7527],[15.094,48.7502],[15.0865,48.7605],[15.0779,48.762],[15.08,48.7671],[15.0424,48.7717],[15.0482,48.7649],[15.0599,48.765],[15.0649,48.7559],[15.0622,48.7478],[15.0739,48.7403]]],[[[15.3616,48.5994],[15.3639,48.6149],[15.3496,48.6082],[15.3458,48.6128],[15.3327,48.614],[15.3333,48.6096],[15.3427,48.6112],[15.34,48.6037],[15.3531,48.6045],[15.3616,48.5994]]],[[[15.236,48.5741],[15.2326,48.5788],[15.2402,48.5777],[15.2355,48.5901],[15.2274,48.5876],[15.2344,48.5862],[15.2305,48.5817],[15.2175,48.5906],[15.235,48.5931],[15.2199,48.5957],[15.2061,48.592],[15.2085,48.5802],[15.2081,48.586],[15.2188,48.5855],[15.2269,48.5824],[15.227,48.575],[15.236,48.5741]]],[[[14.9373,48.5006],[14.9796,48.5102],[14.9866,48.5199],[14.9809,48.5252],[14.9924,48.5246],[15.0075,48.5117],[15.0535,48.5088],[15.0772,48.5297],[15.0929,48.5261],[15.1087,48.5346],[15.0964,48.5527],[15.09,48.5456],[15.0834,48.5462],[15.0888,48.5507],[15.0811,48.5599],[15.0597,48.5522],[15.0509,48.5536],[15.0456,48.561],[15.0342,48.5559],[15.0178,48.5584],[15.0186,48.5541],[14.9894,48.5573],[14.9947,48.5627],[14.9797,48.5762],[14.9867,48.5853],[14.9836,48.604],[14.9646,48.6036],[14.9588,48.5987],[14.9563,48.6047],[14.9529,48.5982],[14.9343,48.594],[14.8793,48.6147],[14.9023,48.6167],[14.8958,48.6211],[14.9026,48.624],[14.9022,48.6304],[14.8925,48.6323],[14.8999,48.6404],[14.9235,48.6336],[14.9247,48.6388],[14.9143,48.636],[14.911,48.6392],[14.9176,48.644],[14.9457,48.6423],[14.9431,48.6484],[14.9344,48.6468],[14.9407,48.6533],[14.9312,48.6641],[14.9362,48.6717],[14.9327,48.6811],[14.9244,48.6849],[14.9439,48.6825],[14.9303,48.6939],[14.9337,48.699],[14.95,48.6937],[14.9576,48.685],[14.967,48.6885],[14.9696,48.7019],[14.9607,48.7009],[14.9603,48.6949],[14.9356,48.7086],[14.9435,48.7153],[14.9611,48.7079],[14.9671,48.7107],[14.9651,48.7149],[14.941,48.7191],[14.9469,48.7214],[14.9418,48.7246],[14.9216,48.7229],[14.9172,48.7276],[14.9494,48.7399],[14.9402,48.7471],[14.9461,48.7513],[14.9561,48.7547],[14.9637,48.7492],[14.9713,48.7542],[14.9478,48.7573],[14.937,48.7515],[14.8911,48.7435],[14.8834,48.7459],[14.8869,48.7483],[14.8799,48.7628],[14.8633,48.7646],[14.8694,48.7686],[14.8598,48.7733],[14.8436,48.7657],[14.823,48.7793],[14.8207,48.7723],[14.8095,48.7753],[14.8063,48.7717],[14.8115,48.7614],[14.8007,48.7466],[14.8337,48.7391],[14.8402,48.7246],[14.8311,48.726],[14.8286,48.722],[14.8365,48.7112],[14.8037,48.7057],[14.7891,48.7146],[14.7676,48.6963],[14.7673,48.6898],[14.783,48.6893],[14.7953,48.7013],[14.8366,48.7018],[14.813,48.682],[14.8101,48.6685],[14.8051,48.6655],[14.7931,48.6701],[14.7235,48.6757],[14.7123,48.6501],[14.7185,48.6492],[14.7222,48.6384],[14.7141,48.6174],[14.7211,48.6024],[14.7081,48.5936],[14.7061,48.585],[14.6931,48.5853],[14.6902,48.5816],[14.713,48.578],[14.7245,48.5621],[14.738,48.5566],[14.7367,48.5522],[14.7432,48.5522],[14.7433,48.5584],[14.758,48.5639],[14.7733,48.5554],[14.7828,48.5603],[14.8079,48.556],[14.814,48.5491],[14.8386,48.5438],[14.8493,48.5356],[14.8448,48.5301],[14.8962,48.5232],[14.9118,48.5147],[14.9122,48.5074],[14.9373,48.5006]],[[14.8169,48.5592],[14.7986,48.5727],[14.8006,48.5764],[14.7846,48.5787],[14.7951,48.5846],[14.788,48.591],[14.7954,48.5924],[14.8009,48.5848],[14.8211,48.5806],[14.8102,48.5705],[14.8306,48.574],[14.8307,48.5625],[14.8169,48.5592]]],[[[15.1085,48.4468],[15.1367,48.4463],[15.1484,48.4604],[15.1555,48.4621],[15.1508,48.4631],[15.1541,48.4676],[15.1384,48.474],[15.141,48.4808],[15.1714,48.4832],[15.1981,48.4948],[15.2006,48.5003],[15.2278,48.4962],[15.2266,48.5066],[15.2385,48.5144],[15.2358,48.517],[15.2191,48.5115],[15.2074,48.5011],[15.1703,48.4864],[15.1498,48.4917],[15.1185,48.4781],[15.0936,48.5005],[15.0936,48.5095],[15.0848,48.5179],[15.0676,48.506],[15.0693,48.4836],[15.0632,48.4858],[15.0664,48.482],[15.0605,48.4822],[15.0566,48.4727],[15.0655,48.4687],[15.062,48.466],[15.0676,48.4655],[15.0641,48.4619],[15.0698,48.4589],[15.0775,48.4631],[15.0706,48.4672],[15.0755,48.4709],[15.0919,48.4663],[15.105,48.4705],[15.1092,48.4672],[15.102,48.4596],[15.1085,48.4468]]],[[[15.4226,48.4224],[15.4355,48.4245],[15.4364,48.4297],[15.4267,48.4309],[15.4287,48.4399],[15.4167,48.4484],[15.4281,48.455],[15.433,48.4528],[15.4361,48.4579],[15.4152,48.4758],[15.4046,48.472],[15.4184,48.466],[15.3981,48.4647],[15.4005,48.4691],[15.3856,48.473],[15.3873,48.4787],[15.3773,48.4755],[15.368,48.4886],[15.3603,48.4855],[15.3611,48.4778],[15.3536,48.4762],[15.3513,48.4706],[15.3444,48.4719],[15.3413,48.4666],[15.3458,48.4652],[15.3412,48.4613],[15.3158,48.4563],[15.3131,48.4506],[15.3218,48.4488],[15.3215,48.4525],[15.3413,48.4581],[15.3496,48.4579],[15.3531,48.4521],[15.3668,48.4556],[15.3606,48.4649],[15.35,48.4621],[15.3492,48.4674],[15.364,48.4688],[15.367,48.473],[15.3868,48.4627],[15.3898,48.4569],[15.3813,48.4519],[15.3819,48.4479],[15.39,48.449],[15.3948,48.4414],[15.4187,48.4423],[15.4221,48.4311],[15.4144,48.4288],[15.4226,48.4224]]],[[[15.3787,48.4008],[15.388,48.405],[15.3781,48.4082],[15.3742,48.4047],[15.3787,48.4008]]],[[[15.1614,48.3788],[15.1627,48.3849],[15.1528,48.3843],[15.1614,48.3788]]],[[[15.1865,48.3098],[15.1986,48.3119],[15.1898,48.3166],[15.2037,48.3216],[15.2013,48.3275],[15.2092,48.3352],[15.2083,48.3311],[15.2192,48.3313],[15.2162,48.3248],[15.2201,48.3207],[15.2318,48.323],[15.2363,48.3151],[15.2408,48.3185],[15.2356,48.3173],[15.2314,48.3282],[15.2386,48.3313],[15.242,48.3277],[15.2404,48.3386],[15.2462,48.3446],[15.2426,48.351],[15.237,48.3512],[15.232,48.336],[15.2264,48.3361],[15.2329,48.348],[15.2284,48.3491],[15.2346,48.3522],[15.219,48.3706],[15.2578,48.3731],[15.2573,48.3773],[15.2722,48.3845],[15.2713,48.3805],[15.2794,48.3787],[15.2744,48.3737],[15.2776,48.3731],[15.2755,48.3677],[15.2628,48.3623],[15.2619,48.3533],[15.2792,48.3293],[15.2971,48.3448],[15.2829,48.345],[15.2795,48.3387],[15.2716,48.3416],[15.2807,48.3452],[15.2768,48.352],[15.2802,48.3529],[15.2742,48.3569],[15.2769,48.3594],[15.2926,48.3573],[15.2968,48.3517],[15.3051,48.3533],[15.3001,48.3653],[15.3192,48.3702],[15.3154,48.3618],[15.3206,48.3607],[15.3117,48.358],[15.3111,48.351],[15.3166,48.3506],[15.3215,48.3606],[15.3422,48.3567],[15.3358,48.3671],[15.3073,48.3795],[15.2911,48.3834],[15.2816,48.3798],[15.2753,48.3856],[15.2818,48.3882],[15.2806,48.3916],[15.2714,48.3941],[15.2738,48.4015],[15.2523,48.3972],[15.2498,48.3892],[15.2439,48.3915],[15.2472,48.395],[15.241,48.3954],[15.2416,48.3995],[15.2504,48.3999],[15.2459,48.4043],[15.25,48.4127],[15.2686,48.4133],[15.2676,48.41],[15.271,48.413],[15.2674,48.419],[15.2914,48.4123],[15.304,48.421],[15.3048,48.4307],[15.2979,48.4304],[15.2966,48.436],[15.2733,48.4367],[15.2811,48.4366],[15.2784,48.4391],[15.2843,48.4415],[15.2791,48.4444],[15.2839,48.4468],[15.2998,48.4501],[15.3058,48.4465],[15.3037,48.452],[15.2949,48.4546],[15.2866,48.4489],[15.2709,48.449],[15.2738,48.4549],[15.2679,48.4532],[15.2577,48.4452],[15.2774,48.4423],[15.2689,48.437],[15.2592,48.4391],[15.2612,48.4364],[15.2514,48.4303],[15.2544,48.4265],[15.2488,48.4185],[15.2179,48.4202],[15.208,48.4135],[15.213,48.4208],[15.2078,48.4239],[15.2144,48.4269],[15.1998,48.4349],[15.1949,48.4302],[15.2079,48.4288],[15.2065,48.4249],[15.1949,48.4242],[15.1985,48.4182],[15.1867,48.4047],[15.2023,48.4102],[15.1987,48.4056],[15.2049,48.3983],[15.1741,48.4023],[15.1564,48.4005],[15.1461,48.3945],[15.1536,48.3884],[15.1524,48.3914],[15.1654,48.3964],[15.1835,48.3946],[15.1749,48.3901],[15.1805,48.384],[15.1732,48.3824],[15.1769,48.3668],[15.165,48.3699],[15.1599,48.3628],[15.1473,48.3726],[15.1479,48.3768],[15.1381,48.3779],[15.138,48.3888],[15.1469,48.3905],[15.1419,48.3934],[15.1312,48.3898],[15.1365,48.3779],[15.1241,48.3823],[15.1108,48.3803],[15.1196,48.3689],[15.1366,48.374],[15.1476,48.3702],[15.1364,48.3556],[15.1426,48.3556],[15.1503,48.3395],[15.1657,48.3393],[15.1698,48.3308],[15.1606,48.3283],[15.1667,48.3225],[15.1774,48.3193],[15.1877,48.3252],[15.1871,48.3167],[15.174,48.3123],[15.1865,48.3098]],[[15.3035,48.4476],[15.3038,48.4479],[15.3038,48.4476],[15.3035,48.4476]]]]},"properties":{"code":"AT1201000","name":"Waldviertel","country":"Austria","designation":"SPA","area_ha":54080.8}},{"type":"Feature","geometry":{"type":"Polygon","coordinates":[[[16.0154,48.3257],[16.0262,48.3276],[16.0273,48.3333],[16.1511,48.3354],[16.1379,48.3343],[16.1469,48.3318],[16.1649,48.3378],[16.1912,48.3301],[16.2142,48.3449],[16.2755,48.3514],[16.3144,48.3373],[16.2999,48.3363],[16.3166,48.317],[16.3224,48.3181],[16.3339,48.3085],[16.345,48.314],[16.3279,48.3351],[16.3142,48.341],[16.3198,48.3458],[16.314,48.3547],[16.3017,48.3581],[16.2956,48.3679],[16.2487,48.3763],[16.2375,48.3721],[16.2354,48.3764],[16.2125,48.3809],[16.1816,48.3817],[16.1308,48.3742],[16.1149,48.3697],[16.1207,48.3688],[16.1209,48.3645],[16.1078,48.3674],[16.0936,48.3625],[16.097,48.3604],[16.0926,48.3579],[16.0897,48.3614],[16.0618,48.3624],[16.056,48.3612],[16.054,48.3536],[16.0478,48.3601],[15.9908,48.3572],[15.944,48.3682],[15.9156,48.3842],[15.895,48.3818],[15.8908,48.3891],[15.8733,48.3842],[15.8659,48.3878],[15.8751,48.3823],[15.8874,48.3854],[15.8818,48.3808],[15.8946,48.3823],[15.8822,48.3785],[15.8634,48.381],[15.8525,48.3868],[15.8577,48.3857],[15.8542,48.3903],[15.8312,48.3902],[15.8048,48.3998],[15.7915,48.3946],[15.7846,48.3982],[15.7745,48.3934],[15.787,48.3945],[15.773,48.391],[15.7413,48.4126],[15.7466,48.4155],[15.7432,48.423],[15.745,48.4162],[15.7396,48.4146],[15.747,48.4085],[15.7211,48.4081],[15.7361,48.4037],[15.7202,48.3977],[15.7182,48.3919],[15.6766,48.3939],[15.6497,48.4161],[15.6426,48.4159],[15.6528,48.4131],[15.6691,48.3978],[15.6568,48.4028],[15.6116,48.4045],[15.6119,48.3985],[15.6257,48.398],[15.665,48.3799],[15.7004,48.3804],[15.72,48.3693],[15.7425,48.3648],[15.7452,48.3568],[15.7578,48.363],[15.7562,48.3595],[15.7861,48.3611],[15.7836,48.3652],[15.7877,48.3664],[15.7896,48.3624],[15.8036,48.3648],[15.8056,48.3606],[15.821,48.3635],[15.8214,48.3573],[15.8275,48.3549],[15.8336,48.3556],[15.8367,48.3615],[15.8436,48.3568],[15.8676,48.3551],[15.8723,48.3435],[15.8845,48.3515],[15.88,48.3581],[15.8921,48.3506],[15.9247,48.345],[15.9406,48.3369],[15.9677,48.3383],[15.967,48.334],[15.9566,48.3319],[16.0154,48.3257]]]},"properties":{"code":"AT1216V00","name":"Tullnerfelder Donau-Auen","country":"Austria","designation":"SPA","area_ha":17762.9}},{"type":"Feature","geometry":{"type":"Polygon","coordinates":[[[15.1906,48.6178],[15.2021,48.6247],[15.2395,48.633],[15.2549,48.6259],[15.2713,48.6295],[15.3032,48.6194],[15.3074,48.6202],[15.3103,48.6323],[15.3125,48.6191],[15.3171,48.6229],[15.319,48.6187],[15.3484,48.6152],[15.3665,48.6222],[15.3708,48.6165],[15.3836,48.6152],[15.4006,48.6221],[15.4001,48.6186],[15.4118,48.617],[15.4216,48.6232],[15.4096,48.6267],[15.4158,48.641],[15.4285,48.6405],[15.4372,48.6465],[15.4237,48.6514],[15.4553,48.6708],[15.4396,48.6732],[15.4422,48.6806],[15.4357,48.6869],[15.4024,48.6852],[15.4042,48.6949],[15.3959,48.7007],[15.3873,48.6857],[15.3793,48.6912],[15.3747,48.6778],[15.3642,48.6768],[15.353,48.6831],[15.3546,48.6884],[15.3695,48.6993],[15.3864,48.7014],[15.3766,48.7059],[15.3641,48.699],[15.3588,48.7052],[15.3487,48.7012],[15.3357,48.6838],[15.3279,48.6841],[15.3232,48.6768],[15.3058,48.6788],[15.3085,48.6829],[15.2948,48.6895],[15.2824,48.6785],[15.2495,48.6801],[15.2439,48.6686],[15.2133,48.6732],[15.21,48.6592],[15.2274,48.663],[15.2382,48.6564],[15.2097,48.6429],[15.207,48.6276],[15.173,48.6209],[15.1906,48.6178]]]},"properties":{"code":"AT1221V00","name":"Truppen\u00fcbungsplatz Allentsteig","country":"Austria","designation":"SPA","area_ha":10917.3}},{"type":"Feature","geometry":{"type":"MultiPolygon","coordinates":[[[[15.2676,48.227],[15.3088,48.2276],[15.314,48.2309],[15.3082,48.2348],[15.3189,48.2329],[15.3353,48.2399],[15.3258,48.2434],[15.3391,48.247],[15.3458,48.2439],[15.3776,48.26],[15.3755,48.2546],[15.3796,48.2525],[15.3578,48.2454],[15.3842,48.2448],[15.3975,48.2544],[15.3899,48.2576],[15.4079,48.2615],[15.4117,48.2761],[15.4261,48.285],[15.4243,48.2959],[15.4415,48.3077],[15.4423,48.3212],[15.4351,48.3241],[15.4342,48.33],[15.4474,48.3385],[15.449,48.347],[15.4595,48.3493],[15.458,48.3562],[15.4689,48.3611],[15.4628,48.3658],[15.4675,48.3663],[15.4671,48.3704],[15.49,48.3761],[15.5085,48.3634],[15.5335,48.3648],[15.5429,48.3701],[15.5838,48.3741],[15.5826,48.386],[15.5729,48.3868],[15.5723,48.3941],[15.5767,48.3955],[15.5735,48.3987],[15.5573,48.3929],[15.5601,48.4089],[15.5496,48.4187],[15.4848,48.43],[15.4715,48.422],[15.4695,48.4138],[15.461,48.4149],[15.4559,48.4279],[15.4416,48.4297],[15.4441,48.4203],[15.4409,48.4164],[15.4329,48.4174],[15.435,48.4091],[15.4058,48.4065],[15.3976,48.3942],[15.3867,48.397],[15.3811,48.3916],[15.3755,48.3981],[15.3769,48.3939],[15.3711,48.3926],[15.368,48.3853],[15.3891,48.3743],[15.3744,48.3652],[15.3625,48.3661],[15.3575,48.3748],[15.3602,48.3802],[15.353,48.3777],[15.3487,48.3849],[15.3593,48.365],[15.345,48.3726],[15.3387,48.3647],[15.3722,48.3526],[15.3578,48.3409],[15.3331,48.3369],[15.3363,48.3328],[15.3575,48.3364],[15.3591,48.3295],[15.3461,48.3263],[15.3549,48.3189],[15.3489,48.3098],[15.3373,48.3121],[15.3259,48.305],[15.3129,48.3116],[15.3158,48.3199],[15.3061,48.3289],[15.306,48.3385],[15.3122,48.3443],[15.3179,48.3407],[15.3163,48.352],[15.308,48.3498],[15.3057,48.3417],[15.304,48.3457],[15.2903,48.3406],[15.2585,48.3052],[15.2577,48.2978],[15.2685,48.2942],[15.2729,48.2795],[15.2819,48.2776],[15.2761,48.2722],[15.2832,48.27],[15.2825,48.2741],[15.2947,48.2754],[15.2934,48.2715],[15.2984,48.272],[15.2935,48.2654],[15.2991,48.2586],[15.2906,48.254],[15.2848,48.2416],[15.2743,48.2407],[15.2623,48.2325],[15.2676,48.227]]],[[[15.3169,48.2204],[15.3312,48.2317],[15.3445,48.2352],[15.3468,48.2404],[15.3102,48.2233],[15.3169,48.2204]]]]},"properties":{"code":"AT1205000","name":"Wachau - Jauerling","country":"Austria","designation":"SPA","area_ha":21107.7}},{"type":"Feature","geometry":{"type":"MultiPolygon","coordinates":[[[[15.7614,48.6477],[15.7801,48.6556],[15.7769,48.6562],[15.7803,48.666],[15.7628,48.667],[15.7475,48.662],[15.7486,48.6552],[15.7614,48.6477]]],[[[15.2986,48.607],[15.2878,48.6171],[15.2796,48.6159],[15.2889,48.6154],[15.2817,48.6136],[15.2986,48.607]]],[[[15.6393,48.5556],[15.6423,48.5561],[15.6342,48.5565],[15.6393,48.5556]]],[[[15.6524,48.5191],[15.6524,48.5193],[15.652,48.5192],[15.6524,48.5191]]],[[[15.6076,48.5083],[15.6077,48.5087],[15.6066,48.5093],[15.6076,48.5083]]],[[[15.7297,48.4909],[15.7303,48.4913],[15.7309,48.4927],[15.7297,48.4909]]],[[[15.7289,48.4856],[15.7288,48.4857],[15.7286,48.4857],[15.7289,48.4856]]],[[[15.7282,48.4843],[15.7287,48.4854],[15.7285,48.4854],[15.7282,48.4843]]],[[[15.7282,48.4838],[15.729,48.4852],[15.7291,48.4871],[15.7282,48.4838]]],[[[15.7316,48.4766],[15.7316,48.4771],[15.7314,48.477],[15.7316,48.4766]]],[[[15.6495,48.4785],[15.6495,48.4791],[15.6486,48.4792],[15.6495,48.4785]]],[[[15.7348,48.4737],[15.7295,48.4837],[15.7312,48.498],[15.7428,48.4998],[15.7504,48.4954],[15.751,48.4874],[15.7553,48.4932],[15.766,48.4936],[15.7573,48.4933],[15.7434,48.5018],[15.7293,48.4986],[15.7289,48.4829],[15.7348,48.4737]]],[[[15.6086,48.4716],[15.6247,48.4821],[15.6498,48.4797],[15.6238,48.5012],[15.6004,48.5127],[15.5935,48.5223],[15.5709,48.5276],[15.5939,48.5208],[15.6002,48.512],[15.6421,48.4874],[15.647,48.4798],[15.6192,48.4806],[15.5966,48.4911],[15.6186,48.4795],[15.6046,48.473],[15.6086,48.4716]],[[15.6072,48.4722],[15.6064,48.4726],[15.6083,48.4724],[15.6072,48.4722]],[[15.6116,48.4729],[15.6112,48.473],[15.6121,48.4735],[15.6116,48.4729]],[[15.6111,48.473],[15.6101,48.4732],[15.6109,48.4735],[15.6111,48.473]],[[15.6092,48.5082],[15.6075,48.5098],[15.6088,48.5091],[15.6092,48.5082]]],[[[15.7803,48.4334],[15.7821,48.4364],[15.7728,48.4359],[15.7803,48.4334]]],[[[15.7447,48.4276],[15.7477,48.4275],[15.7478,48.4293],[15.7447,48.4276]],[[15.7469,48.428],[15.7453,48.4283],[15.7457,48.4291],[15.7469,48.428]]],[[[15.7295,48.4133],[15.7325,48.4153],[15.7303,48.417],[15.7295,48.4133]]],[[[15.7073,48.4125],[15.7162,48.4204],[15.7135,48.4321],[15.7233,48.4404],[15.7231,48.446],[15.7352,48.4423],[15.7341,48.436],[15.7424,48.4314],[15.7348,48.4281],[15.7383,48.4266],[15.7377,48.4151],[15.74,48.4227],[15.7481,48.4247],[15.7404,48.4279],[15.7514,48.4303],[15.7433,48.4328],[15.7423,48.438],[15.7481,48.4425],[15.7486,48.4521],[15.7566,48.4477],[15.7694,48.4489],[15.7636,48.4547],[15.7473,48.4532],[15.7402,48.4477],[15.7298,48.4551],[15.7264,48.4534],[15.7317,48.4515],[15.7252,48.4494],[15.7228,48.453],[15.7284,48.4583],[15.7211,48.4628],[15.7356,48.473],[15.7165,48.4607],[15.7145,48.4668],[15.6994,48.4751],[15.7021,48.4839],[15.7194,48.4841],[15.717,48.4783],[15.7247,48.4809],[15.7213,48.4879],[15.7126,48.4842],[15.7003,48.4873],[15.7097,48.4976],[15.6988,48.5],[15.7043,48.504],[15.6992,48.5114],[15.6935,48.5005],[15.7035,48.5229],[15.6965,48.5271],[15.7025,48.531],[15.6925,48.5293],[15.6974,48.5257],[15.6945,48.5234],[15.6828,48.5268],[15.6911,48.5297],[15.695,48.542],[15.7091,48.5452],[15.6749,48.5452],[15.6706,48.5495],[15.6947,48.5555],[15.6742,48.5553],[15.6723,48.5667],[15.6795,48.5654],[15.6775,48.5599],[15.6925,48.5628],[15.7017,48.5576],[15.7173,48.5616],[15.7108,48.5714],[15.7174,48.5738],[15.7198,48.5887],[15.7072,48.5915],[15.721,48.593],[15.7185,48.6009],[15.7223,48.6065],[15.7155,48.608],[15.7185,48.6119],[15.7153,48.617],[15.7218,48.6231],[15.7156,48.642],[15.6932,48.6367],[15.6896,48.641],[15.6972,48.6442],[15.6899,48.6471],[15.6969,48.6486],[15.6866,48.6536],[15.6885,48.6473],[15.6743,48.6541],[15.686,48.6584],[15.6845,48.6617],[15.6731,48.6606],[15.6727,48.6453],[15.6566,48.6525],[15.6341,48.6505],[15.6296,48.6629],[15.6218,48.6665],[15.6113,48.6661],[15.6117,48.6606],[15.606,48.6669],[15.5971,48.6634],[15.5882,48.6661],[15.5782,48.6637],[15.5735,48.6561],[15.559,48.6597],[15.5559,48.6647],[15.5537,48.6587],[15.5411,48.6588],[15.5509,48.654],[15.5406,48.6569],[15.5234,48.6451],[15.5104,48.6465],[15.5019,48.6383],[15.4984,48.6425],[15.4846,48.6405],[15.4736,48.6249],[15.4763,48.6214],[15.4359,48.6251],[15.4292,48.6303],[15.4228,48.6287],[15.4229,48.6182],[15.4137,48.6137],[15.3641,48.6159],[15.3621,48.5995],[15.3531,48.6045],[15.3406,48.6037],[15.3442,48.5916],[15.3502,48.5877],[15.3446,48.5805],[15.3573,48.5709],[15.3672,48.5758],[15.4204,48.5565],[15.4277,48.5595],[15.4234,48.5664],[15.4313,48.5768],[15.4394,48.5707],[15.4378,48.5664],[15.4484,48.5656],[15.4462,48.5575],[15.4553,48.5548],[15.4827,48.5671],[15.4865,48.5728],[15.4829,48.5804],[15.4729,48.5839],[15.4816,48.5947],[15.4785,48.6001],[15.4983,48.5922],[15.4934,48.5837],[15.5063,48.5771],[15.5019,48.5708],[15.5181,48.5662],[15.5237,48.5682],[15.5177,48.5736],[15.5203,48.5752],[15.5136,48.5759],[15.5153,48.5803],[15.5212,48.5856],[15.5315,48.5835],[15.5232,48.5988],[15.5358,48.6052],[15.5323,48.6051],[15.5328,48.6121],[15.5487,48.6155],[15.5504,48.6236],[15.5592,48.6193],[15.5575,48.6037],[15.5634,48.5989],[15.578,48.5986],[15.5798,48.6098],[15.5959,48.6082],[15.6087,48.5989],[15.5972,48.5943],[15.6073,48.5886],[15.6111,48.5774],[15.6059,48.5755],[15.6102,48.5717],[15.6204,48.5807],[15.6211,48.5724],[15.6327,48.5637],[15.6636,48.5616],[15.671,48.5562],[15.6618,48.5553],[15.688,48.5567],[15.6861,48.5524],[15.6693,48.5487],[15.6788,48.5424],[15.6924,48.5428],[15.6872,48.5406],[15.6881,48.5347],[15.6833,48.5401],[15.6536,48.5377],[15.6396,48.5469],[15.629,48.5476],[15.6292,48.5574],[15.6138,48.5697],[15.617,48.5752],[15.6142,48.5674],[15.6086,48.5694],[15.6181,48.5666],[15.6292,48.554],[15.6069,48.5442],[15.6264,48.5494],[15.6536,48.5363],[15.6827,48.5351],[15.6648,48.5267],[15.6687,48.5197],[15.6595,48.5207],[15.6587,48.5142],[15.6546,48.5199],[15.6427,48.5212],[15.6534,48.5193],[15.6652,48.5065],[15.6667,48.493],[15.6599,48.4931],[15.6956,48.4863],[15.6979,48.4746],[15.7071,48.4655],[15.7059,48.4602],[15.7207,48.4519],[15.7216,48.4406],[15.7131,48.4341],[15.7142,48.421],[15.7047,48.4159],[15.7073,48.4125]],[[15.7427,48.434],[15.7425,48.4361],[15.7441,48.4351],[15.7427,48.434]],[[15.7232,48.448],[15.722,48.4508],[15.7224,48.4516],[15.7232,48.448]],[[15.7144,48.4562],[15.713,48.4568],[15.7148,48.4575],[15.7144,48.4562]],[[15.7094,48.4597],[15.7081,48.4667],[15.7135,48.4627],[15.7094,48.4597]],[[15.6983,48.475],[15.6977,48.4759],[15.6988,48.476],[15.6983,48.475]],[[15.6978,48.476],[15.6973,48.4776],[15.6987,48.4776],[15.6978,48.476]],[[15.6581,48.5134],[15.6576,48.5137],[15.6584,48.5136],[15.6581,48.5134]],[[15.685,48.5341],[15.6838,48.5351],[15.6849,48.5347],[15.685,48.5341]]],[[[15.5573,48.3929],[15.5976,48.4129],[15.5982,48.4214],[15.6229,48.4211],[15.6383,48.4264],[15.6605,48.4243],[15.6652,48.4259],[15.6624,48.4296],[15.676,48.4291],[15.6833,48.4363],[15.7116,48.4435],[15.7151,48.4502],[15.6937,48.4656],[15.6986,48.4608],[15.6618,48.4506],[15.6853,48.4544],[15.6862,48.4513],[15.6947,48.4562],[15.7092,48.446],[15.6684,48.441],[15.6558,48.4365],[15.6522,48.4276],[15.6394,48.4295],[15.6433,48.4359],[15.6362,48.4358],[15.633,48.4298],[15.6133,48.4326],[15.6158,48.4276],[15.6072,48.424],[15.5959,48.4374],[15.6113,48.4374],[15.6045,48.4489],[15.5918,48.4557],[15.5808,48.4543],[15.5825,48.4494],[15.5733,48.4512],[15.5664,48.4554],[15.5658,48.4627],[15.5584,48.464],[15.5567,48.4534],[15.5446,48.4525],[15.5679,48.4488],[15.5773,48.4382],[15.5755,48.4329],[15.5681,48.4337],[15.5671,48.4275],[15.5943,48.4241],[15.5893,48.4172],[15.5759,48.4156],[15.5698,48.42],[15.5639,48.4128],[15.5664,48.404],[15.5573,48.3929]]]]},"properties":{"code":"AT1207000","name":"Kamp- und Kremstal","country":"Austria","designation":"SPA","area_ha":24280.3}},{"type":"Feature","geometry":{"type":"MultiPolygon","coordinates":[[[[15.9942,48.705],[16.0015,48.7085],[16.0123,48.7058],[16.0201,48.7127],[16.0524,48.7056],[16.0493,48.7187],[16.0535,48.7246],[16.1074,48.7159],[16.1083,48.7195],[16.1157,48.7184],[16.1144,48.722],[16.1268,48.7206],[16.1245,48.726],[16.1277,48.7227],[16.145,48.7255],[16.1512,48.7357],[16.161,48.7357],[16.1586,48.74],[16.1631,48.7448],[16.154,48.7488],[16.1499,48.7432],[16.1575,48.7389],[16.1381,48.7318],[16.1194,48.7385],[16.1232,48.7457],[16.1172,48.7482],[16.0973,48.7463],[16.0939,48.7379],[16.1065,48.734],[16.1099,48.7267],[16.101,48.729],[16.0994,48.7241],[16.0879,48.7245],[16.0796,48.7351],[16.0509,48.7399],[16.0399,48.7561],[16.0312,48.7548],[16.0261,48.749],[16.0279,48.7434],[16.0069,48.7486],[16.009,48.7533],[16.0022,48.7552],[16.0054,48.7646],[15.9646,48.7688],[15.9712,48.7816],[15.9675,48.7878],[15.9747,48.7852],[15.981,48.7891],[15.9696,48.7953],[15.9638,48.7951],[15.9666,48.7897],[15.9606,48.7842],[15.9297,48.7731],[15.9276,48.7629],[15.9196,48.7643],[15.9135,48.7591],[15.9169,48.7559],[15.9113,48.7537],[15.9217,48.7447],[15.9222,48.7365],[15.9336,48.7303],[15.9521,48.7325],[15.9477,48.7388],[15.9918,48.7309],[15.9905,48.7259],[15.9997,48.7248],[15.9986,48.7205],[15.9886,48.7217],[15.9879,48.7161],[15.969,48.7171],[15.9791,48.7067],[15.9942,48.705]],[[15.9524,48.7472],[15.9453,48.7704],[15.9687,48.7597],[15.9524,48.7472]]],[[[15.9299,48.6974],[15.9512,48.6998],[15.921,48.7223],[15.9018,48.7103],[15.8961,48.7011],[15.9299,48.6974]]],[[[15.8315,48.7018],[15.843,48.7079],[15.8549,48.7072],[15.8554,48.7121],[15.8825,48.705],[15.8909,48.7129],[15.8642,48.7205],[15.8765,48.7341],[15.8727,48.7358],[15.8562,48.7284],[15.857,48.7224],[15.8417,48.7207],[15.8409,48.7099],[15.8132,48.7091],[15.8315,48.7018]]],[[[15.9095,48.5371],[15.9232,48.5369],[15.9196,48.5518],[15.9149,48.5536],[15.9279,48.555],[15.9267,48.5626],[15.9488,48.5623],[15.9569,48.5654],[15.9477,48.5704],[15.9656,48.5722],[15.9547,48.5809],[15.9575,48.5827],[15.9516,48.5858],[15.9492,48.5956],[15.9511,48.6009],[15.9553,48.6001],[15.9535,48.6138],[15.9606,48.6181],[15.9525,48.6227],[15.9545,48.6305],[15.9323,48.6306],[15.9318,48.6386],[15.9231,48.6477],[15.9278,48.6488],[15.9239,48.6562],[15.9437,48.6516],[15.9419,48.6423],[15.9744,48.6357],[15.9817,48.6504],[15.9763,48.6517],[15.9797,48.656],[15.9679,48.6588],[15.9701,48.663],[15.9375,48.6675],[15.9409,48.6717],[15.9363,48.6721],[15.9374,48.6847],[15.9274,48.6849],[15.9276,48.6897],[15.9057,48.6917],[15.896,48.6977],[15.8652,48.6949],[15.8694,48.6839],[15.8526,48.6852],[15.8554,48.6761],[15.8499,48.6709],[15.8569,48.6591],[15.8521,48.649],[15.8692,48.6524],[15.8691,48.6425],[15.8492,48.6377],[15.8553,48.6302],[15.8513,48.6254],[15.835,48.6305],[15.8391,48.629],[15.8334,48.6281],[15.8372,48.6254],[15.8307,48.6274],[15.8283,48.6189],[15.8431,48.6116],[15.8512,48.6202],[15.859,48.6171],[15.8529,48.6149],[15.8535,48.61],[15.8674,48.6148],[15.8728,48.6121],[15.8709,48.6061],[15.8985,48.6003],[15.8939,48.5907],[15.8868,48.592],[15.8841,48.5878],[15.8864,48.5737],[15.8729,48.5758],[15.8679,48.569],[15.8768,48.5676],[15.8735,48.5581],[15.8879,48.5558],[15.9095,48.5371]],[[15.8904,48.66],[15.881,48.666],[15.869,48.6651],[15.867,48.6766],[15.8962,48.666],[15.8904,48.66]]]]},"properties":{"code":"AT1209000","name":"Westliches Weinviertel","country":"Austria","designation":"SPA","area_ha":16903.2}},{"type":"Feature","geometry":{"type":"Polygon","coordinates":[[[15.2331,45.4161],[15.2326,45.4153],[15.2336,45.4154],[15.2331,45.4161]]]},"properties":{"code":"HR2000030","name":"\u0110utno \u0161pilja","country":"Croatia","designation":"SAC","area_ha":0.8}},{"type":"Feature","geometry":{"type":"Polygon","coordinates":[[[15.3866,45.3142],[15.3861,45.3134],[15.3872,45.3136],[15.3866,45.3142]]]},"properties":{"code":"HR2000057","name":"Jazbina jama","country":"Croatia","designation":"SAC","area_ha":0.8}},{"type":"Feature","geometry":{"type":"Polygon","coordinates":[[[15.4651,45.6163],[15.4646,45.6155],[15.4656,45.6156],[15.4651,45.6163]]]},"properties":{"code":"HR2000094","name":"Ozaljska \u0161pilja","country":"Croatia","designation":"SAC","area_ha":0.8}},{"type":"Feature","geometry":{"type":"Polygon","coordinates":[[[15.6232,45.5729],[15.6065,45.5519],[15.6177,45.5551],[15.6308,45.5489],[15.6416,45.554],[15.6387,45.5647],[15.6275,45.566],[15.6232,45.5729]]]},"properties":{"code":"HR2000450","name":"Ribnjaci Dragani\u0107i","country":"Croatia","designation":"SAC","area_ha":391.0}},{"type":"Feature","geometry":{"type":"Polygon","coordinates":[[[15.3336,45.3846],[15.3331,45.3838],[15.3341,45.384],[15.3336,45.3846]]]},"properties":{"code":"HR2000108","name":"Vodote\u010dina","country":"Croatia","designation":"SAC","area_ha":0.8}},{"type":"Feature","geometry":{"type":"Polygon","coordinates":[[[15.7368,45.6341],[15.728,45.622],[15.7179,45.6223],[15.7165,45.6161],[15.7288,45.6025],[15.7251,45.5921],[15.7311,45.5879],[15.7491,45.6043],[15.7493,45.6092],[15.737,45.6148],[15.744,45.6239],[15.7395,45.6282],[15.7479,45.6313],[15.7368,45.6341]]]},"properties":{"code":"HR2000449","name":"Ribnjaci Crna Mlaka","country":"Croatia","designation":"SAC","area_ha":675.8}},{"type":"Feature","geometry":{"type":"Polygon","coordinates":[[[15.6427,45.5743],[15.6421,45.5646],[15.6463,45.5624],[15.6531,45.5691],[15.6427,45.5743]]]},"properties":{"code":"HR2000234","name":"Dragani\u0107ka \u0161uma - Je\u0161evica 1","country":"Croatia","designation":"SAC","area_ha":65.9}},{"type":"Feature","geometry":{"type":"Polygon","coordinates":[[[18.5088,45.6179],[18.5126,45.6097],[18.5321,45.6114],[18.5088,45.6179]]]},"properties":{"code":"HR2000573","name":"Petrijevci","country":"Croatia","designation":"SAC","area_ha":125.4}},{"type":"Feature","geometry":{"type":"Polygon","coordinates":[[[16.3591,45.5778],[16.3286,45.5929],[16.337,45.596],[16.3295,45.6062],[16.3202,45.609],[16.3248,45.6154],[16.3036,45.618],[16.3002,45.6115],[16.2861,45.6142],[16.2602,45.6342],[16.2656,45.6404],[16.2531,45.6404],[16.2542,45.6475],[16.2436,45.6542],[16.235,45.6476],[16.2082,45.6643],[16.1466,45.6662],[16.1503,45.6605],[16.145,45.6564],[16.1501,45.6462],[16.1461,45.6371],[16.1602,45.6266],[16.1541,45.6164],[16.1555,45.6049],[16.1772,45.6212],[16.1839,45.6188],[16.178,45.614],[16.1977,45.5998],[16.2062,45.606],[16.2278,45.6045],[16.243,45.5754],[16.2388,45.57],[16.3253,45.5071],[16.3583,45.5082],[16.3692,45.5122],[16.3756,45.5211],[16.3647,45.5257],[16.3735,45.5267],[16.3701,45.5286],[16.3762,45.5351],[16.3726,45.537],[16.3778,45.5434],[16.377,45.5662],[16.3653,45.5699],[16.3591,45.5778]],[[16.1807,45.6661],[16.1954,45.6659],[16.1901,45.6594],[16.1949,45.6537],[16.1866,45.6489],[16.1731,45.6564],[16.1801,45.6597],[16.1807,45.6661]]]},"properties":{"code":"HR2000415","name":"Odransko polje","country":"Croatia","designation":"SAC","area_ha":13739.2}},{"type":"Feature","geometry":{"type":"Polygon","coordinates":[[[15.5721,45.8534],[15.5596,45.8346],[15.5511,45.8456],[15.5384,45.8477],[15.5361,45.8293],[15.5208,45.8211],[15.5013,45.822],[15.5028,45.8284],[15.4926,45.8319],[15.479,45.8276],[15.4783,45.8194],[15.4657,45.8183],[15.4759,45.7981],[15.4697,45.7951],[15.4225,45.7963],[15.3994,45.7918],[15.3822,45.7792],[15.3748,45.7806],[15.3003,45.755],[15.2952,45.7485],[15.2743,45.7401],[15.2625,45.7272],[15.2383,45.7209],[15.2487,45.7183],[15.2579,45.6998],[15.2665,45.6936],[15.2634,45.6981],[15.2696,45.7072],[15.2812,45.7107],[15.288,45.7052],[15.2882,45.6924],[15.2997,45.686],[15.3024,45.6878],[15.2963,45.6898],[15.3008,45.6914],[15.2992,45.6972],[15.311,45.6976],[15.3057,45.6888],[15.3225,45.6737],[15.3259,45.6766],[15.3184,45.6949],[15.3326,45.702],[15.3397,45.7147],[15.357,45.714],[15.3573,45.6988],[15.3637,45.6986],[15.3646,45.693],[15.3602,45.6849],[15.35,45.6833],[15.3495,45.6695],[15.3541,45.6766],[15.3631,45.6781],[15.3693,45.6933],[15.3687,45.6854],[15.3916,45.6673],[15.3974,45.6516],[15.4468,45.6442],[15.4737,45.6583],[15.4621,45.6562],[15.4615,45.6686],[15.4465,45.6765],[15.4534,45.6805],[15.4454,45.6869],[15.4477,45.6936],[15.469,45.6942],[15.487,45.7033],[15.4975,45.6948],[15.536,45.7062],[15.5432,45.718],[15.5793,45.725],[15.5711,45.7478],[15.5742,45.7566],[15.6019,45.7258],[15.6362,45.7228],[15.7011,45.7282],[15.6987,45.7378],[15.7212,45.7429],[15.7093,45.7503],[15.673,45.7483],[15.6672,45.7529],[15.6538,45.7531],[15.6561,45.7636],[15.674,45.7772],[15.6694,45.7815],[15.6349,45.7828],[15.625,45.7887],[15.6223,45.7978],[15.5929,45.7888],[15.5728,45.7947],[15.5752,45.8072],[15.5848,45.8179],[15.5862,45.8327],[15.6114,45.8382],[15.5721,45.8534]],[[15.4204,45.7336],[15.4222,45.7329],[15.4209,45.7328],[15.4204,45.7336]],[[15.5852,45.8287],[15.5851,45.8276],[15.5839,45.8276],[15.5852,45.8287]]]},"properties":{"code":"HR2000586","name":"\u017dumberak Samoborsko gorje","country":"Croatia","designation":"SAC","area_ha":34236.1}},{"type":"Feature","geometry":{"type":"Polygon","coordinates":[[[16.0243,45.5731],[16.0235,45.5749],[16.0216,45.5744],[16.0243,45.5731]]]},"properties":{"code":"HR2000799","name":"Gornji Hru\u0161evec - potok Kravar\u0161\u010dica","country":"Croatia","designation":"SAC","area_ha":2.7}},{"type":"Feature","geometry":{"type":"Polygon","coordinates":[[[15.5636,45.4689],[15.557,45.4638],[15.497,45.4638],[15.4933,45.4549],[15.5047,45.4509],[15.4987,45.4283],[15.4768,45.4208],[15.4781,45.4087],[15.4365,45.4011],[15.4222,45.3785],[15.4114,45.3722],[15.409,45.3495],[15.4011,45.342],[15.4045,45.3316],[15.3883,45.3161],[15.3935,45.3051],[15.3943,45.2663],[15.4106,45.2568],[15.4143,45.2435],[15.4081,45.2232],[15.3749,45.217],[15.372,45.2238],[15.359,45.2282],[15.3598,45.2325],[15.3367,45.2432],[15.3346,45.2496],[15.3213,45.2488],[15.3337,45.2491],[15.3362,45.2426],[15.3589,45.232],[15.3578,45.2278],[15.3711,45.2232],[15.3742,45.2164],[15.3879,45.2178],[15.3923,45.2129],[15.3921,45.2182],[15.4114,45.2231],[15.4172,45.2389],[15.4129,45.2529],[15.42,45.2546],[15.424,45.2392],[15.4388,45.2291],[15.4313,45.2167],[15.4342,45.2051],[15.4272,45.1972],[15.4506,45.1802],[15.4546,45.167],[15.4522,45.1814],[15.4303,45.1986],[15.4359,45.2049],[15.4325,45.2136],[15.4411,45.2287],[15.4391,45.2341],[15.4264,45.2395],[15.4282,45.2441],[15.4216,45.256],[15.3969,45.2662],[15.398,45.3008],[15.393,45.3169],[15.408,45.3327],[15.4043,45.3427],[15.411,45.3485],[15.4118,45.363],[15.4172,45.3699],[15.4145,45.3728],[15.4239,45.3772],[15.4298,45.3907],[15.4377,45.3945],[15.4365,45.3985],[15.4492,45.4039],[15.4684,45.4022],[15.4798,45.4088],[15.4818,45.4193],[15.5002,45.4282],[15.507,45.4504],[15.4943,45.4555],[15.4975,45.4632],[15.5579,45.4633],[15.5653,45.4652],[15.5613,45.4665],[15.5636,45.4689]]]},"properties":{"code":"HR2000593","name":"Mre\u017enica - Tounj\u010dica","country":"Croatia","designation":"SAC","area_ha":1096.0}},{"type":"Feature","geometry":{"type":"Polygon","coordinates":[[[15.7465,45.9657],[15.7435,45.9626],[15.7485,45.9653],[15.7465,45.9657]]]},"properties":{"code":"HR2000670","name":"Cret Dubravica","country":"Croatia","designation":"SAC","area_ha":5.5}},{"type":"Feature","geometry":{"type":"Polygon","coordinates":[[[15.7437,45.6911],[15.7385,45.684],[15.7486,45.6837],[15.7437,45.6911]]]},"properties":{"code":"HR2000780","name":"Klin\u010da sela","country":"Croatia","designation":"SAC","area_ha":32.9}},{"type":"Feature","geometry":{"type":"Polygon","coordinates":[[[15.8359,45.5873],[15.8281,45.5847],[15.8322,45.5783],[15.8296,45.5726],[15.8384,45.561],[15.8599,45.5588],[15.8575,45.5681],[15.8412,45.5643],[15.8407,45.5685],[15.853,45.5748],[15.8371,45.5795],[15.8359,45.5873]]]},"properties":{"code":"HR2000451","name":"Ribnjaci Pisarovina","country":"Croatia","designation":"SAC","area_ha":389.9}},{"type":"Feature","geometry":{"type":"Polygon","coordinates":[[[14.7987,45.4921],[14.8179,45.4591],[14.8721,45.4653],[14.8767,45.4719],[14.9087,45.4761],[14.9155,45.4844],[14.9113,45.4878],[14.9229,45.4937],[14.9177,45.5096],[14.9235,45.5241],[14.9291,45.5242],[14.983,45.4905],[15.0081,45.4935],[15.0279,45.481],[15.0466,45.4839],[15.052,45.4907],[15.0653,45.4859],[15.0821,45.4752],[15.0815,45.4668],[15.0881,45.4612],[15.1073,45.4572],[15.1204,45.4448],[15.1351,45.4434],[15.1455,45.4286],[15.1652,45.4204],[15.1821,45.4218],[15.1911,45.4288],[15.2015,45.4243],[15.2244,45.4256],[15.2441,45.4527],[15.2732,45.4654],[15.3267,45.4519],[15.3447,45.455],[15.3609,45.4771],[15.3857,45.4842],[15.3872,45.4889],[15.3706,45.4986],[15.3627,45.4951],[15.3337,45.5103],[15.3262,45.5206],[15.3157,45.523],[15.3142,45.5324],[15.3039,45.5346],[15.2996,45.5846],[15.2775,45.6042],[15.2928,45.6121],[15.3026,45.6098],[15.3084,45.6134],[15.3021,45.6236],[15.3056,45.6316],[15.3508,45.6357],[15.3522,45.6402],[15.3437,45.6418],[15.3436,45.6456],[15.3688,45.645],[15.39,45.6373],[15.4135,45.6485],[15.4248,45.642],[15.4497,45.6389],[15.4545,45.6297],[15.4688,45.6247],[15.4621,45.6228],[15.4694,45.6148],[15.5021,45.6181],[15.5064,45.6266],[15.5133,45.6277],[15.5125,45.6201],[15.5048,45.6142],[15.5158,45.6075],[15.5246,45.611],[15.5363,45.6046],[15.5175,45.58],[15.5231,45.5735],[15.5177,45.5621],[15.5246,45.5552],[15.5239,45.5481],[15.5128,45.5471],[15.5224,45.5402],[15.5293,45.5446],[15.5392,45.5329],[15.5281,45.5287],[15.5248,45.5091],[15.5359,45.4954],[15.5436,45.4935],[15.5544,45.4979],[15.5552,45.5106],[15.566,45.5053],[15.5736,45.5072],[15.5768,45.4943],[15.5903,45.4916],[15.5961,45.4877],[15.5963,45.4813],[15.6063,45.4791],[15.656,45.4766],[15.6679,45.4798],[15.6869,45.4758],[15.6904,45.4784],[15.6821,45.4968],[15.6698,45.4976],[15.6783,45.5048],[15.6714,45.5123],[15.6897,45.5043],[15.7036,45.5098],[15.7173,45.5037],[15.7361,45.5168],[15.75,45.5037],[15.7671,45.51],[15.7831,45.5036],[15.7969,45.5126],[15.7849,45.5202],[15.814,45.5241],[15.8293,45.5423],[15.8509,45.5483],[15.8703,45.5435],[15.8651,45.5331],[15.8742,45.5261],[15.893,45.5306],[15.9063,45.5272],[15.9094,45.5234],[15.9039,45.5196],[15.9121,45.5201],[15.9202,45.5129],[15.9242,45.4987],[15.9158,45.487],[15.9256,45.4744],[15.9456,45.469],[15.963,45.4709],[15.9759,45.4648],[15.9948,45.4698],[16.0052,45.4836],[16.0468,45.4762],[16.0759,45.4485],[16.0791,45.4363],[16.1017,45.4257],[16.1246,45.4359],[16.1237,45.441],[16.1107,45.443],[16.1105,45.453],[16.0923,45.4653],[16.0952,45.47],[16.1147,45.479],[16.1103,45.4695],[16.1245,45.4731],[16.1236,45.4781],[16.1498,45.4731],[16.1425,45.4856],[16.1684,45.4837],[16.1771,45.4751],[16.186,45.4749],[16.1925,45.4842],[16.1916,45.4908],[16.2028,45.4963],[16.2027,45.5079],[16.2392,45.5015],[16.233,45.4832],[16.2393,45.4766],[16.2253,45.4792],[16.221,45.4759],[16.2224,45.4689],[16.2108,45.473],[16.1977,45.4662],[16.2096,45.4616],[16.2116,45.4567],[16.2019,45.4513],[16.2076,45.4477],[16.2172,45.4491],[16.2196,45.4548],[16.2419,45.4416],[16.2546,45.4485],[16.272,45.4434],[16.2796,45.454],[16.2743,45.4612],[16.3168,45.465],[16.3243,45.4599],[16.3335,45.4616],[16.3425,45.45],[16.356,45.4424],[16.3687,45.4483],[16.3654,45.4578],[16.3711,45.4627],[16.3521,45.4866],[16.3569,45.4925],[16.3681,45.4908],[16.3737,45.4768],[16.4013,45.4594],[16.3958,45.4678],[16.3737,45.4791],[16.3702,45.4915],[16.3533,45.4954],[16.3492,45.4872],[16.3612,45.4705],[16.3668,45.4508],[16.3634,45.4473],[16.3503,45.4474],[16.3259,45.4745],[16.3121,45.4646],[16.2712,45.462],[16.2772,45.4544],[16.2692,45.4457],[16.2522,45.4518],[16.2405,45.4431],[16.2273,45.4535],[16.2141,45.4551],[16.2049,45.4665],[16.2113,45.4713],[16.2241,45.4682],[16.225,45.4778],[16.241,45.4765],[16.2347,45.483],[16.2412,45.5018],[16.2031,45.5091],[16.1988,45.5079],[16.201,45.4972],[16.1904,45.4915],[16.1831,45.4792],[16.1422,45.4873],[16.1388,45.4842],[16.1486,45.4743],[16.1241,45.4792],[16.1202,45.4859],[16.1108,45.4835],[16.1144,45.4806],[16.1079,45.476],[16.0914,45.4754],[16.0854,45.4665],[16.1083,45.4534],[16.1093,45.4422],[16.1207,45.4353],[16.0973,45.4288],[16.0802,45.4369],[16.0771,45.4489],[16.0428,45.4852],[16.0115,45.4888],[15.9945,45.475],[15.9755,45.4701],[15.9266,45.4751],[15.9173,45.4871],[15.93,45.5017],[15.9255,45.5021],[15.921,45.5139],[15.9053,45.5299],[15.8738,45.5284],[15.8671,45.533],[15.8729,45.5397],[15.871,45.5445],[15.8509,45.5494],[15.8232,45.54],[15.8138,45.5253],[15.7844,45.5219],[15.7851,45.5161],[15.7948,45.5121],[15.7847,45.5055],[15.7764,45.505],[15.7667,45.5115],[15.751,45.5047],[15.7358,45.5181],[15.7167,45.5049],[15.6985,45.511],[15.6908,45.5052],[15.6716,45.5135],[15.6695,45.5109],[15.6763,45.5067],[15.6684,45.4976],[15.6794,45.4961],[15.6879,45.4782],[15.6079,45.48],[15.5971,45.4824],[15.5929,45.4917],[15.5784,45.4945],[15.5742,45.5078],[15.5538,45.5111],[15.554,45.5],[15.5431,45.4943],[15.536,45.4965],[15.5258,45.5097],[15.529,45.5282],[15.5393,45.5287],[15.5405,45.5327],[15.5189,45.5618],[15.53,45.5802],[15.5188,45.5801],[15.5245,45.5916],[15.5388,45.603],[15.5264,45.6116],[15.5172,45.6082],[15.5055,45.6147],[15.5169,45.6243],[15.514,45.6281],[15.5059,45.6273],[15.5022,45.6188],[15.4699,45.6153],[15.4668,45.6207],[15.4778,45.6239],[15.4751,45.628],[15.4547,45.6315],[15.4474,45.6447],[15.4145,45.6493],[15.3903,45.6376],[15.3709,45.646],[15.3437,45.646],[15.3424,45.6424],[15.3518,45.6376],[15.3051,45.6319],[15.3016,45.6232],[15.3077,45.6135],[15.2927,45.6126],[15.2772,45.6045],[15.2989,45.5841],[15.302,45.5356],[15.3139,45.5319],[15.3147,45.5235],[15.3257,45.5203],[15.3332,45.51],[15.3624,45.4948],[15.3707,45.4977],[15.3857,45.4888],[15.3589,45.4765],[15.3455,45.4563],[15.3272,45.4526],[15.2726,45.4659],[15.2437,45.4531],[15.2289,45.4373],[15.2259,45.4267],[15.2027,45.4266],[15.1939,45.4365],[15.181,45.4228],[15.1668,45.422],[15.1471,45.4311],[15.1386,45.4442],[15.1239,45.4468],[15.1045,45.4624],[15.0853,45.4676],[15.0859,45.4831],[15.0608,45.488],[15.0544,45.4943],[15.0275,45.4857],[15.0128,45.4973],[14.9876,45.4965],[14.9314,45.5293],[14.921,45.5276],[14.9133,45.5182],[14.9167,45.504],[14.9118,45.5012],[14.9156,45.4941],[14.9098,45.4788],[14.875,45.4722],[14.869,45.466],[14.8181,45.4594],[14.816,45.4716],[14.805,45.4789],[14.8054,45.4865],[14.7991,45.4918],[14.8036,45.4959],[14.7962,45.503],[14.789,45.5001],[14.7861,45.5068],[14.7681,45.5061],[14.7692,45.5121],[14.7592,45.5106],[14.7357,45.5298],[14.7208,45.5343],[14.7019,45.5332],[14.7025,45.527],[14.6984,45.5253],[14.703,45.5111],[14.7008,45.4973],[14.6888,45.491],[14.7034,45.4974],[14.7018,45.5327],[14.706,45.5348],[14.7353,45.5291],[14.7586,45.5106],[14.7689,45.5118],[14.7679,45.5059],[14.7855,45.5067],[14.7893,45.4998],[14.7955,45.5024],[14.8032,45.4956],[14.7987,45.4921]],[[15.1394,45.4417],[15.1374,45.4433],[15.1392,45.4431],[15.1394,45.4417]],[[15.0911,45.4618],[15.0899,45.4646],[15.0948,45.4632],[15.0911,45.4618]],[[14.8065,45.477],[14.8061,45.478],[14.8071,45.4774],[14.8065,45.477]],[[15.0834,45.4775],[15.0808,45.4824],[15.0859,45.4826],[15.0834,45.4775]],[[15.0761,45.4811],[15.0687,45.4839],[15.0695,45.4872],[15.0761,45.4811]],[[14.9172,45.4944],[14.9175,45.494],[14.9166,45.4939],[14.9172,45.4944]],[[15.0566,45.491],[15.0551,45.492],[15.0558,45.4923],[15.0566,45.491]],[[14.9881,45.4948],[14.9858,45.4956],[14.9867,45.4958],[14.9881,45.4948]],[[14.9909,45.4958],[14.9916,45.4957],[14.9896,45.4952],[14.9909,45.4958]],[[15.0146,45.4946],[15.0133,45.4958],[15.0142,45.4959],[15.0146,45.4946]],[[14.9147,45.5012],[14.9151,45.5002],[14.9135,45.5005],[14.9147,45.5012]],[[14.97,45.5067],[14.9691,45.5062],[14.9683,45.5076],[14.97,45.5067]],[[14.9138,45.511],[14.9145,45.5108],[14.9135,45.5103],[14.9138,45.511]],[[14.9168,45.5148],[14.9174,45.5148],[14.9173,45.5141],[14.9168,45.5148]],[[14.9478,45.5201],[14.9459,45.5207],[14.9465,45.521],[14.9478,45.5201]]]},"properties":{"code":"HR2000642","name":"Kupa","country":"Croatia","designation":"SAC","area_ha":5364.6}},{"type":"Feature","geometry":{"type":"Polygon","coordinates":[[[18.1426,45.5419],[18.137,45.5364],[18.1378,45.5291],[18.1559,45.5374],[18.1512,45.551],[18.159,45.5584],[18.18,45.566],[18.1875,45.5606],[18.2084,45.5582],[18.214,45.5738],[18.2005,45.5805],[18.1823,45.5816],[18.1665,45.5816],[18.1528,45.5756],[18.1452,45.552],[18.1311,45.5531],[18.13,45.5454],[18.1426,45.5419]]]},"properties":{"code":"HR2001086","name":"Brezni\u010dki ribnjak (Ribnjak Na\u0161ice)","country":"Croatia","designation":"SAC","area_ha":1408.8}},{"type":"Feature","geometry":{"type":"Polygon","coordinates":[[[15.9066,45.3228],[15.9043,45.3164],[15.9152,45.3162],[15.9066,45.3228]]]},"properties":{"code":"HR2001001","name":"Cret Blatu\u0161a","country":"Croatia","designation":"SAC","area_ha":42.1}},{"type":"Feature","geometry":{"type":"Polygon","coordinates":[[[16.1517,45.7012],[16.1541,45.6984],[16.1497,45.7016],[16.1455,45.6977],[16.1417,45.7],[16.1443,45.7059],[16.1426,45.6987],[16.1288,45.704],[16.1457,45.6976],[16.1517,45.7012]]]},"properties":{"code":"HR2001031","name":"Odra kod Jagodna","country":"Croatia","designation":"SAC","area_ha":6.4}},{"type":"Feature","geometry":{"type":"Polygon","coordinates":[[[18.094,45.6633],[18.0705,45.6545],[18.018,45.6562],[17.9886,45.6429],[18.0003,45.6332],[18.0002,45.6231],[18.0168,45.6273],[18.0223,45.6236],[18.0163,45.6216],[18.0172,45.6118],[18.0289,45.609],[18.044,45.6295],[18.0754,45.6188],[18.0682,45.6127],[18.0835,45.6069],[18.0787,45.6003],[18.101,45.5919],[18.0905,45.58],[18.0952,45.578],[18.0921,45.5752],[18.0996,45.5812],[18.1163,45.5792],[18.128,45.5958],[18.1526,45.5874],[18.1593,45.5784],[18.1823,45.5816],[18.2082,45.5777],[18.214,45.5738],[18.207,45.5547],[18.2114,45.5495],[18.2339,45.5544],[18.2493,45.5638],[18.2642,45.5586],[18.2844,45.571],[18.2847,45.5634],[18.3104,45.5533],[18.3371,45.5644],[18.332,45.5713],[18.3261,45.5687],[18.316,45.5739],[18.3089,45.5819],[18.3103,45.586],[18.2947,45.5854],[18.2964,45.5908],[18.2859,45.5916],[18.293,45.5958],[18.3132,45.5911],[18.3171,45.5939],[18.3131,45.5995],[18.327,45.6003],[18.331,45.6116],[18.3194,45.607],[18.3076,45.6183],[18.3097,45.6087],[18.3045,45.6063],[18.2969,45.6116],[18.2823,45.6081],[18.2864,45.6141],[18.2605,45.629],[18.2439,45.6285],[18.2322,45.6199],[18.1977,45.6151],[18.1899,45.6167],[18.1896,45.6215],[18.1795,45.6157],[18.146,45.6113],[18.101,45.6252],[18.1072,45.6359],[18.0935,45.6475],[18.094,45.6633]]]},"properties":{"code":"HR2001085","name":"Ribnjak Grudnjak s okolnim \u0161umskim kompleksom","country":"Croatia","designation":"SAC","area_ha":12432.1}},{"type":"Feature","geometry":{"type":"Polygon","coordinates":[[[15.7012,45.7742],[15.7007,45.7734],[15.7017,45.7736],[15.7012,45.7742]]]},"properties":{"code":"HR2001178","name":"Vugrinova \u0161pilja","country":"Croatia","designation":"SAC","area_ha":0.8}},{"type":"Feature","geometry":{"type":"Polygon","coordinates":[[[18.3932,45.6954],[18.3895,45.6947],[18.3918,45.6896],[18.397,45.6909],[18.3932,45.6954]]]},"properties":{"code":"HR2000730","name":"Bistrinci","country":"Croatia","designation":"SAC","area_ha":27.2}},{"type":"Feature","geometry":{"type":"Polygon","coordinates":[[[15.3569,45.6063],[15.3564,45.6055],[15.3575,45.6057],[15.3569,45.6063]]]},"properties":{"code":"HR2001162","name":"Pivnica","country":"Croatia","designation":"SAC","area_ha":0.8}},{"type":"Feature","geometry":{"type":"Polygon","coordinates":[[[16.0391,45.998],[16.0385,45.9972],[16.0396,45.9973],[16.0391,45.998]]]},"properties":{"code":"HR2001190","name":"\u017didovske jame","country":"Croatia","designation":"SAC","area_ha":0.8}},{"type":"Feature","geometry":{"type":"Polygon","coordinates":[[[15.5839,45.3093],[15.5828,45.2964],[15.6032,45.2944],[15.605,45.3015],[15.5972,45.3083],[15.5897,45.3051],[15.5839,45.3093]]]},"properties":{"code":"HR2001339","name":"Podru\u010dje oko Jopi\u0107a \u0161pilje","country":"Croatia","designation":"SAC","area_ha":223.3}},{"type":"Feature","geometry":{"type":"MultiPolygon","coordinates":[[[[16.0819,45.92],[16.0741,45.9167],[16.0851,45.9131],[16.0819,45.92]]],[[[16.0868,45.9061],[16.0816,45.905],[16.0796,45.8974],[16.0854,45.9013],[16.0937,45.8958],[16.0944,45.9008],[16.1044,45.8972],[16.1014,45.9036],[16.0891,45.9018],[16.0905,45.9059],[16.0868,45.9061]]]]},"properties":{"code":"HR2001298","name":"Vejalnica i Kr\u010d","country":"Croatia","designation":"SAC","area_ha":142.8}},{"type":"Feature","geometry":{"type":"Polygon","coordinates":[[[18.2054,45.7813],[18.1878,45.7872],[18.171,45.776],[18.1598,45.7799],[18.1583,45.7769],[18.1685,45.773],[18.1468,45.7634],[18.1329,45.7698],[18.1357,45.7597],[18.1404,45.759],[18.1678,45.7683],[18.1804,45.768],[18.1863,45.7591],[18.2312,45.7431],[18.2557,45.7411],[18.257,45.7337],[18.2724,45.7398],[18.2763,45.7516],[18.2924,45.7381],[18.294,45.7265],[18.3056,45.7308],[18.312,45.7268],[18.3248,45.7287],[18.3297,45.7162],[18.3438,45.7156],[18.3449,45.7078],[18.3557,45.7001],[18.3623,45.6989],[18.3568,45.7033],[18.3714,45.7082],[18.376,45.7026],[18.45,45.6778],[18.4489,45.6732],[18.4599,45.6675],[18.4776,45.6637],[18.4855,45.6666],[18.4886,45.6481],[18.4756,45.6359],[18.494,45.6434],[18.4907,45.6575],[18.5131,45.6545],[18.5127,45.641],[18.5051,45.6373],[18.5256,45.6292],[18.5316,45.6362],[18.5383,45.6334],[18.5324,45.6265],[18.5413,45.6186],[18.5399,45.6142],[18.5693,45.612],[18.5663,45.6067],[18.5827,45.5857],[18.5936,45.5815],[18.6024,45.5837],[18.5987,45.5764],[18.6034,45.5729],[18.6301,45.5743],[18.6217,45.5701],[18.6346,45.5652],[18.6413,45.5736],[18.6784,45.5627],[18.7087,45.5587],[18.7351,45.5621],[18.7495,45.5567],[18.7512,45.5607],[18.7659,45.5544],[18.7883,45.5729],[18.7943,45.5881],[18.7983,45.6095],[18.788,45.6088],[18.7976,45.6061],[18.7869,45.5955],[18.7561,45.6073],[18.7494,45.601],[18.7581,45.6018],[18.7468,45.5918],[18.7305,45.5958],[18.7273,45.6037],[18.7107,45.6015],[18.7117,45.6173],[18.702,45.6222],[18.6905,45.6123],[18.6878,45.6171],[18.6787,45.6098],[18.6807,45.6066],[18.6674,45.6098],[18.644,45.5956],[18.6339,45.5988],[18.6396,45.6105],[18.6373,45.6185],[18.615,45.623],[18.6006,45.6323],[18.5933,45.6274],[18.5876,45.6336],[18.5707,45.6384],[18.5584,45.6495],[18.5623,45.6533],[18.5524,45.6556],[18.5516,45.6589],[18.5597,45.6589],[18.5553,45.6685],[18.5608,45.6671],[18.5463,45.674],[18.5463,45.6839],[18.5508,45.6862],[18.5441,45.6841],[18.546,45.6742],[18.5398,45.6744],[18.5355,45.6849],[18.5214,45.6765],[18.5138,45.6913],[18.495,45.7035],[18.487,45.7148],[18.4767,45.717],[18.4686,45.7116],[18.4589,45.7217],[18.4459,45.7229],[18.4326,45.7188],[18.4293,45.7093],[18.4214,45.719],[18.4276,45.7319],[18.4211,45.7253],[18.4184,45.7317],[18.3949,45.7305],[18.3852,45.7352],[18.3771,45.7486],[18.3585,45.7521],[18.3573,45.7489],[18.3472,45.7556],[18.3383,45.747],[18.3332,45.7539],[18.2973,45.7607],[18.2759,45.7555],[18.2433,45.7611],[18.2302,45.7788],[18.2054,45.7813]],[[18.6761,45.5756],[18.6838,45.5782],[18.701,45.5702],[18.7075,45.5721],[18.7069,45.5678],[18.7147,45.5739],[18.7207,45.5645],[18.705,45.5613],[18.6912,45.5652],[18.6922,45.5693],[18.6868,45.5723],[18.6846,45.5661],[18.6612,45.5699],[18.6761,45.5756]]]},"properties":{"code":"HR2001308","name":"Donji tok Drave","country":"Croatia","designation":"SAC","area_ha":21099.3}},{"type":"Feature","geometry":{"type":"Polygon","coordinates":[[[15.6954,45.6519],[15.6754,45.6391],[15.6784,45.6104],[15.6548,45.6192],[15.6282,45.6173],[15.6294,45.6219],[15.624,45.6256],[15.628,45.6283],[15.6213,45.6325],[15.6175,45.6223],[15.625,45.6152],[15.6508,45.6155],[15.6892,45.6042],[15.6901,45.5985],[15.6757,45.6018],[15.6619,45.5969],[15.6514,45.6036],[15.646,45.5971],[15.6488,45.5889],[15.6962,45.5678],[15.7327,45.5633],[15.7395,45.579],[15.7246,45.5906],[15.7288,45.6023],[15.7164,45.6152],[15.7193,45.6204],[15.7129,45.6279],[15.7176,45.6446],[15.7098,45.6429],[15.7085,45.6507],[15.6954,45.6519]]]},"properties":{"code":"HR2001335","name":"Jastrebarski lugovi","country":"Croatia","designation":"SAC","area_ha":3792.0}},{"type":"Feature","geometry":{"type":"Polygon","coordinates":[[[15.98,45.5517],[15.9804,45.5506],[15.9826,45.5516],[15.98,45.5517]]]},"properties":{"code":"HR2001383","name":"Klasni\u0107i","country":"Croatia","designation":"SAC","area_ha":1.4}},{"type":"Feature","geometry":{"type":"Polygon","coordinates":[[[15.6393,45.432],[15.6411,45.4284],[15.6468,45.4294],[15.6393,45.432]]]},"properties":{"code":"HR2001381","name":"Vukmani\u0107 - cret","country":"Croatia","designation":"SAC","area_ha":14.5}},{"type":"Feature","geometry":{"type":"Polygon","coordinates":[[[15.2198,45.3869],[15.2154,45.3856],[15.2178,45.3817],[15.213,45.3729],[15.2006,45.3775],[15.2045,45.3728],[15.1976,45.3695],[15.1944,45.3598],[15.18,45.3546],[15.1935,45.3415],[15.1757,45.332],[15.1773,45.3104],[15.1834,45.3053],[15.1964,45.3063],[15.1974,45.3121],[15.2147,45.3025],[15.2062,45.3151],[15.2127,45.3165],[15.2177,45.3143],[15.2128,45.3113],[15.2168,45.3084],[15.2228,45.3082],[15.2181,45.3143],[15.2332,45.3067],[15.2399,45.3073],[15.2384,45.3125],[15.2479,45.3072],[15.2501,45.3119],[15.2426,45.3223],[15.2461,45.3177],[15.246,45.3233],[15.2574,45.3209],[15.251,45.3254],[15.2546,45.3296],[15.2489,45.3306],[15.2474,45.3259],[15.2388,45.333],[15.2445,45.335],[15.227,45.3517],[15.2467,45.3577],[15.2327,45.3683],[15.2351,45.3703],[15.2295,45.369],[15.2304,45.375],[15.2198,45.3869]]]},"properties":{"code":"HR2001340","name":"Podru\u010dje oko Ku\u0161trovke","country":"Croatia","designation":"SAC","area_ha":3248.5}},{"type":"Feature","geometry":{"type":"Polygon","coordinates":[[[15.5739,45.5034],[15.5672,45.5003],[15.5716,45.49],[15.5609,45.4884],[15.5573,45.4816],[15.5625,45.4775],[15.5672,45.4807],[15.5764,45.473],[15.5651,45.466],[15.5615,45.4599],[15.5661,45.4499],[15.5553,45.4429],[15.5675,45.439],[15.5615,45.4301],[15.5671,45.4237],[15.5832,45.4196],[15.5899,45.4253],[15.6036,45.4252],[15.6112,45.4087],[15.6101,45.398],[15.5121,45.3706],[15.5085,45.3674],[15.5107,45.3572],[15.4962,45.3606],[15.4911,45.3529],[15.4818,45.3497],[15.4914,45.3403],[15.5069,45.3384],[15.5183,45.3258],[15.5176,45.3203],[15.5034,45.3148],[15.4981,45.3065],[15.5203,45.3026],[15.5456,45.2793],[15.5399,45.2729],[15.5454,45.2656],[15.5427,45.2563],[15.5473,45.2463],[15.5386,45.24],[15.5396,45.2325],[15.5473,45.2284],[15.5252,45.2113],[15.5293,45.206],[15.526,45.1943],[15.5313,45.1851],[15.5276,45.1787],[15.542,45.1636],[15.5343,45.1434],[15.5421,45.1425],[15.5421,45.1354],[15.5565,45.1258],[15.5812,45.1204],[15.5572,45.1262],[15.5431,45.1356],[15.5427,45.1428],[15.5354,45.1434],[15.5431,45.1638],[15.5288,45.1788],[15.5323,45.1853],[15.527,45.1945],[15.5304,45.2062],[15.5264,45.2115],[15.5481,45.2282],[15.5408,45.2328],[15.5396,45.24],[15.5487,45.2472],[15.544,45.2575],[15.5467,45.2659],[15.5412,45.2732],[15.5468,45.2787],[15.521,45.303],[15.4989,45.3067],[15.504,45.314],[15.5184,45.3197],[15.5193,45.3263],[15.5077,45.3389],[15.4922,45.3409],[15.4827,45.3497],[15.4917,45.3523],[15.4971,45.36],[15.511,45.3563],[15.5123,45.3698],[15.611,45.3978],[15.6123,45.4087],[15.6044,45.4255],[15.5895,45.4259],[15.5833,45.4202],[15.568,45.4242],[15.5624,45.4302],[15.5684,45.4393],[15.5563,45.4437],[15.566,45.4478],[15.5627,45.4603],[15.5775,45.4732],[15.567,45.4819],[15.5624,45.4785],[15.5585,45.4817],[15.564,45.4888],[15.5726,45.4895],[15.5681,45.4996],[15.5739,45.5034]]]},"properties":{"code":"HR2001505","name":"Korana nizvodno od Slunja","country":"Croatia","designation":"SAC","area_ha":588.5}},{"type":"Feature","geometry":{"type":"Polygon","coordinates":[[[17.4713,45.9064],[17.4373,45.9003],[17.4713,45.9063],[17.5015,45.8954],[17.537,45.8757],[17.544,45.8673],[17.5536,45.8699],[17.5569,45.858],[17.5625,45.8601],[17.5678,45.8531],[17.6219,45.8393],[17.6247,45.8285],[17.6342,45.8273],[17.6219,45.8148],[17.6381,45.827],[17.6259,45.8293],[17.6297,45.8374],[17.6,45.8459],[17.6093,45.8535],[17.5957,45.8496],[17.5936,45.8547],[17.5992,45.8444],[17.5682,45.8532],[17.555,45.8703],[17.5441,45.868],[17.5175,45.8886],[17.4713,45.9064]]]},"properties":{"code":"HR2001006","name":"\u017dupanijski kanal (Gornje Bazje - Zidina)","country":"Croatia","designation":"SAC","area_ha":151.3}},{"type":"Feature","geometry":{"type":"Polygon","coordinates":[[[15.8459,45.8258],[15.8394,45.8242],[15.8413,45.823],[15.8459,45.8258]]]},"properties":{"code":"HR2001228","name":"Potok Dolje","country":"Croatia","designation":"SAC","area_ha":5.2}},{"type":"Feature","geometry":{"type":"MultiPolygon","coordinates":[[[[15.1571,45.4239],[15.1587,45.4162],[15.1718,45.4175],[15.1713,45.4117],[15.1842,45.4188],[15.1828,45.4222],[15.1693,45.4179],[15.1686,45.4216],[15.1571,45.4239]],[[15.1644,45.4179],[15.1656,45.4177],[15.1632,45.4172],[15.1644,45.4179]]],[[[15.1928,45.4259],[15.1833,45.4224],[15.1868,45.4145],[15.2066,45.4207],[15.1928,45.4259]],[[15.1929,45.4247],[15.194,45.4229],[15.1906,45.4233],[15.1929,45.4247]]]]},"properties":{"code":"HR2001333","name":"Kupa kod Severina","country":"Croatia","designation":"SAC","area_ha":259.8}},{"type":"Feature","geometry":{"type":"Polygon","coordinates":[[[15.6496,46.0929],[15.6491,46.0864],[15.6584,46.0821],[15.6598,46.0765],[15.6622,46.0868],[15.6496,46.0929]]]},"properties":{"code":"HR2001348","name":"Dolina Sutle kod Razvora","country":"Croatia","designation":"SAC","area_ha":96.2}},{"type":"Feature","geometry":{"type":"Polygon","coordinates":[[[15.6147,45.3063],[15.6052,45.3016],[15.6032,45.2943],[15.614,45.2939],[15.6167,45.2985],[15.6085,45.3031],[15.6147,45.3063]]]},"properties":{"code":"HR2001391","name":"Brebornica","country":"Croatia","designation":"SAC","area_ha":75.5}},{"type":"Feature","geometry":{"type":"Polygon","coordinates":[[[15.668,45.8415],[15.6494,45.8278],[15.6656,45.8411],[15.6738,45.8407],[15.668,45.8415]],[[15.819,45.8297],[15.7983,45.836],[15.7722,45.8351],[15.7491,45.8464],[15.7143,45.8426],[15.6952,45.8602],[15.678,45.8689],[15.7056,45.8514],[15.7113,45.8425],[15.7049,45.8451],[15.7076,45.8427],[15.7478,45.8452],[15.7706,45.8341],[15.7999,45.8344],[15.8214,45.8271],[15.8325,45.8141],[15.819,45.8297]],[[15.7021,45.8458],[15.6738,45.8406],[15.6941,45.8426],[15.7021,45.8458]]]},"properties":{"code":"HR2001506","name":"Sava uzvodno od Zagreba","country":"Croatia","designation":"SAC","area_ha":209.8}},{"type":"Feature","geometry":{"type":"Polygon","coordinates":[[[17.4947,45.9415],[17.4618,45.9455],[17.4628,45.9355],[17.4521,45.9211],[17.4614,45.9181],[17.4635,45.9259],[17.4716,45.9263],[17.4825,45.9231],[17.4806,45.9186],[17.4928,45.9206],[17.4959,45.914],[17.5234,45.9192],[17.5482,45.9132],[17.5324,45.8992],[17.5366,45.8929],[17.5958,45.8901],[17.6051,45.8765],[17.6225,45.8696],[17.618,45.8639],[17.6288,45.8573],[17.6225,45.8523],[17.6281,45.8465],[17.6233,45.8328],[17.6271,45.8274],[17.6672,45.8199],[17.6729,45.823],[17.669,45.8167],[17.7083,45.808],[17.746,45.8059],[17.7483,45.8],[17.7564,45.7974],[17.7581,45.7875],[17.7894,45.7876],[17.8173,45.7803],[17.819,45.7591],[17.8276,45.7555],[17.8815,45.7607],[17.8946,45.7661],[17.8925,45.7719],[17.9118,45.7789],[17.9313,45.7733],[17.9227,45.7681],[17.9276,45.7609],[17.9667,45.7756],[17.9832,45.7908],[17.9985,45.7895],[17.9964,45.7855],[18.0112,45.7699],[18.043,45.7614],[18.0656,45.7677],[18.096,45.7639],[18.1186,45.7774],[18.1219,45.7734],[18.1327,45.7739],[18.1329,45.7698],[18.1466,45.7634],[18.1686,45.773],[18.1583,45.7769],[18.1598,45.7799],[18.1503,45.7872],[18.1238,45.7894],[18.1067,45.7706],[18.082,45.7643],[18.0262,45.7775],[17.992,45.7955],[17.9731,45.789],[17.9535,45.7928],[17.9277,45.7859],[17.9008,45.7915],[17.872,45.7766],[17.8688,45.7679],[17.8621,45.7673],[17.8528,45.7757],[17.8525,45.7831],[17.8331,45.7916],[17.827,45.8089],[17.8077,45.804],[17.7777,45.8173],[17.7595,45.8117],[17.7431,45.8286],[17.7071,45.8316],[17.688,45.8388],[17.6724,45.8347],[17.6624,45.8381],[17.6511,45.8484],[17.648,45.8663],[17.6278,45.898],[17.5756,45.9334],[17.558,45.9382],[17.5292,45.9337],[17.4947,45.9415]]]},"properties":{"code":"HR5000015","name":"Srednji tok Drave","country":"Croatia","designation":"SAC","area_ha":13503.6}},{"type":"Feature","geometry":{"type":"MultiPolygon","coordinates":[[[[15.9667,45.9892],[15.9515,45.9878],[15.9418,45.9751],[15.9311,45.9773],[15.9168,45.9723],[15.9149,45.9507],[15.9101,45.9472],[15.9201,45.942],[15.8999,45.9384],[15.9087,45.9322],[15.9008,45.9166],[15.9083,45.9136],[15.8864,45.9097],[15.8834,45.8989],[15.8439,45.8673],[15.8308,45.8417],[15.835,45.8387],[15.8303,45.8394],[15.8351,45.8278],[15.8384,45.8302],[15.8431,45.8253],[15.8467,45.8329],[15.8616,45.8364],[15.8618,45.8328],[15.8678,45.833],[15.8756,45.8384],[15.875,45.832],[15.88,45.8402],[15.8868,45.8416],[15.9054,45.8376],[15.9089,45.842],[15.9195,45.8416],[15.9275,45.8535],[15.9551,45.8586],[15.9527,45.8626],[15.9674,45.8598],[15.9828,45.8632],[15.9788,45.8665],[15.9924,45.8678],[16.0063,45.8759],[16.008,45.8851],[16.0234,45.8927],[16.0259,45.9028],[16.0379,45.9094],[16.0445,45.9041],[16.0643,45.9081],[16.07,45.9034],[16.0741,45.9168],[16.0829,45.9217],[16.0797,45.9259],[16.0827,45.9301],[16.0952,45.9324],[16.1002,45.9273],[16.1169,45.9265],[16.112,45.9386],[16.0964,45.9469],[16.0956,45.9508],[16.1011,45.947],[16.0835,45.9619],[16.0865,45.9641],[16.038,45.9627],[16.0174,45.9746],[16.0073,45.9739],[16.0019,45.9802],[15.9942,45.9775],[15.9915,45.9889],[15.9667,45.9892]]],[[[16.1016,45.9469],[16.1013,45.947],[16.1015,45.9468],[16.1016,45.9469]]]]},"properties":{"code":"HR2000583","name":"Medvednica","country":"Croatia","designation":"SAC","area_ha":18532.8}},{"type":"Feature","geometry":{"type":"Polygon","coordinates":[[[15.8193,45.754],[15.8097,45.7523],[15.8025,45.7436],[15.8151,45.7259],[15.8239,45.7231],[15.8355,45.7285],[15.841,45.7238],[15.8536,45.7288],[15.8456,45.7344],[15.8488,45.7388],[15.8387,45.745],[15.836,45.7416],[15.8237,45.7445],[15.8289,45.7478],[15.8193,45.754]]]},"properties":{"code":"HR2000589","name":"Stupni\u010dki lug","country":"Croatia","designation":"SAC","area_ha":761.0}},{"type":"Feature","geometry":{"type":"Polygon","coordinates":[[[15.3924,45.6379],[15.3849,45.6375],[15.3979,45.6399],[15.3924,45.6379]]]},"properties":{"code":"HR2001372","name":"Podru\u010dje oko \u0161pilje Vrlovka","country":"Croatia","designation":"SAC","area_ha":5.1}},{"type":"Feature","geometry":{"type":"Polygon","coordinates":[[[15.4478,45.5164],[15.442,45.5128],[15.4502,45.5139],[15.4478,45.5164]]]},"properties":{"code":"HR2001390","name":"Brajakovo brdo","country":"Croatia","designation":"SAC","area_ha":11.1}},{"type":"Feature","geometry":{"type":"Polygon","coordinates":[[[17.4947,45.9415],[17.4618,45.9455],[17.4628,45.9355],[17.4521,45.9211],[17.4614,45.9181],[17.4635,45.9259],[17.4716,45.9263],[17.4825,45.9231],[17.4806,45.9186],[17.4928,45.9206],[17.4959,45.914],[17.5234,45.9192],[17.5482,45.9132],[17.5324,45.8992],[17.5366,45.8929],[17.5958,45.8901],[17.6051,45.8765],[17.6225,45.8696],[17.618,45.8639],[17.6288,45.8573],[17.6225,45.8523],[17.6281,45.8465],[17.6233,45.8328],[17.6271,45.8274],[17.6672,45.8199],[17.6729,45.823],[17.669,45.8167],[17.7083,45.808],[17.746,45.8059],[17.7483,45.8],[17.7564,45.7974],[17.7581,45.7875],[17.7894,45.7876],[17.8173,45.7803],[17.819,45.7591],[17.8276,45.7555],[17.8815,45.7607],[17.8946,45.7661],[17.8925,45.7719],[17.9118,45.7789],[17.9313,45.7733],[17.9227,45.7681],[17.9276,45.7609],[17.9667,45.7756],[17.9832,45.7908],[17.9985,45.7895],[17.9964,45.7855],[18.0112,45.7699],[18.043,45.7614],[18.0656,45.7677],[18.096,45.7639],[18.1186,45.7774],[18.1219,45.7734],[18.1327,45.7739],[18.1329,45.7698],[18.1466,45.7634],[18.1686,45.773],[18.1583,45.7769],[18.1598,45.7799],[18.1503,45.7872],[18.1238,45.7894],[18.1067,45.7706],[18.082,45.7643],[18.0262,45.7775],[17.992,45.7955],[17.9731,45.789],[17.9535,45.7928],[17.9277,45.7859],[17.9008,45.7915],[17.872,45.7766],[17.8688,45.7679],[17.8621,45.7673],[17.8528,45.7757],[17.8525,45.7831],[17.8331,45.7916],[17.827,45.8089],[17.8077,45.804],[17.7777,45.8173],[17.7595,45.8117],[17.7431,45.8286],[17.7071,45.8316],[17.688,45.8388],[17.6724,45.8347],[17.6624,45.8381],[17.6511,45.8484],[17.648,45.8663],[17.6278,45.898],[17.5756,45.9334],[17.558,45.9382],[17.5292,45.9337],[17.4947,45.9415]]]},"properties":{"code":"HR1000015","name":"Srednji tok Drave","country":"Croatia","designation":"SPA","area_ha":13503.6}},{"type":"Feature","geometry":{"type":"Polygon","coordinates":[[[15.775,45.6799],[15.7196,45.6655],[15.6745,45.6418],[15.6432,45.6126],[15.612,45.5637],[15.5933,45.5746],[15.5861,45.5654],[15.5842,45.5687],[15.56,45.5683],[15.5381,45.583],[15.5383,45.5908],[15.4965,45.607],[15.4897,45.6064],[15.4842,45.5806],[15.4949,45.5696],[15.5265,45.5571],[15.5466,45.5432],[15.5444,45.5368],[15.5497,45.536],[15.5554,45.5227],[15.5463,45.5139],[15.5558,45.5158],[15.5603,45.5033],[15.5666,45.4993],[15.5738,45.5035],[15.5768,45.4943],[15.5903,45.4916],[15.5961,45.4877],[15.5963,45.4813],[15.6076,45.4789],[15.6878,45.4762],[15.6904,45.4784],[15.682,45.4969],[15.6698,45.4976],[15.6783,45.5048],[15.672,45.5125],[15.6897,45.5043],[15.7036,45.5098],[15.7173,45.5037],[15.7361,45.5168],[15.75,45.5037],[15.7671,45.51],[15.7769,45.5036],[15.7864,45.5046],[15.7969,45.5126],[15.7849,45.5202],[15.8143,45.5242],[15.8227,45.5377],[15.8418,45.5473],[15.8601,45.547],[15.8921,45.5368],[15.8974,45.5458],[15.8914,45.5622],[15.8648,45.5655],[15.8593,45.5872],[15.8409,45.6132],[15.8233,45.6231],[15.8089,45.6453],[15.7837,45.6599],[15.7749,45.6716],[15.775,45.6799]]]},"properties":{"code":"HR1000001","name":"Pokupski bazen","country":"Croatia","designation":"SPA","area_ha":35092.6}},{"type":"Feature","geometry":{"type":"MultiPolygon","coordinates":[[[[15.8354,45.8028],[15.8282,45.8003],[15.8342,45.7915],[15.8329,45.7855],[15.8456,45.7922],[15.8354,45.8028]]],[[[16.1462,45.7897],[16.1263,45.7901],[16.119,45.7829],[16.1305,45.7792],[16.1412,45.7659],[16.1732,45.7484],[16.1997,45.7492],[16.2016,45.7544],[16.194,45.7615],[16.1866,45.7619],[16.1883,45.7654],[16.1736,45.7717],[16.171,45.7788],[16.1536,45.7776],[16.1462,45.7897]]]]},"properties":{"code":"HR1000002","name":"Sava kod Hru\u0161\u0107ice sa \u0161ljun\u010darom Rakitje","country":"Croatia","designation":"SPA","area_ha":1453.5}},{"type":"Feature","geometry":{"type":"Polygon","coordinates":[[[18.0162,45.621],[18.0172,45.6119],[18.0288,45.609],[18.044,45.6295],[18.0754,45.6188],[18.0682,45.6127],[18.0835,45.6069],[18.0787,45.6003],[18.101,45.5919],[18.0905,45.58],[18.0952,45.578],[18.0921,45.5752],[18.0996,45.5812],[18.1163,45.5792],[18.128,45.5958],[18.1598,45.5824],[18.1483,45.5698],[18.1452,45.552],[18.1311,45.5531],[18.13,45.5454],[18.1426,45.5418],[18.137,45.5364],[18.1378,45.5291],[18.1558,45.5373],[18.1512,45.551],[18.1708,45.5653],[18.2087,45.5582],[18.207,45.5547],[18.2129,45.5494],[18.2224,45.5549],[18.2341,45.5544],[18.2493,45.5638],[18.2642,45.5586],[18.2844,45.571],[18.2847,45.5634],[18.3104,45.5533],[18.3371,45.5644],[18.332,45.5713],[18.3261,45.5687],[18.316,45.5739],[18.3089,45.5819],[18.3103,45.586],[18.2947,45.5854],[18.2964,45.5908],[18.2859,45.5916],[18.293,45.5958],[18.3132,45.5911],[18.3171,45.5939],[18.3131,45.5995],[18.327,45.6003],[18.331,45.6116],[18.3194,45.607],[18.3076,45.6183],[18.3097,45.6087],[18.301,45.606],[18.2969,45.6116],[18.2823,45.6081],[18.2864,45.6141],[18.2605,45.629],[18.2439,45.6285],[18.2322,45.6199],[18.1977,45.6151],[18.1899,45.6167],[18.1896,45.6215],[18.1554,45.6115],[18.1069,45.621],[18.1009,45.6255],[18.1072,45.6359],[18.0935,45.6475],[18.0943,45.6753],[18.0989,45.6789],[18.0897,45.6842],[18.0799,45.6804],[18.0418,45.6861],[18.0449,45.6988],[18.031,45.7014],[18.0477,45.7136],[18.0438,45.7151],[18.0462,45.7247],[18.0218,45.7363],[17.9678,45.7361],[17.9662,45.7452],[17.9388,45.7419],[17.9389,45.7465],[17.9196,45.749],[17.9223,45.7311],[17.9022,45.7284],[17.8884,45.7145],[17.8985,45.7175],[17.9113,45.7084],[17.9273,45.7152],[17.9632,45.7176],[17.9685,45.7106],[17.963,45.699],[17.9702,45.6993],[17.9723,45.6827],[17.9845,45.6874],[17.9834,45.6811],[18.0018,45.6817],[18.0088,45.6741],[17.9988,45.6754],[18.0007,45.6675],[18.0066,45.6683],[18.0062,45.6507],[17.9886,45.6429],[18.0003,45.6332],[18.0002,45.6231],[18.0168,45.6273],[18.0223,45.6236],[18.0162,45.621]]]},"properties":{"code":"HR1000011","name":"Ribnjaci Grudnjak i Na\u0161ice","country":"Croatia","designation":"SPA","area_ha":20767.4}},{"type":"Feature","geometry":{"type":"Polygon","coordinates":[[[16.1774,45.7085],[16.1847,45.6674],[16.149,45.6687],[16.1463,45.6649],[16.1503,45.6605],[16.145,45.6564],[16.1501,45.6462],[16.1461,45.6371],[16.1602,45.6266],[16.1541,45.6164],[16.1555,45.6049],[16.1772,45.6212],[16.1839,45.6188],[16.178,45.614],[16.1977,45.5998],[16.2062,45.606],[16.2278,45.6045],[16.243,45.5754],[16.2388,45.57],[16.3253,45.5071],[16.3692,45.5122],[16.3756,45.5212],[16.3647,45.5257],[16.3786,45.526],[16.3785,45.5342],[16.3922,45.5411],[16.3911,45.5541],[16.4088,45.5579],[16.4086,45.5617],[16.3847,45.5658],[16.3782,45.5833],[16.3485,45.5907],[16.3457,45.5998],[16.3605,45.6003],[16.3508,45.6138],[16.3527,45.621],[16.3312,45.6161],[16.3438,45.6455],[16.3236,45.6444],[16.2993,45.6345],[16.2932,45.6385],[16.2919,45.6499],[16.2847,45.6596],[16.2884,45.6714],[16.2472,45.667],[16.2468,45.6872],[16.2118,45.7019],[16.1774,45.7085]]]},"properties":{"code":"HR1000003","name":"Turopolje","country":"Croatia","designation":"SPA","area_ha":20002.9}},{"type":"Feature","geometry":{"type":"Polygon","coordinates":[[[13.9509,49.8015],[13.956,49.8025],[13.9499,49.8024],[13.9509,49.8015]]]},"properties":{"code":"CZ0210044","name":"Na hor\u00e1ch","country":"Czech Republic","designation":"SAC","area_ha":4.9}},{"type":"Feature","geometry":{"type":"Polygon","coordinates":[[[13.9079,49.9987],[13.915,50.0013],[13.9057,50.0006],[13.9079,49.9987]]]},"properties":{"code":"CZ0210023","name":"Pust\u00e1 se\u010d","country":"Czech Republic","designation":"SAC","area_ha":6.9}},{"type":"Feature","geometry":{"type":"MultiPolygon","coordinates":[[[[13.767,49.5762],[13.7651,49.5832],[13.7629,49.5816],[13.767,49.5762]]],[[[13.7688,49.5603],[13.771,49.5653],[13.7793,49.5626],[13.7851,49.5669],[13.7805,49.5689],[13.7803,49.5918],[13.7771,49.5686],[13.7631,49.5623],[13.7688,49.5603]]]]},"properties":{"code":"CZ0210047","name":"T\u0159em\u0161\u00edn a H\u0159ebence","country":"Czech Republic","designation":"SAC","area_ha":168.0}},{"type":"Feature","geometry":{"type":"MultiPolygon","coordinates":[[[[13.7717,49.6196],[13.7744,49.6198],[13.7716,49.6208],[13.7717,49.6196]]],[[[13.7581,49.6192],[13.7599,49.6237],[13.7543,49.6287],[13.7408,49.622],[13.7569,49.6243],[13.7581,49.6192]]]]},"properties":{"code":"CZ0210062","name":"Tesl\u00edny","country":"Czech Republic","designation":"SAC","area_ha":41.6}},{"type":"Feature","geometry":{"type":"Polygon","coordinates":[[[13.7002,49.659],[13.7065,49.6607],[13.7014,49.6631],[13.7002,49.659]]]},"properties":{"code":"CZ0210056","name":"Trokaveck\u00e9 louky","country":"Czech Republic","designation":"SAC","area_ha":11.1}},{"type":"Feature","geometry":{"type":"Polygon","coordinates":[[[14.0467,49.8617],[14.0619,49.862],[14.0384,49.8667],[14.0521,49.8696],[14.0448,49.8748],[14.0109,49.874],[14.0467,49.8617]]]},"properties":{"code":"CZ0210010","name":"Housina","country":"Czech Republic","designation":"SAC","area_ha":211.5}},{"type":"Feature","geometry":{"type":"Polygon","coordinates":[[[13.7807,49.5247],[13.7817,49.5271],[13.7798,49.5269],[13.7807,49.5247]]]},"properties":{"code":"CZ0212001","name":"B\u0159ezinsk\u00fd rybn\u00edk","country":"Czech Republic","designation":"SAC","area_ha":4.1}},{"type":"Feature","geometry":{"type":"MultiPolygon","coordinates":[[[[14.111,49.8097],[14.1373,49.8356],[14.1251,49.8309],[14.1064,49.813],[14.111,49.8097]]],[[[14.0906,49.8011],[14.1031,49.8067],[14.1058,49.8099],[14.0906,49.8011]]],[[[14.0651,49.7815],[14.0852,49.7889],[14.0803,49.7895],[14.0651,49.7815]]]]},"properties":{"code":"CZ0210043","name":"Hradec a Kuchy\u0148ka","country":"Czech Republic","designation":"SAC","area_ha":151.7}},{"type":"Feature","geometry":{"type":"MultiPolygon","coordinates":[[[[13.8812,49.7093],[13.8795,49.7179],[13.87,49.7161],[13.8732,49.7104],[13.8812,49.7093]]],[[[13.8799,49.6934],[13.884,49.6946],[13.8833,49.7013],[13.8946,49.7014],[13.895,49.7075],[13.8789,49.7022],[13.8799,49.6934]]]]},"properties":{"code":"CZ0210054","name":"Tok","country":"Czech Republic","designation":"SAC","area_ha":156.6}},{"type":"Feature","geometry":{"type":"Polygon","coordinates":[[[13.7906,49.9967],[13.7941,49.9986],[13.7905,49.998],[13.7906,49.9967]]]},"properties":{"code":"CZ0210704","name":"\u010certova sk\u00e1la","country":"Czech Republic","designation":"SAC","area_ha":3.9}},{"type":"Feature","geometry":{"type":"Polygon","coordinates":[[[13.8857,50.0079],[13.8906,50.0149],[13.9023,50.0173],[13.8968,50.0264],[13.8944,50.0196],[13.8858,50.0155],[13.876,50.0186],[13.8758,50.0137],[13.8857,50.0079]]]},"properties":{"code":"CZ0210708","name":"St\u0159\u00edbrn\u00fd luh","country":"Czech Republic","designation":"SAC","area_ha":105.1}},{"type":"Feature","geometry":{"type":"Polygon","coordinates":[[[14.0138,49.9077],[14.0187,49.9088],[14.0171,49.912],[14.0103,49.9092],[14.0138,49.9077]]]},"properties":{"code":"CZ0210011","name":"Loun\u00edn","country":"Czech Republic","designation":"SAC","area_ha":19.0}},{"type":"Feature","geometry":{"type":"Polygon","coordinates":[[[13.8213,50.1995],[13.826,50.2036],[13.817,50.2075],[13.8397,50.2134],[13.8135,50.2146],[13.8283,50.2224],[13.8059,50.2136],[13.8295,50.2113],[13.8012,50.2055],[13.8213,50.1995]]]},"properties":{"code":"CZ0210105","name":"Kalivodsk\u00e9 bu\u010diny","country":"Czech Republic","designation":"SAC","area_ha":182.0}},{"type":"Feature","geometry":{"type":"Polygon","coordinates":[[[13.8767,50.022],[13.8846,50.0256],[13.8679,50.0316],[13.8767,50.022]]]},"properties":{"code":"CZ0213065","name":"Na Bab\u011b","country":"Czech Republic","designation":"SAC","area_ha":29.2}},{"type":"Feature","geometry":{"type":"Polygon","coordinates":[[[13.8108,49.9292],[13.8177,49.9352],[13.8198,49.9472],[13.8451,49.9628],[13.8137,49.9733],[13.814,49.9847],[13.8237,49.987],[13.8214,49.9936],[13.8362,50.0077],[13.8338,50.0119],[13.8171,50.0011],[13.7884,49.9945],[13.7924,49.9799],[13.7863,49.9716],[13.7764,49.9686],[13.7921,49.9624],[13.7932,49.954],[13.8105,49.9572],[13.8194,49.9494],[13.8309,49.9541],[13.8197,49.9472],[13.8176,49.9352],[13.8108,49.9292]],[[13.8405,49.9581],[13.8284,49.9622],[13.8449,49.9636],[13.8405,49.9581]]]},"properties":{"code":"CZ0214011","name":"T\u00fd\u0159ov - Oupo\u0159sk\u00fd potok","country":"Czech Republic","designation":"SAC","area_ha":1341.5}},{"type":"Feature","geometry":{"type":"MultiPolygon","coordinates":[[[[13.7326,49.6399],[13.7428,49.6422],[13.737,49.6447],[13.7416,49.6598],[13.731,49.6589],[13.7354,49.6523],[13.7246,49.6445],[13.7326,49.6399]]],[[[13.7629,49.6326],[13.7827,49.6387],[13.7768,49.6426],[13.783,49.6472],[13.764,49.6546],[13.7667,49.6587],[13.7803,49.6556],[13.7867,49.6601],[13.7802,49.6642],[13.7792,49.6744],[13.765,49.6758],[13.7732,49.69],[13.7916,49.7047],[13.7726,49.6904],[13.7631,49.6761],[13.7565,49.676],[13.7652,49.6651],[13.7616,49.6613],[13.7532,49.6637],[13.7502,49.6592],[13.757,49.653],[13.755,49.6404],[13.7629,49.6326]]]]},"properties":{"code":"CZ0214042","name":"Padr\u0165sko","country":"Czech Republic","designation":"SAC","area_ha":830.0}},{"type":"Feature","geometry":{"type":"Polygon","coordinates":[[[13.9028,49.7393],[13.9112,49.7434],[13.9058,49.7512],[13.8986,49.7469],[13.9028,49.7393]]]},"properties":{"code":"CZ0214047","name":"Brda","country":"Czech Republic","designation":"SAC","area_ha":66.3}},{"type":"Feature","geometry":{"type":"Polygon","coordinates":[[[15.1478,49.0277],[15.1599,49.0285],[15.1572,49.0319],[15.1622,49.0328],[15.1415,49.0332],[15.1478,49.0277]]]},"properties":{"code":"CZ0310074","name":"Osika","country":"Czech Republic","designation":"SAC","area_ha":67.4}},{"type":"Feature","geometry":{"type":"Polygon","coordinates":[[[14.0997,49.9055],[14.1033,49.907],[14.0703,49.918],[14.0633,49.9138],[14.0997,49.9055]]]},"properties":{"code":"CZ0214003","name":"Zlat\u00fd k\u016f\u0148","country":"Czech Republic","designation":"SAC","area_ha":105.7}},{"type":"Feature","geometry":{"type":"MultiPolygon","coordinates":[[[[13.8762,50.1136],[13.8745,50.1173],[13.8786,50.1192],[13.8711,50.1189],[13.8762,50.1136]]],[[[13.9444,50.0562],[13.9542,50.0561],[13.9629,50.0639],[13.9661,50.0736],[13.9604,50.0803],[13.9654,50.0971],[13.9366,50.1035],[13.9078,50.1232],[13.8854,50.1043],[13.8746,50.1074],[13.8762,50.1135],[13.8712,50.1108],[13.8821,50.104],[13.869,50.0914],[13.9091,50.0675],[13.9349,50.0648],[13.9338,50.0587],[13.9444,50.0562]]]]},"properties":{"code":"CZ0214008","name":"L\u00e1nsk\u00e1 obora","country":"Czech Republic","designation":"SAC","area_ha":3002.3}},{"type":"Feature","geometry":{"type":"Polygon","coordinates":[[[13.8406,50.1395],[13.8447,50.1408],[13.8173,50.1496],[13.8406,50.1395]]]},"properties":{"code":"CZ0214045","name":"Prameny Kl\u00ed\u010davy","country":"Czech Republic","designation":"SAC","area_ha":62.7}},{"type":"Feature","geometry":{"type":"Polygon","coordinates":[[[14.8839,48.8087],[14.8994,48.8177],[14.8846,48.827],[14.889,48.829],[14.8782,48.8428],[14.8716,48.8263],[14.8779,48.8269],[14.8712,48.8186],[14.8839,48.8087]]]},"properties":{"code":"CZ0310605","name":"\u017dofinka","country":"Czech Republic","designation":"SAC","area_ha":338.1}},{"type":"Feature","geometry":{"type":"Polygon","coordinates":[[[13.7628,49.588],[13.795,49.5947],[13.8035,49.5908],[13.8175,49.6024],[13.8394,49.6071],[13.853,49.6065],[13.8597,49.6016],[13.8637,49.6044],[13.8415,49.606],[13.8476,49.6191],[13.8457,49.6265],[13.8274,49.6421],[13.8438,49.631],[13.8476,49.6191],[13.8414,49.615],[13.842,49.6072],[13.8172,49.6043],[13.8123,49.6095],[13.805,49.6083],[13.8041,49.6031],[13.8095,49.6064],[13.8127,49.6016],[13.8045,49.6026],[13.8074,49.5986],[13.7978,49.5995],[13.8,49.5949],[13.7628,49.588]],[[13.8069,49.5959],[13.8081,49.5972],[13.8098,49.5969],[13.8069,49.5959]]]},"properties":{"code":"CZ0214041","name":"Niva Kotelsk\u00e9ho potoka","country":"Czech Republic","designation":"SAC","area_ha":186.9}},{"type":"Feature","geometry":{"type":"Polygon","coordinates":[[[14.9906,48.8974],[14.9901,48.9152],[14.978,48.9135],[14.9817,48.9097],[14.9784,48.9075],[14.9904,48.9041],[14.9906,48.8974]]]},"properties":{"code":"CZ0310611","name":"\u0160irok\u00e9 blato","country":"Czech Republic","designation":"SAC","area_ha":95.6}},{"type":"Feature","geometry":{"type":"Polygon","coordinates":[[[15.1979,48.9604],[15.1971,48.9649],[15.1934,48.965],[15.1979,48.9604]]]},"properties":{"code":"CZ0310070","name":"Had\u00ed vrch","country":"Czech Republic","designation":"SAC","area_ha":12.1}},{"type":"Feature","geometry":{"type":"Polygon","coordinates":[[[13.6306,49.5551],[13.6422,49.5585],[13.6303,49.5608],[13.6272,49.5584],[13.6306,49.5551]]]},"properties":{"code":"CZ0320013","name":"Prameni\u0161t\u011b P\u0159e\u0161\u00ednsk\u00e9ho potoka","country":"Czech Republic","designation":"SAC","area_ha":43.8}},{"type":"Feature","geometry":{"type":"Polygon","coordinates":[[[13.5628,49.5216],[13.5744,49.527],[13.5804,49.5249],[13.5825,49.5304],[13.5904,49.5291],[13.5816,49.5414],[13.5749,49.5427],[13.5519,49.5411],[13.5472,49.5339],[13.536,49.5295],[13.554,49.5274],[13.5553,49.5336],[13.5849,49.5355],[13.573,49.5275],[13.5619,49.5278],[13.559,49.5221],[13.5628,49.5216]]]},"properties":{"code":"CZ0320140","name":"Chejlava","country":"Czech Republic","designation":"SAC","area_ha":375.1}},{"type":"Feature","geometry":{"type":"Polygon","coordinates":[[[13.7036,49.5525],[13.7138,49.5563],[13.6971,49.562],[13.6794,49.5581],[13.6834,49.5542],[13.7065,49.5548],[13.7036,49.5525]]]},"properties":{"code":"CZ0320005","name":"V \u00dali\u010dk\u00e1ch","country":"Czech Republic","designation":"SAC","area_ha":133.3}},{"type":"Feature","geometry":{"type":"Polygon","coordinates":[[[13.7415,49.9095],[13.7485,49.9127],[13.7785,49.9094],[13.7879,49.9134],[13.7889,49.9216],[13.7831,49.9245],[13.7902,49.9294],[13.7877,49.9372],[13.7736,49.9403],[13.7537,49.9536],[13.7477,49.9502],[13.745,49.9426],[13.7376,49.9392],[13.749,49.9318],[13.7357,49.9208],[13.7348,49.9111],[13.7415,49.9095]]]},"properties":{"code":"CZ0320053","name":"Kohoutov","country":"Czech Republic","designation":"SAC","area_ha":1262.9}},{"type":"Feature","geometry":{"type":"Polygon","coordinates":[[[13.6364,49.9213],[13.6385,49.929],[13.6504,49.9296],[13.6637,49.946],[13.6593,49.9449],[13.6596,49.9488],[13.6502,49.9343],[13.6348,49.9313],[13.6328,49.9241],[13.6364,49.9213]]]},"properties":{"code":"CZ0320029","name":"Chlumsk\u00e1 str\u00e1\u0148","country":"Czech Republic","designation":"SAC","area_ha":115.0}},{"type":"Feature","geometry":{"type":"Polygon","coordinates":[[[13.4452,49.7709],[13.4515,49.7729],[13.4495,49.778],[13.459,49.7901],[13.4427,49.7805],[13.4448,49.7744],[13.4318,49.7785],[13.4389,49.7876],[13.4285,49.7782],[13.4452,49.7709]]]},"properties":{"code":"CZ0323159","name":"Plze\u0148 - Z\u00e1b\u011bl\u00e1","country":"Czech Republic","designation":"SAC","area_ha":114.7}},{"type":"Feature","geometry":{"type":"Polygon","coordinates":[[[15.184,48.9593],[15.1934,48.9648],[15.1815,48.9655],[15.1792,48.9625],[15.184,48.9593]]]},"properties":{"code":"CZ0314640","name":"Rybn\u00edk Walden","country":"Czech Republic","designation":"SAC","area_ha":34.9}},{"type":"Feature","geometry":{"type":"MultiPolygon","coordinates":[[[[13.2616,49.4886],[13.2651,49.489],[13.2635,49.4971],[13.2571,49.4913],[13.2616,49.4886]]],[[[13.2401,49.467],[13.2573,49.4814],[13.2358,49.4804],[13.2295,49.4741],[13.2401,49.467]]],[[[13.199,49.4448],[13.2091,49.4455],[13.2074,49.4501],[13.2161,49.4512],[13.2218,49.4582],[13.2316,49.4581],[13.2331,49.4629],[13.2112,49.4665],[13.2038,49.4581],[13.1947,49.4568],[13.1982,49.4542],[13.1927,49.4482],[13.199,49.4448]]],[[[13.1942,49.43],[13.213,49.4344],[13.2178,49.4411],[13.1965,49.4406],[13.1942,49.43]]]]},"properties":{"code":"CZ0320022","name":"\u0160vihovsk\u00e9 hvozdy","country":"Czech Republic","designation":"SAC","area_ha":724.2}},{"type":"Feature","geometry":{"type":"Polygon","coordinates":[[[13.5453,49.9011],[13.5504,49.9101],[13.5361,49.9091],[13.5292,49.9133],[13.5384,49.9186],[13.5538,49.9184],[13.5532,49.9242],[13.5595,49.9293],[13.5846,49.9195],[13.6068,49.9268],[13.6067,49.9304],[13.591,49.9337],[13.5876,49.9476],[13.6095,49.9474],[13.6303,49.9333],[13.6444,49.9321],[13.6505,49.9347],[13.6619,49.9558],[13.6805,49.9624],[13.6939,49.9586],[13.6806,49.9631],[13.667,49.9592],[13.6445,49.9326],[13.6286,49.9348],[13.6103,49.9476],[13.5875,49.9481],[13.5906,49.9329],[13.6068,49.9275],[13.5851,49.9199],[13.5597,49.93],[13.5528,49.9246],[13.5536,49.9189],[13.538,49.919],[13.5288,49.9134],[13.5359,49.9088],[13.5501,49.9099],[13.5453,49.9011]],[[13.6352,49.9328],[13.6348,49.9329],[13.6372,49.9329],[13.6352,49.9328]],[[13.5889,49.9374],[13.5886,49.9389],[13.5892,49.938],[13.5889,49.9374]]]},"properties":{"code":"CZ0323142","name":"Berounka","country":"Czech Republic","designation":"SAC","area_ha":140.4}},{"type":"Feature","geometry":{"type":"Polygon","coordinates":[[[13.7978,49.5237],[13.7987,49.5258],[13.7951,49.525],[13.7978,49.5237]]]},"properties":{"code":"CZ0212010","name":"Hvo\u017e\u010fansk\u00e9 H\u00e1je","country":"Czech Republic","designation":"SAC","area_ha":3.1}},{"type":"Feature","geometry":{"type":"Polygon","coordinates":[[[13.9243,49.753],[13.9541,49.7629],[13.9616,49.7709],[13.951,49.7617],[13.9243,49.753]],[[13.9536,49.7629],[13.9542,49.7632],[13.9543,49.7632],[13.9536,49.7629]],[[13.9546,49.7636],[13.9543,49.7638],[13.9548,49.7639],[13.9546,49.7636]]]},"properties":{"code":"CZ0213050","name":"Ohrazenick\u00fd potok","country":"Czech Republic","designation":"SAC","area_ha":5.6}},{"type":"Feature","geometry":{"type":"Polygon","coordinates":[[[13.8237,50.2054],[13.8402,50.2083],[13.8195,50.2066],[13.8237,50.2054]]]},"properties":{"code":"CZ0213028","name":"Kalivody","country":"Czech Republic","designation":"SAC","area_ha":14.5}},{"type":"Feature","geometry":{"type":"Polygon","coordinates":[[[13.8681,49.5766],[13.8762,49.5822],[13.8705,49.5857],[13.8739,49.5885],[13.8711,49.5912],[13.8649,49.5838],[13.8681,49.5766]]]},"properties":{"code":"CZ0213064","name":"Ro\u017emit\u00e1l pod T\u0159em\u0161\u00ednem","country":"Czech Republic","designation":"SAC","area_ha":56.9}},{"type":"Feature","geometry":{"type":"Polygon","coordinates":[[[13.756,50.0986],[13.7604,50.0988],[13.7541,50.1045],[13.756,50.0986]]]},"properties":{"code":"CZ0213063","name":"Rakovn\u00edk - za koupali\u0161t\u011bm","country":"Czech Republic","designation":"SAC","area_ha":10.0}},{"type":"Feature","geometry":{"type":"MultiPolygon","coordinates":[[[[13.8489,49.5361],[13.8488,49.5367],[13.8473,49.5364],[13.8489,49.5361]]],[[[13.8393,49.5299],[13.8447,49.5332],[13.8394,49.5327],[13.8393,49.5299]]]]},"properties":{"code":"CZ0213082","name":"Velk\u00fd Raputovsk\u00fd rybn\u00edk","country":"Czech Republic","designation":"SAC","area_ha":10.5}},{"type":"Feature","geometry":{"type":"Polygon","coordinates":[[[13.8528,49.9753],[13.854,49.9777],[13.851,49.9779],[13.8528,49.9753]]]},"properties":{"code":"CZ0213512","name":"Sko\u010dov\u00e1 - p\u00edskovna","country":"Czech Republic","designation":"SAC","area_ha":3.1}},{"type":"Feature","geometry":{"type":"Polygon","coordinates":[[[13.8712,50.0372],[13.8735,50.0375],[13.8713,50.0383],[13.8712,50.0372]]]},"properties":{"code":"CZ0213610","name":"K\u0159ivokl\u00e1t - hrad","country":"Czech Republic","designation":"SAC","area_ha":1.2}},{"type":"Feature","geometry":{"type":"Polygon","coordinates":[[[13.8867,49.8903],[13.8879,49.8906],[13.8875,49.891],[13.8867,49.8903]]]},"properties":{"code":"CZ0213628","name":"To\u010dn\u00edk - hrad","country":"Czech Republic","designation":"SAC","area_ha":0.4}},{"type":"Feature","geometry":{"type":"Polygon","coordinates":[[[13.9321,49.8056],[13.938,49.8095],[13.931,49.8075],[13.9321,49.8056]]]},"properties":{"code":"CZ0213783","name":"Felbabka","country":"Czech Republic","designation":"SAC","area_ha":11.4}},{"type":"Feature","geometry":{"type":"Polygon","coordinates":[[[13.8998,50.063],[13.9015,50.0673],[13.8908,50.0648],[13.8998,50.063]]]},"properties":{"code":"CZ0213790","name":"Jav\u016frek","country":"Czech Republic","designation":"SAC","area_ha":16.5}},{"type":"Feature","geometry":{"type":"Polygon","coordinates":[[[13.8809,49.8863],[13.8925,49.9016],[13.9135,49.9065],[13.9359,49.898],[13.9647,49.9041],[13.9323,49.8984],[13.9172,49.9062],[13.9005,49.9029],[13.8838,49.9145],[13.8866,49.9195],[13.9042,49.9257],[13.8842,49.9169],[13.9001,49.9036],[13.8884,49.8953],[13.8628,49.9055],[13.8884,49.8953],[13.8809,49.8863]]]},"properties":{"code":"CZ0214039","name":"Stroup\u00ednsk\u00fd potok","country":"Czech Republic","designation":"SAC","area_ha":5.9}},{"type":"Feature","geometry":{"type":"Polygon","coordinates":[[[14.057,49.8937],[14.0573,49.8938],[14.0569,49.8939],[14.057,49.8937]]]},"properties":{"code":"CZ0213626","name":"Suchomasty - z\u00e1me\u010dek","country":"Czech Republic","designation":"SAC","area_ha":0.0}},{"type":"Feature","geometry":{"type":"Polygon","coordinates":[[[13.9059,49.7853],[13.9056,49.7939],[13.895,49.7925],[13.8946,49.7878],[13.9059,49.7853]]]},"properties":{"code":"CZ0213787","name":"Hrachovi\u0161t\u011b","country":"Czech Republic","designation":"SAC","area_ha":62.8}},{"type":"Feature","geometry":{"type":"MultiPolygon","coordinates":[[[[13.7432,49.73],[13.7373,49.7318],[13.7318,49.7313],[13.7432,49.73]]],[[[13.723,49.7096],[13.7092,49.7235],[13.7134,49.7167],[13.723,49.7096]]]]},"properties":{"code":"CZ0213814","name":"Ledn\u00fd potok","country":"Czech Republic","designation":"SAC","area_ha":1.6}},{"type":"Feature","geometry":{"type":"Polygon","coordinates":[[[13.7691,49.9606],[13.768,49.9619],[13.7671,49.9612],[13.7691,49.9606]]]},"properties":{"code":"CZ0213822","name":"V Hlini\u0161\u0165atech","country":"Czech Republic","designation":"SAC","area_ha":1.3}},{"type":"Feature","geometry":{"type":"Polygon","coordinates":[[[13.8414,49.7647],[13.8419,49.7649],[13.8407,49.7652],[13.8414,49.7647]]]},"properties":{"code":"CZ0213631","name":"Svat\u00e1 Dobrotiv\u00e1","country":"Czech Republic","designation":"SAC","area_ha":0.4}},{"type":"Feature","geometry":{"type":"Polygon","coordinates":[[[13.9256,49.7123],[13.9285,49.7167],[13.9355,49.716],[13.8847,49.7242],[13.9252,49.7158],[13.9285,49.7186],[13.9256,49.7123]]]},"properties":{"code":"CZ0213818","name":"Oct\u00e1rna","country":"Czech Republic","designation":"SAC","area_ha":15.1}},{"type":"Feature","geometry":{"type":"MultiPolygon","coordinates":[[[[13.9705,49.7327],[13.9739,49.733],[13.971,49.7337],[13.9705,49.7327]]],[[[13.9572,49.7308],[13.9568,49.7355],[13.9539,49.7331],[13.9572,49.7308]]]]},"properties":{"code":"CZ0214040","name":"Louky u Drahl\u00edna","country":"Czech Republic","designation":"SAC","area_ha":13.0}},{"type":"Feature","geometry":{"type":"Polygon","coordinates":[[[13.8214,49.487],[13.8299,49.4906],[13.8192,49.4928],[13.8235,49.4949],[13.8181,49.4977],[13.8248,49.4992],[13.8142,49.5002],[13.8162,49.4954],[13.8081,49.4946],[13.8103,49.4892],[13.8214,49.487]]]},"properties":{"code":"CZ0313134","name":"\u00dajezdec","country":"Czech Republic","designation":"SAC","area_ha":98.6}},{"type":"Feature","geometry":{"type":"Polygon","coordinates":[[[14.9,48.8086],[14.9136,48.8084],[14.9167,48.8137],[14.9022,48.8144],[14.9,48.8086]],[[14.9138,48.8109],[14.913,48.8114],[14.9141,48.8117],[14.9138,48.8109]],[[14.9106,48.8114],[14.9113,48.8117],[14.9113,48.8114],[14.9106,48.8114]]]},"properties":{"code":"CZ0313141","name":"\u017dofina Hu\u0165","country":"Czech Republic","designation":"SAC","area_ha":45.1}},{"type":"Feature","geometry":{"type":"MultiPolygon","coordinates":[[[[15.4368,49.0368],[15.4402,49.037],[15.4365,49.0373],[15.4368,49.0368]]],[[[15.4366,49.0151],[15.4356,49.0157],[15.4334,49.0166],[15.4366,49.0151]]],[[[15.4734,48.9469],[15.4722,48.9589],[15.463,48.9613],[15.469,48.9676],[15.4598,48.973],[15.4621,48.9761],[15.4451,48.9882],[15.431,48.9897],[15.4398,48.9934],[15.4419,49.0036],[15.4297,49.0189],[15.4385,49.022],[15.4327,49.0257],[15.4357,49.0317],[15.4325,49.0356],[15.4394,49.0512],[15.4308,49.055],[15.435,49.0625],[15.4236,49.0738],[15.435,49.0733],[15.4391,49.078],[15.4339,49.0734],[15.4222,49.0751],[15.4218,49.0701],[15.4337,49.0601],[15.4294,49.0557],[15.4383,49.0503],[15.4324,49.0469],[15.4301,49.0353],[15.4309,49.0264],[15.4365,49.0222],[15.4227,49.0179],[15.4348,49.0143],[15.4402,49.003],[15.4382,48.994],[15.4306,48.9898],[15.4452,48.988],[15.4566,48.9781],[15.4678,48.9656],[15.4608,48.9619],[15.4719,48.9573],[15.4685,48.9519],[15.4734,48.9469]]]]},"properties":{"code":"CZ0313110","name":"Moravsk\u00e1 Dyje","country":"Czech Republic","designation":"SAC","area_ha":258.6}},{"type":"Feature","geometry":{"type":"MultiPolygon","coordinates":[[[[15.3006,49.016],[15.3008,49.0168],[15.2996,49.0169],[15.3006,49.016]]],[[[15.3036,49.0148],[15.304,49.0154],[15.3025,49.0156],[15.3036,49.0148]]],[[[15.3086,49.0121],[15.309,49.0135],[15.306,49.0141],[15.3086,49.0121]]],[[[15.3249,49.0112],[15.3279,49.0145],[15.3277,49.0176],[15.3249,49.0112]]]]},"properties":{"code":"CZ0313824","name":"Slavonick\u00e9 rybn\u00edky","country":"Czech Republic","designation":"SAC","area_ha":10.0}},{"type":"Feature","geometry":{"type":"Polygon","coordinates":[[[13.6042,49.456],[13.6094,49.4568],[13.6101,49.4585],[13.6042,49.456]]]},"properties":{"code":"CZ0322057","name":"Ma\u0148ovick\u00fd rybn\u00edk","country":"Czech Republic","designation":"SAC","area_ha":6.5}},{"type":"Feature","geometry":{"type":"Polygon","coordinates":[[[12.9616,49.7507],[12.9759,49.7518],[12.9786,49.7577],[12.963,49.7631],[12.9616,49.7507]]]},"properties":{"code":"CZ0323169","name":"St\u0159\u00edbro - vojensk\u00e9 cvi\u010di\u0161t\u011b","country":"Czech Republic","designation":"SAC","area_ha":108.6}},{"type":"Feature","geometry":{"type":"Polygon","coordinates":[[[12.8195,49.6748],[12.8207,49.675],[12.8196,49.6755],[12.8195,49.6748]]]},"properties":{"code":"CZ0323144","name":"Bon\u011btice","country":"Czech Republic","designation":"SAC","area_ha":0.4}},{"type":"Feature","geometry":{"type":"Polygon","coordinates":[[[13.6091,49.6663],[13.6103,49.6677],[13.6092,49.6683],[13.6091,49.6663]]]},"properties":{"code":"CZ0323149","name":"Kakejcov","country":"Czech Republic","designation":"SAC","area_ha":1.6}},{"type":"Feature","geometry":{"type":"Polygon","coordinates":[[[13.6823,49.6452],[13.6523,49.6528],[13.6606,49.6483],[13.6823,49.6452]]]},"properties":{"code":"CZ0323156","name":"Me\u0161ensk\u00fd potok","country":"Czech Republic","designation":"SAC","area_ha":1.0}},{"type":"Feature","geometry":{"type":"Polygon","coordinates":[[[14.8015,48.7318],[14.7959,48.7372],[14.7944,48.7508],[14.7978,48.754],[14.7933,48.7566],[14.7885,48.7742],[14.7926,48.7561],[14.7966,48.7543],[14.7949,48.7373],[14.8015,48.7318]]]},"properties":{"code":"CZ0313137","name":"Veve\u0159sk\u00fd potok","country":"Czech Republic","designation":"SAC","area_ha":34.6}},{"type":"Feature","geometry":{"type":"Polygon","coordinates":[[[12.8825,49.6376],[12.8835,49.6381],[12.8825,49.6384],[12.8825,49.6376]]]},"properties":{"code":"CZ0323147","name":"Darmy\u0161l - p\u00edskovna","country":"Czech Republic","designation":"SAC","area_ha":0.5}},{"type":"Feature","geometry":{"type":"Polygon","coordinates":[[[13.497,49.9325],[13.4971,49.9327],[13.4968,49.9327],[13.497,49.9325]]]},"properties":{"code":"CZ0323637","name":"\u0160tola Rohatiny I","country":"Czech Republic","designation":"SAC","area_ha":0.0}},{"type":"Feature","geometry":{"type":"Polygon","coordinates":[[[13.5419,49.9172],[13.542,49.9174],[13.5418,49.9173],[13.5419,49.9172]]]},"properties":{"code":"CZ0323639","name":"Libl\u00edn - lihovar","country":"Czech Republic","designation":"SAC","area_ha":0.0}},{"type":"Feature","geometry":{"type":"Polygon","coordinates":[[[13.3111,49.5963],[13.3178,49.5975],[13.31,49.5991],[13.3111,49.5963]]]},"properties":{"code":"CZ0323162","name":"P\u0159e\u0161tice - V Hlink\u00e1ch","country":"Czech Republic","designation":"SAC","area_ha":9.3}},{"type":"Feature","geometry":{"type":"Polygon","coordinates":[[[13.5558,49.4808],[13.5567,49.4817],[13.5532,49.4814],[13.5558,49.4808]]]},"properties":{"code":"CZ0323163","name":"Pr\u016fhonsk\u00fd rybn\u00edk","country":"Czech Republic","designation":"SAC","area_ha":1.2}},{"type":"Feature","geometry":{"type":"Polygon","coordinates":[[[13.0157,49.7575],[13.0158,49.7577],[13.0155,49.7576],[13.0157,49.7575]]]},"properties":{"code":"CZ0323646","name":"St\u0159\u00edbro - \u0161toly Dlouh\u00fd tah","country":"Czech Republic","designation":"SAC","area_ha":0.0}},{"type":"Feature","geometry":{"type":"Polygon","coordinates":[[[13.2281,49.8419],[13.2283,49.8419],[13.2278,49.842],[13.2281,49.8419]]]},"properties":{"code":"CZ0323647","name":"V\u0161eruby - kostel","country":"Czech Republic","designation":"SAC","area_ha":0.0}},{"type":"Feature","geometry":{"type":"Polygon","coordinates":[[[13.3122,49.6559],[13.3128,49.6598],[13.3202,49.6598],[13.3168,49.665],[13.3123,49.6646],[13.3122,49.6559]]]},"properties":{"code":"CZ0323826","name":"Dob\u0159any","country":"Czech Republic","designation":"SAC","area_ha":28.8}},{"type":"Feature","geometry":{"type":"Polygon","coordinates":[[[12.8621,50.0852],[12.8872,50.0879],[12.8729,50.0921],[12.8838,50.0946],[12.8733,50.0928],[12.8632,50.1003],[12.8707,50.0933],[12.8642,50.0916],[12.8745,50.0895],[12.8621,50.0852]]]},"properties":{"code":"CZ0410404","name":"Be\u010dovsk\u00e9 lesn\u00ed rybn\u00edky","country":"Czech Republic","designation":"SAC","area_ha":50.8}},{"type":"Feature","geometry":{"type":"Polygon","coordinates":[[[13.2682,50.1187],[13.2744,50.1197],[13.2747,50.1256],[13.2687,50.1206],[13.2582,50.1209],[13.2682,50.1187]]]},"properties":{"code":"CZ0410018","name":"Jezersk\u00fd vrch","country":"Czech Republic","designation":"SAC","area_ha":31.5}},{"type":"Feature","geometry":{"type":"Polygon","coordinates":[[[13.0174,49.9933],[13.0244,50.0022],[13.0215,50.0074],[13.0202,50.0023],[13.0145,50.004],[13.0081,49.9971],[13.0174,49.9933]]]},"properties":{"code":"CZ0410023","name":"Bla\u017eejsk\u00fd rybn\u00edk","country":"Czech Republic","designation":"SAC","area_ha":61.3}},{"type":"Feature","geometry":{"type":"Polygon","coordinates":[[[13.4776,49.9045],[13.4844,49.906],[13.4865,49.912],[13.4969,49.9065],[13.51,49.9147],[13.5046,49.9159],[13.4948,49.9086],[13.4863,49.9147],[13.4764,49.9065],[13.4779,49.9136],[13.4711,49.9106],[13.4668,49.9137],[13.4599,49.9079],[13.4555,49.9161],[13.4498,49.9141],[13.4514,49.9169],[13.4423,49.9185],[13.4465,49.9236],[13.4427,49.9246],[13.4293,49.9189],[13.4163,49.9197],[13.4227,49.9172],[13.4228,49.9118],[13.4413,49.9144],[13.4776,49.9045]]]},"properties":{"code":"CZ0324025","name":"Ka\u0148on St\u0159ely","country":"Czech Republic","designation":"SAC","area_ha":358.5}},{"type":"Feature","geometry":{"type":"Polygon","coordinates":[[[13.2021,50.0683],[13.2275,50.0796],[13.2116,50.0855],[13.2034,50.0813],[13.1986,50.0869],[13.1939,50.0788],[13.2021,50.0683]]]},"properties":{"code":"CZ0410151","name":"Vlada\u0159","country":"Czech Republic","designation":"SAC","area_ha":237.3}},{"type":"Feature","geometry":{"type":"Polygon","coordinates":[[[13.3067,50.198],[13.3168,50.2027],[13.3049,50.2044],[13.3012,50.2007],[13.3067,50.198]]]},"properties":{"code":"CZ0420069","name":"D\u011btansk\u00fd chlum","country":"Czech Republic","designation":"SAC","area_ha":49.0}},{"type":"Feature","geometry":{"type":"Polygon","coordinates":[[[12.9694,50.1583],[12.9795,50.1624],[12.9601,50.1666],[12.971,50.1703],[12.9459,50.1736],[12.9576,50.1723],[12.9559,50.1676],[12.9613,50.1685],[12.957,50.1607],[12.9694,50.162],[12.9694,50.1583]]]},"properties":{"code":"CZ0414027","name":"Lomnick\u00fd rybn\u00edk","country":"Czech Republic","designation":"SAC","area_ha":112.1}},{"type":"Feature","geometry":{"type":"Polygon","coordinates":[[[13.1813,50.1528],[13.1858,50.1543],[13.1867,50.1655],[13.2387,50.1738],[13.2504,50.1829],[13.2619,50.1793],[13.2662,50.1854],[13.2642,50.1914],[13.2699,50.1933],[13.2609,50.1999],[13.2601,50.2059],[13.2423,50.2069],[13.2394,50.2121],[13.2478,50.2131],[13.2522,50.2234],[13.2474,50.2258],[13.2554,50.2289],[13.2333,50.2314],[13.2232,50.2396],[13.2241,50.2459],[13.2378,50.2476],[13.2297,50.263],[13.2334,50.2726],[13.2144,50.2738],[13.2203,50.2782],[13.2186,50.2862],[13.227,50.2889],[13.2231,50.2943],[13.2344,50.2964],[13.234,50.3029],[13.2235,50.3063],[13.2206,50.3129],[13.2362,50.3215],[13.2324,50.3318],[13.2376,50.3359],[13.2279,50.3387],[13.2222,50.3524],[13.2077,50.3545],[13.2091,50.3615],[13.1842,50.3494],[13.1838,50.3543],[13.1586,50.3523],[13.1336,50.3599],[13.1164,50.348],[13.098,50.357],[13.0803,50.3543],[13.0798,50.3453],[13.071,50.3436],[13.0754,50.3374],[13.0685,50.3386],[13.0415,50.3259],[13.0425,50.3185],[13.038,50.3147],[13.0443,50.3121],[13.0428,50.3022],[13.0349,50.3071],[13.0208,50.305],[13.0223,50.3001],[13.0126,50.286],[13.0184,50.2828],[13.0175,50.2788],[13.0104,50.2729],[13.0011,50.2728],[12.9986,50.2675],[13.0085,50.2612],[12.9932,50.2546],[12.9954,50.247],[12.99,50.2404],[12.9981,50.236],[12.9913,50.2364],[12.9928,50.2302],[12.9758,50.2178],[12.9728,50.2007],[12.9837,50.1959],[12.9924,50.2001],[13.013,50.1954],[13.0103,50.1885],[13.019,50.1859],[13.0108,50.1817],[13.0088,50.1753],[13.0411,50.1756],[13.0595,50.1619],[13.0772,50.1719],[13.0995,50.1695],[13.1113,50.1607],[13.1338,50.1586],[13.1391,50.1652],[13.1513,50.1669],[13.1543,50.1611],[13.1618,50.1627],[13.1599,50.1579],[13.1813,50.1528]]]},"properties":{"code":"CZ0414127","name":"Hradi\u0161t\u011b","country":"Czech Republic","designation":"SAC","area_ha":33165.3}},{"type":"Feature","geometry":{"type":"Polygon","coordinates":[[[13.9815,50.0072],[13.9975,50.0108],[13.9994,50.0194],[14.0123,50.0204],[13.9987,50.0223],[13.994,50.0294],[14.0121,50.039],[13.995,50.0336],[13.9881,50.0409],[13.9789,50.0403],[13.9883,50.0306],[13.9856,50.0244],[13.9794,50.0247],[13.988,50.02],[13.9843,50.0124],[13.9768,50.0107],[13.9815,50.0072]]]},"properties":{"code":"CZ0214015","name":"V\u016fznice","country":"Czech Republic","designation":"SAC","area_ha":397.3}},{"type":"Feature","geometry":{"type":"Polygon","coordinates":[[[14.058,49.9113],[14.0466,49.9197],[14.0458,49.9148],[14.058,49.9113]]]},"properties":{"code":"CZ0214037","name":"Kot\u00fdz","country":"Czech Republic","designation":"SAC","area_ha":29.1}},{"type":"Feature","geometry":{"type":"Polygon","coordinates":[[[15.0979,49.0064],[15.107,49.0113],[15.101,49.0119],[15.0979,49.0064]]]},"properties":{"code":"CZ0314635","name":"Mni\u0161sk\u00fd rybn\u00edk","country":"Czech Republic","designation":"SAC","area_ha":25.7}},{"type":"Feature","geometry":{"type":"Polygon","coordinates":[[[13.7818,49.4834],[13.7842,49.4842],[13.7808,49.4839],[13.7818,49.4834]]]},"properties":{"code":"CZ0314642","name":"Pastvina u Zahor\u010dic","country":"Czech Republic","designation":"SAC","area_ha":1.6}},{"type":"Feature","geometry":{"type":"MultiPolygon","coordinates":[[[[15.7705,48.9871],[15.7709,48.9948],[15.7643,48.9985],[15.7623,48.989],[15.7705,48.9871]]],[[[15.7461,48.9875],[15.7532,48.997],[15.7478,48.9974],[15.7461,48.9875]]]]},"properties":{"code":"CZ0610025","name":"Habrov\u00e1 se\u010d","country":"Czech Republic","designation":"SAC","area_ha":91.5}},{"type":"Feature","geometry":{"type":"Polygon","coordinates":[[[15.6241,48.9417],[15.6261,48.9426],[15.6215,48.9452],[15.6241,48.9417]]]},"properties":{"code":"CZ0612149","name":"Such\u00e9 sk\u00e1ly","country":"Czech Republic","designation":"SAC","area_ha":5.2}},{"type":"Feature","geometry":{"type":"Polygon","coordinates":[[[15.9743,48.842],[15.9808,48.8464],[15.9625,48.8497],[15.9615,48.8452],[15.9743,48.842]]]},"properties":{"code":"CZ0620020","name":"Ma\u0161ovick\u00e1 st\u0159elnice","country":"Czech Republic","designation":"SAC","area_ha":77.5}},{"type":"Feature","geometry":{"type":"Polygon","coordinates":[[[12.7904,49.9766],[12.7905,49.9811],[12.7824,49.9846],[12.7872,49.9911],[12.7806,49.9845],[12.7734,49.9875],[12.7823,49.9896],[12.774,49.9945],[12.7719,49.9878],[12.7515,49.9841],[12.7422,49.9887],[12.7447,49.9938],[12.7294,49.993],[12.733,49.9926],[12.7321,49.9869],[12.7431,49.9879],[12.7522,49.9827],[12.7739,49.9859],[12.7904,49.9766]]]},"properties":{"code":"CZ0413008","name":"Prameny Tepl\u00e9","country":"Czech Republic","designation":"SAC","area_ha":154.8}},{"type":"Feature","geometry":{"type":"Polygon","coordinates":[[[12.9981,50.1482],[13.0065,50.154],[12.9924,50.1512],[12.9981,50.1482]]]},"properties":{"code":"CZ0413015","name":"Louky u Dlouh\u00e9 Lomnice","country":"Czech Republic","designation":"SAC","area_ha":26.3}},{"type":"Feature","geometry":{"type":"Polygon","coordinates":[[[13.2491,49.4425],[13.2495,49.4426],[13.2491,49.4427],[13.2491,49.4425]]]},"properties":{"code":"CZ0323636","name":"Dolany - kostel","country":"Czech Republic","designation":"SAC","area_ha":0.1}},{"type":"Feature","geometry":{"type":"Polygon","coordinates":[[[13.6598,49.7126],[13.6559,49.7147],[13.6559,49.7134],[13.6598,49.7126]]]},"properties":{"code":"CZ0325001","name":"Hr\u00e1deck\u00e1 bahna","country":"Czech Republic","designation":"SAC","area_ha":2.7}},{"type":"Feature","geometry":{"type":"Polygon","coordinates":[[[12.8357,50.0355],[12.8365,50.0364],[12.8346,50.0365],[12.8357,50.0355]]]},"properties":{"code":"CZ0412071","name":"Skalka pod Tisov\u00fdm vrchem","country":"Czech Republic","designation":"SAC","area_ha":1.5}},{"type":"Feature","geometry":{"type":"Polygon","coordinates":[[[12.7943,49.9552],[12.8066,49.9592],[12.7918,49.9579],[12.7943,49.9552]]]},"properties":{"code":"CZ0413180","name":"Horn\u00ed Kramol\u00edn - Ovesn\u00e9","country":"Czech Republic","designation":"SAC","area_ha":18.1}},{"type":"Feature","geometry":{"type":"Polygon","coordinates":[[[13.4223,49.5022],[13.4164,49.5111],[13.3977,49.5184],[13.3907,49.5322],[13.3977,49.5184],[13.4163,49.5111],[13.4223,49.5022]]]},"properties":{"code":"CZ0323170","name":"Zlat\u00fd potok","country":"Czech Republic","designation":"SAC","area_ha":1.9}},{"type":"Feature","geometry":{"type":"Polygon","coordinates":[[[13.355,49.4479],[13.3551,49.448],[13.3547,49.448],[13.355,49.4479]]]},"properties":{"code":"CZ0323641","name":"P\u0159edslav - kostel","country":"Czech Republic","designation":"SAC","area_ha":0.0}},{"type":"Feature","geometry":{"type":"Polygon","coordinates":[[[13.6072,49.8574],[13.6075,49.8576],[13.6071,49.8575],[13.6072,49.8574]]]},"properties":{"code":"CZ0323642","name":"Radnice - kostel","country":"Czech Republic","designation":"SAC","area_ha":0.0}},{"type":"Feature","geometry":{"type":"Polygon","coordinates":[[[12.7772,49.9169],[12.7774,49.917],[12.7771,49.917],[12.7772,49.9169]]]},"properties":{"code":"CZ0323645","name":"\u0160tola V\u011bra","country":"Czech Republic","designation":"SAC","area_ha":0.0}},{"type":"Feature","geometry":{"type":"Polygon","coordinates":[[[12.8047,49.9718],[12.8153,49.9772],[12.8061,49.9727],[12.7904,49.9766],[12.8047,49.9718]]]},"properties":{"code":"CZ0413179","name":"Podhorn\u00ed louky","country":"Czech Republic","designation":"SAC","area_ha":41.3}},{"type":"Feature","geometry":{"type":"Polygon","coordinates":[[[13.5264,49.5808],[13.5301,49.5835],[13.5257,49.5838],[13.5264,49.5808]]]},"properties":{"code":"CZ0323143","name":"Blovice","country":"Czech Republic","designation":"SAC","area_ha":7.8}},{"type":"Feature","geometry":{"type":"Polygon","coordinates":[[[13.5844,49.78],[13.5877,49.7847],[13.5807,49.7823],[13.5844,49.78]]]},"properties":{"code":"CZ0323158","name":"Osek - rybn\u00edk Labutinka","country":"Czech Republic","designation":"SAC","area_ha":14.4}},{"type":"Feature","geometry":{"type":"Polygon","coordinates":[[[13.185,49.8946],[13.183,49.8987],[13.1805,49.8976],[13.185,49.8946]]]},"properties":{"code":"CZ0325002","name":"H\u016frky","country":"Czech Republic","designation":"SAC","area_ha":8.0}},{"type":"Feature","geometry":{"type":"Polygon","coordinates":[[[13.0812,49.461],[13.0786,49.468],[13.0761,49.462],[13.0812,49.461]]]},"properties":{"code":"CZ0325003","name":"Net\u0159eb","country":"Czech Republic","designation":"SAC","area_ha":13.1}},{"type":"Feature","geometry":{"type":"Polygon","coordinates":[[[13.334,49.4788],[13.3329,49.4798],[13.3325,49.4793],[13.334,49.4788]]]},"properties":{"code":"CZ0323478","name":"T\u0159eb\u00fdcinka u Bezd\u011bkova","country":"Czech Republic","designation":"SAC","area_ha":0.7}},{"type":"Feature","geometry":{"type":"MultiPolygon","coordinates":[[[[13.7091,49.7235],[13.7068,49.7264],[13.711,49.7285],[13.7319,49.7314],[13.7022,49.726],[13.7091,49.7235]]],[[[13.7158,49.729],[13.7157,49.7291],[13.7161,49.7291],[13.7158,49.729]]]]},"properties":{"code":"CZ0323812","name":"Klabava","country":"Czech Republic","designation":"SAC","area_ha":2.5}},{"type":"Feature","geometry":{"type":"Polygon","coordinates":[[[13.8426,49.5004],[13.8416,49.5074],[13.8342,49.5115],[13.8362,49.5184],[13.8282,49.5251],[13.8276,49.5329],[13.8122,49.5443],[13.8029,49.5655],[13.7845,49.5694],[13.8029,49.5655],[13.812,49.5444],[13.8276,49.5328],[13.8282,49.5241],[13.8361,49.5184],[13.8325,49.5097],[13.8426,49.5004]],[[13.8351,49.511],[13.8347,49.511],[13.8349,49.5111],[13.8351,49.511]],[[13.8346,49.5137],[13.8345,49.5149],[13.8355,49.5162],[13.8346,49.5137]],[[13.835,49.5159],[13.8349,49.5173],[13.8362,49.518],[13.835,49.5159]],[[13.8211,49.5376],[13.8202,49.538],[13.8201,49.5386],[13.8211,49.5376]]]},"properties":{"code":"CZ0313140","name":"Z\u00e1vi\u0161\u00ednsk\u00fd potok","country":"Czech Republic","designation":"SAC","area_ha":30.7}},{"type":"Feature","geometry":{"type":"Polygon","coordinates":[[[12.9569,49.5922],[12.9577,49.5933],[12.957,49.5933],[12.9569,49.5922]]]},"properties":{"code":"CZ0323160","name":"Pocinovice","country":"Czech Republic","designation":"SAC","area_ha":0.8}},{"type":"Feature","geometry":{"type":"Polygon","coordinates":[[[13.5797,49.5522],[13.5953,49.554],[13.6076,49.5618],[13.5953,49.5541],[13.5754,49.5525],[13.5797,49.5522]]]},"properties":{"code":"CZ0323161","name":"P\u0159e\u0161\u00ednsk\u00fd potok","country":"Czech Republic","designation":"SAC","area_ha":1.3}},{"type":"Feature","geometry":{"type":"Polygon","coordinates":[[[12.7928,49.9274],[12.7929,49.9275],[12.7927,49.9275],[12.7928,49.9274]]]},"properties":{"code":"CZ0323638","name":"Jeskyn\u011b Ink\u016f","country":"Czech Republic","designation":"SAC","area_ha":0.0}},{"type":"Feature","geometry":{"type":"Polygon","coordinates":[[[12.8456,50.0041],[12.8492,50.0046],[12.8392,50.0074],[12.8456,50.0041]]]},"properties":{"code":"CZ0413009","name":"Rankovick\u00fd triangl","country":"Czech Republic","designation":"SAC","area_ha":11.9}},{"type":"Feature","geometry":{"type":"Polygon","coordinates":[[[12.9473,50.1203],[12.9508,50.1247],[12.958,50.1218],[12.9714,50.1264],[12.9661,50.1325],[12.9625,50.1307],[12.9688,50.1241],[12.9415,50.1251],[12.9473,50.1203]]]},"properties":{"code":"CZ0413181","name":"Mok\u0159ady u Javorn\u00e9","country":"Czech Republic","designation":"SAC","area_ha":52.0}},{"type":"Feature","geometry":{"type":"Polygon","coordinates":[[[12.987,49.8491],[13.0167,49.8511],[13.0296,49.8579],[13.0167,49.8511],[12.9869,49.8492],[12.9707,49.8634],[12.9535,49.864],[12.9235,49.8736],[12.9206,49.8826],[12.9096,49.8859],[12.9065,49.8949],[12.8994,49.8966],[12.8946,49.9055],[12.8993,49.8966],[12.9065,49.8949],[12.9096,49.8859],[12.9205,49.8826],[12.9235,49.8736],[12.9534,49.864],[12.9707,49.8634],[12.987,49.8491]]]},"properties":{"code":"CZ0323825","name":"Hadovka","country":"Czech Republic","designation":"SAC","area_ha":3.3}},{"type":"Feature","geometry":{"type":"Polygon","coordinates":[[[12.9311,50.0059],[12.9418,50.0101],[12.9336,50.0151],[12.9305,50.0138],[12.9364,50.0104],[12.9311,50.0059]]]},"properties":{"code":"CZ0413007","name":"Prachomety","country":"Czech Republic","designation":"SAC","area_ha":20.7}},{"type":"Feature","geometry":{"type":"MultiPolygon","coordinates":[[[[13.0987,50.1565],[13.1071,50.1602],[13.0992,50.1589],[13.0987,50.1565]]],[[[13.101,50.1538],[13.0992,50.1548],[13.0978,50.1543],[13.101,50.1538]]]]},"properties":{"code":"CZ0413013","name":"Mok\u0159ady u T\u011b\u0161etic","country":"Czech Republic","designation":"SAC","area_ha":14.7}},{"type":"Feature","geometry":{"type":"Polygon","coordinates":[[[13.1098,50.1448],[13.1158,50.1487],[13.1056,50.1481],[13.1098,50.1448]]]},"properties":{"code":"CZ0413014","name":"H\u0159iv\u00ednovsk\u00e9 pastviny","country":"Czech Republic","designation":"SAC","area_ha":13.8}},{"type":"Feature","geometry":{"type":"Polygon","coordinates":[[[12.8649,50.0646],[12.867,50.066],[12.8618,50.0664],[12.8649,50.0646]]]},"properties":{"code":"CZ0413018","name":"U h\u00e1jenky","country":"Czech Republic","designation":"SAC","area_ha":6.3}},{"type":"Feature","geometry":{"type":"Polygon","coordinates":[[[13.0717,50.1302],[13.0694,50.1371],[13.0745,50.1389],[13.0648,50.1428],[13.0622,50.1398],[13.0692,50.1384],[13.0717,50.1302]]]},"properties":{"code":"CZ0413173","name":"Za \u00dadr\u010d\u00ed","country":"Czech Republic","designation":"SAC","area_ha":32.5}},{"type":"Feature","geometry":{"type":"Polygon","coordinates":[[[12.9174,50.0871],[12.9112,50.0913],[12.9102,50.0885],[12.9174,50.0871]]]},"properties":{"code":"CZ0413187","name":"Mezi rybn\u00edky","country":"Czech Republic","designation":"SAC","area_ha":10.2}},{"type":"Feature","geometry":{"type":"MultiPolygon","coordinates":[[[[12.9276,50.1743],[12.9266,50.1765],[12.9249,50.1756],[12.9276,50.1743]]],[[[12.923,50.1735],[12.9238,50.1768],[12.9199,50.1767],[12.923,50.1735]]],[[[12.9272,50.1719],[12.9278,50.1731],[12.9271,50.1732],[12.9272,50.1719]]],[[[12.9255,50.1679],[12.9265,50.1724],[12.9233,50.17],[12.9255,50.1679]]]]},"properties":{"code":"CZ0413191","name":"Na Pilsk\u00e9 \u0161acht\u011b","country":"Czech Republic","designation":"SAC","area_ha":17.3}},{"type":"Feature","geometry":{"type":"Polygon","coordinates":[[[12.7706,50.0155],[12.78,50.0165],[12.7826,50.0232],[12.7737,50.0326],[12.7721,50.0463],[12.7901,50.056],[12.7962,50.0479],[12.8071,50.0464],[12.8066,50.0424],[12.8273,50.0375],[12.8229,50.0336],[12.8279,50.0302],[12.821,50.0257],[12.8277,50.0171],[12.8249,50.0152],[12.828,50.0171],[12.8212,50.0257],[12.8279,50.0302],[12.8231,50.0336],[12.8279,50.0388],[12.8228,50.0418],[12.828,50.0444],[12.8223,50.0456],[12.828,50.0551],[12.8549,50.0458],[12.876,50.0471],[12.8799,50.04],[12.898,50.037],[12.88,50.04],[12.876,50.0472],[12.8547,50.0459],[12.8292,50.0591],[12.8255,50.0655],[12.8306,50.0723],[12.8245,50.0807],[12.838,50.087],[12.8243,50.0806],[12.8306,50.0707],[12.8254,50.0652],[12.8344,50.0557],[12.8226,50.0509],[12.8272,50.0502],[12.8221,50.0454],[12.8278,50.0445],[12.8227,50.0416],[12.8273,50.0375],[12.8067,50.0425],[12.8072,50.0464],[12.7917,50.0506],[12.7917,50.056],[12.7741,50.048],[12.7608,50.0507],[12.7444,50.046],[12.7348,50.0499],[12.7444,50.0459],[12.7608,50.0506],[12.7734,50.0482],[12.7723,50.0362],[12.7825,50.0233],[12.7812,50.0175],[12.7441,50.0176],[12.7706,50.0155]]]},"properties":{"code":"CZ0413195","name":"Tepl\u00e1 s p\u0159\u00edtoky a Otro\u010d\u00ednsk\u00fd potok","country":"Czech Republic","designation":"SAC","area_ha":27.5}},{"type":"Feature","geometry":{"type":"Polygon","coordinates":[[[13.6788,50.258],[13.6759,50.2602],[13.6749,50.2596],[13.6788,50.258]]]},"properties":{"code":"CZ0422081","name":"Na sp\u00e1leni\u0161ti","country":"Czech Republic","designation":"SAC","area_ha":2.2}},{"type":"Feature","geometry":{"type":"Polygon","coordinates":[[[13.7889,49.5158],[13.7882,49.5214],[13.7811,49.5204],[13.7889,49.5158]]]},"properties":{"code":"CZ0213066","name":"Rybn\u00edk Vo\u010dert a Lazy","country":"Czech Republic","designation":"SAC","area_ha":23.0}},{"type":"Feature","geometry":{"type":"Polygon","coordinates":[[[14.0679,49.9619],[14.0692,49.9625],[14.0688,49.9627],[14.0679,49.9619]]]},"properties":{"code":"CZ0213601","name":"Jungmannova \u0161kola v Beroun\u011b","country":"Czech Republic","designation":"SAC","area_ha":0.2}},{"type":"Feature","geometry":{"type":"Polygon","coordinates":[[[13.1907,50.0794],[13.1981,50.0892],[13.2285,50.0901],[13.2322,50.0995],[13.2614,50.1012],[13.2829,50.0949],[13.2747,50.0888],[13.2831,50.0948],[13.2618,50.1014],[13.2323,50.0997],[13.2283,50.0902],[13.1981,50.0893],[13.1906,50.0795],[13.1718,50.09],[13.1559,50.0853],[13.1447,50.0884],[13.1437,50.0821],[13.1278,50.0831],[13.1253,50.087],[13.1277,50.0831],[13.1434,50.082],[13.1447,50.0882],[13.156,50.0852],[13.1716,50.0898],[13.1907,50.0794]]]},"properties":{"code":"CZ0413194","name":"St\u0159ela","country":"Czech Republic","designation":"SAC","area_ha":22.9}},{"type":"Feature","geometry":{"type":"Polygon","coordinates":[[[13.1934,50.1472],[13.1958,50.1504],[13.1937,50.1505],[13.1934,50.1472]]]},"properties":{"code":"CZ0413196","name":"T\u00fdni\u0161t\u011b","country":"Czech Republic","designation":"SAC","area_ha":6.0}},{"type":"Feature","geometry":{"type":"Polygon","coordinates":[[[13.3716,50.2408],[13.3707,50.2507],[13.3707,50.2462],[13.367,50.2492],[13.3696,50.2527],[13.3405,50.246],[13.3519,50.2419],[13.3651,50.244],[13.3609,50.2417],[13.3708,50.2457],[13.3659,50.2423],[13.3716,50.2408]]]},"properties":{"code":"CZ0423217","name":"Kr\u00e1sn\u00fd Dv\u016fr","country":"Czech Republic","designation":"SAC","area_ha":104.0}},{"type":"Feature","geometry":{"type":"Polygon","coordinates":[[[13.4392,50.1178],[13.4507,50.1233],[13.4483,50.1263],[13.4343,50.1215],[13.4392,50.1178]],[[13.4456,50.1233],[13.4455,50.1244],[13.4463,50.1239],[13.4456,50.1233]]]},"properties":{"code":"CZ0423223","name":"Petrohrad","country":"Czech Republic","designation":"SAC","area_ha":44.9}},{"type":"Feature","geometry":{"type":"Polygon","coordinates":[[[13.5302,50.2163],[13.5321,50.2181],[13.5293,50.2176],[13.5302,50.2163]]]},"properties":{"code":"CZ0422085","name":"Sob\u011bchlebsk\u00e9 terasy","country":"Czech Republic","designation":"SAC","area_ha":2.6}},{"type":"Feature","geometry":{"type":"Polygon","coordinates":[[[13.9656,49.7107],[13.9669,49.7108],[13.9354,49.7161],[13.9656,49.7107]]]},"properties":{"code":"CZ0213817","name":"Obecnick\u00fd potok","country":"Czech Republic","designation":"SAC","area_ha":1.1}},{"type":"Feature","geometry":{"type":"Polygon","coordinates":[[[13.6991,49.574],[13.7022,49.5751],[13.687,49.5775],[13.6768,49.5904],[13.6522,49.5933],[13.6453,49.6074],[13.6757,49.6187],[13.7088,49.6131],[13.723,49.6146],[13.732,49.6218],[13.728,49.6165],[13.7088,49.6132],[13.6757,49.6187],[13.6434,49.6068],[13.6356,49.6135],[13.662,49.6268],[13.7059,49.6313],[13.6638,49.6274],[13.6355,49.6135],[13.6034,49.6121],[13.5725,49.6182],[13.5664,49.6249],[13.5491,49.6259],[13.5242,49.6373],[13.549,49.6258],[13.5663,49.6248],[13.5748,49.6175],[13.6031,49.612],[13.6341,49.6139],[13.6452,49.6074],[13.6522,49.5933],[13.6768,49.5904],[13.687,49.5775],[13.6991,49.574]]]},"properties":{"code":"CZ0323145","name":"Bradava","country":"Czech Republic","designation":"SAC","area_ha":25.6}},{"type":"Feature","geometry":{"type":"Polygon","coordinates":[[[13.5962,49.8753],[13.5994,49.8777],[13.5942,49.8791],[13.5962,49.8753]]]},"properties":{"code":"CZ0323150","name":"Kamenec","country":"Czech Republic","designation":"SAC","area_ha":10.0}},{"type":"Feature","geometry":{"type":"Polygon","coordinates":[[[13.5556,49.6618],[13.5612,49.6667],[13.5529,49.6623],[13.5556,49.6618]]]},"properties":{"code":"CZ0323155","name":"Lopata","country":"Czech Republic","designation":"SAC","area_ha":16.8}},{"type":"Feature","geometry":{"type":"Polygon","coordinates":[[[13.579,49.7152],[13.592,49.7197],[13.5812,49.7224],[13.5876,49.7229],[13.5905,49.7289],[13.5788,49.722],[13.579,49.7152]]]},"properties":{"code":"CZ0323167","name":"Rokycany - vojensk\u00e9 cvi\u010di\u0161t\u011b","country":"Czech Republic","designation":"SAC","area_ha":66.3}},{"type":"Feature","geometry":{"type":"Polygon","coordinates":[[[13.2309,49.9914],[13.2313,49.9915],[13.2309,49.9915],[13.2309,49.9914]]]},"properties":{"code":"CZ0323640","name":"Man\u011bt\u00edn - kostel","country":"Czech Republic","designation":"SAC","area_ha":0.0}},{"type":"Feature","geometry":{"type":"MultiPolygon","coordinates":[[[[15.9824,48.8038],[15.9839,48.8061],[15.9806,48.8071],[15.9824,48.8038]]],[[[15.9828,48.8005],[15.9833,48.8022],[15.9819,48.8022],[15.9828,48.8005]]]]},"properties":{"code":"CZ0620004","name":"Fl\u00e1dnitzsk\u00e9 v\u0159esovi\u0161t\u011b","country":"Czech Republic","designation":"SAC","area_ha":5.5}},{"type":"Feature","geometry":{"type":"Polygon","coordinates":[[[16.0335,48.7867],[16.0425,48.7872],[16.0284,48.7892],[16.0335,48.7867]]]},"properties":{"code":"CZ0620418","name":"Hlubok\u00e9 louky","country":"Czech Republic","designation":"SAC","area_ha":7.9}},{"type":"Feature","geometry":{"type":"MultiPolygon","coordinates":[[[[16.0066,48.8055],[16.0089,48.8062],[16.0086,48.8075],[16.0066,48.8055]]],[[[16.0025,48.8044],[16.0065,48.8048],[16.003,48.8059],[16.0025,48.8044]]],[[[16.0081,48.7979],[16.0131,48.807],[16.009,48.8063],[16.0081,48.7979]],[[16.0099,48.8046],[16.0097,48.8049],[16.0101,48.8049],[16.0099,48.8046]]]]},"properties":{"code":"CZ0624118","name":"Skalky u Havran\u00edk\u016f","country":"Czech Republic","designation":"SAC","area_ha":17.3}},{"type":"Feature","geometry":{"type":"Polygon","coordinates":[[[15.9613,48.8755],[15.9651,48.878],[15.9563,48.8767],[15.9613,48.8755]]]},"properties":{"code":"CZ0623345","name":"Citonice - rybn\u00edk Skalka","country":"Czech Republic","designation":"SAC","area_ha":5.3}},{"type":"Feature","geometry":{"type":"Polygon","coordinates":[[[15.8096,48.8964],[15.8101,48.8964],[15.8101,48.8968],[15.8096,48.8964]]]},"properties":{"code":"CZ0623719","name":"Vranov nad Dyj\u00ed - z\u00e1kladn\u00ed \u0161kola","country":"Czech Republic","designation":"SAC","area_ha":0.1}},{"type":"Feature","geometry":{"type":"Polygon","coordinates":[[[15.948,48.8454],[15.943,48.8488],[15.9428,48.847],[15.948,48.8454]]]},"properties":{"code":"CZ0623360","name":"Podmol\u00ed - strouha","country":"Czech Republic","designation":"SAC","area_ha":5.1}},{"type":"Feature","geometry":{"type":"Polygon","coordinates":[[[15.9859,48.8571],[15.9885,48.8605],[15.9854,48.8604],[15.9859,48.8571]]]},"properties":{"code":"CZ0623357","name":"Ma\u0161ovick\u00fd lom","country":"Czech Republic","designation":"SAC","area_ha":9.3}},{"type":"Feature","geometry":{"type":"Polygon","coordinates":[[[15.9679,48.9074],[15.9689,48.9083],[15.9659,48.9084],[15.9679,48.9074]]]},"properties":{"code":"CZ0623372","name":"Lom u \u017der\u016ftek","country":"Czech Republic","designation":"SAC","area_ha":2.6}},{"type":"Feature","geometry":{"type":"Polygon","coordinates":[[[16.0152,48.8215],[16.0154,48.8217],[16.0151,48.8217],[16.0152,48.8215]]]},"properties":{"code":"CZ0623788","name":"Popice - fara","country":"Czech Republic","designation":"SAC","area_ha":0.0}},{"type":"Feature","geometry":{"type":"MultiPolygon","coordinates":[[[[15.705,48.932],[15.6996,48.942],[15.6998,48.9343],[15.705,48.932]]],[[[15.7061,48.9209],[15.7099,48.9209],[15.7091,48.93],[15.7061,48.9209]]],[[[15.8241,48.9099],[15.8398,48.9215],[15.8328,48.9246],[15.8203,48.92],[15.8099,48.9242],[15.8067,48.9272],[15.8118,48.9297],[15.805,48.928],[15.7996,48.9358],[15.7668,48.9437],[15.7703,48.9453],[15.7636,48.9473],[15.7666,48.9525],[15.7536,48.9532],[15.761,48.9449],[15.7517,48.9421],[15.7513,48.9355],[15.7398,48.9399],[15.7364,48.9431],[15.7397,48.9472],[15.7342,48.9498],[15.7293,48.9448],[15.7323,48.9421],[15.7279,48.9422],[15.7347,48.9343],[15.7307,48.9339],[15.7248,48.9424],[15.707,48.9431],[15.7183,48.9461],[15.716,48.9504],[15.6981,48.9518],[15.7044,48.9449],[15.6978,48.9451],[15.703,48.9392],[15.7144,48.9371],[15.7227,48.9412],[15.7252,48.9379],[15.7197,48.9341],[15.7403,48.9341],[15.7451,48.9243],[15.7425,48.9319],[15.7585,48.9334],[15.7535,48.9372],[15.7632,48.944],[15.7646,48.9392],[15.7819,48.9372],[15.7849,48.9314],[15.7955,48.9348],[15.8032,48.9271],[15.7994,48.9214],[15.8024,48.9156],[15.8142,48.9146],[15.8175,48.9182],[15.8201,48.913],[15.8242,48.9194],[15.8347,48.9205],[15.8248,48.919],[15.8241,48.9099]],[[15.786,48.9375],[15.7847,48.9385],[15.7857,48.9383],[15.786,48.9375]]],[[[15.7437,48.9139],[15.7199,48.9286],[15.7333,48.9273],[15.7373,48.9313],[15.7398,48.9215],[15.7464,48.9209],[15.7507,48.9229],[15.7487,48.9283],[15.7546,48.9238],[15.7662,48.9336],[15.7719,48.9267],[15.7969,48.928],[15.7945,48.9314],[15.7835,48.929],[15.7706,48.939],[15.7597,48.9391],[15.7605,48.9319],[15.745,48.9314],[15.7482,48.9244],[15.7448,48.9224],[15.7391,48.9326],[15.7295,48.9296],[15.7034,48.9372],[15.7147,48.9331],[15.7109,48.9227],[15.7308,48.9213],[15.7437,48.9139]]],[[[15.6329,48.8846],[15.6444,48.887],[15.6355,48.8892],[15.6381,48.8912],[15.6578,48.8867],[15.6657,48.8963],[15.716,48.9059],[15.7157,48.9194],[15.707,48.9095],[15.7099,48.9131],[15.7019,48.9183],[15.678,48.9164],[15.6887,48.9076],[15.6706,48.9028],[15.6753,48.8959],[15.6615,48.8951],[15.6572,48.8869],[15.6444,48.8913],[15.6509,48.892],[15.6474,48.8944],[15.6327,48.8951],[15.6337,48.887],[15.6251,48.8891],[15.6329,48.8846]]]]},"properties":{"code":"CZ0624095","name":"\u00dadol\u00ed Dyje","country":"Czech Republic","designation":"SAC","area_ha":1821.2}},{"type":"Feature","geometry":{"type":"Polygon","coordinates":[[[15.9676,48.7973],[15.9725,48.8042],[15.969,48.8122],[15.9798,48.8052],[15.9846,48.812],[15.9928,48.8051],[15.9976,48.8121],[16.0122,48.8178],[16.0143,48.8207],[16.0083,48.8222],[16.0106,48.8285],[16.0137,48.8309],[16.0195,48.8252],[16.0224,48.8292],[16.0172,48.8308],[16.0189,48.8358],[16.042,48.8441],[16.0417,48.8505],[16.0354,48.8521],[16.043,48.8568],[16.0297,48.8583],[16.0259,48.8532],[16.0161,48.8575],[15.9876,48.8549],[15.9819,48.8581],[15.9813,48.8534],[15.9858,48.852],[15.9812,48.8442],[15.9707,48.841],[15.9413,48.842],[15.9407,48.8481],[15.9263,48.8501],[15.9257,48.8543],[15.9231,48.8463],[15.9064,48.8566],[15.9069,48.8653],[15.895,48.8706],[15.9003,48.8786],[15.8938,48.8845],[15.8989,48.8881],[15.89,48.8861],[15.888,48.881],[15.8885,48.8884],[15.8825,48.8903],[15.8866,48.8951],[15.8801,48.901],[15.869,48.8987],[15.8659,48.9047],[15.8501,48.908],[15.8226,48.8947],[15.8182,48.8967],[15.8333,48.8912],[15.8078,48.8962],[15.809,48.8929],[15.801,48.8937],[15.8038,48.8922],[15.7906,48.8875],[15.801,48.8865],[15.8028,48.8819],[15.793,48.8739],[15.8277,48.8711],[15.8404,48.8774],[15.852,48.8681],[15.8416,48.8621],[15.8431,48.8594],[15.8646,48.8523],[15.8748,48.8549],[15.8715,48.8603],[15.8777,48.8591],[15.8838,48.8423],[15.8956,48.8491],[15.9046,48.8409],[15.8989,48.8378],[15.8926,48.8432],[15.8932,48.8346],[15.9202,48.8387],[15.9309,48.8335],[15.9243,48.8243],[15.9345,48.8192],[15.9404,48.8194],[15.9423,48.8278],[15.948,48.8268],[15.9467,48.8226],[15.9581,48.8233],[15.96,48.8198],[15.952,48.8139],[15.9497,48.8052],[15.9676,48.7973]]]},"properties":{"code":"CZ0624096","name":"Podyj\u00ed","country":"Czech Republic","designation":"SAC","area_ha":6273.8}},{"type":"Feature","geometry":{"type":"Polygon","coordinates":[[[15.6332,48.9143],[15.6343,48.9152],[15.6323,48.9148],[15.6332,48.9143]]]},"properties":{"code":"CZ0623718","name":"Uher\u010dice - z\u00e1mek","country":"Czech Republic","designation":"SAC","area_ha":0.9}},{"type":"Feature","geometry":{"type":"Polygon","coordinates":[[[13.7412,49.8806],[13.7571,49.8804],[13.7537,49.8852],[13.7667,49.8924],[13.8023,49.8884],[13.8332,49.9266],[13.849,49.9271],[13.8962,49.9418],[13.9207,49.9415],[13.9189,49.9494],[13.9231,49.9554],[13.9356,49.9579],[13.9513,49.9706],[13.9394,49.9713],[13.9447,49.9747],[13.929,49.9736],[13.9279,49.9785],[13.9644,49.9869],[13.9838,49.9815],[13.9824,49.9781],[13.9967,49.979],[14.0047,49.9857],[13.9928,49.9935],[14.0044,50.0011],[14.0332,49.9894],[14.0398,50.0],[14.0279,50.0044],[14.0405,50.0127],[14.0376,50.015],[14.056,50.0225],[14.0558,50.0264],[14.0434,50.0322],[14.0242,50.0324],[14.0349,50.0397],[14.0289,50.0478],[13.9938,50.0402],[13.9757,50.0428],[13.9659,50.0538],[13.9712,50.0946],[13.9787,50.0951],[13.9738,50.1148],[13.979,50.1202],[13.9605,50.12],[13.9555,50.1247],[13.9455,50.1199],[13.9203,50.1223],[13.8906,50.1349],[13.8707,50.1301],[13.862,50.1424],[13.8428,50.1485],[13.8063,50.1493],[13.819,50.1371],[13.7917,50.1304],[13.7835,50.1221],[13.8236,50.1028],[13.8275,50.1089],[13.8461,50.1053],[13.8669,50.1079],[13.8686,50.1025],[13.8761,50.1002],[13.8687,50.0914],[13.8778,50.0854],[13.8458,50.0807],[13.8444,50.077],[13.862,50.0631],[13.8619,50.0585],[13.8725,50.0537],[13.8517,50.0514],[13.8415,50.0577],[13.8289,50.0553],[13.8259,50.0609],[13.7868,50.0423],[13.7934,50.0386],[13.7847,50.0184],[13.8075,50.0122],[13.7887,50.0011],[13.757,49.9968],[13.7655,49.9923],[13.762,49.9886],[13.7709,49.98],[13.7613,49.9805],[13.7564,49.9759],[13.7497,49.9792],[13.7451,49.9763],[13.7441,49.9824],[13.7378,49.981],[13.7548,49.9708],[13.7485,49.9665],[13.7527,49.9583],[13.7448,49.9599],[13.744,49.9473],[13.7291,49.9418],[13.7277,49.9332],[13.7158,49.9327],[13.7391,49.9252],[13.7336,49.9113],[13.7399,49.9112],[13.7415,49.9057],[13.729,49.8987],[13.7339,49.8943],[13.7311,49.8865],[13.7412,49.8806]]]},"properties":{"code":"CZ0211001","name":"K\u0159ivokl\u00e1tsko","country":"Czech Republic","designation":"SPA","area_ha":31966.2}},{"type":"Feature","geometry":{"type":"Polygon","coordinates":[[[15.9814,48.7888],[15.9977,48.8045],[16.0127,48.8009],[16.0118,48.8078],[16.0186,48.8099],[16.0154,48.8107],[16.0321,48.8131],[16.0441,48.8211],[16.0414,48.8271],[16.0497,48.8314],[16.0464,48.8374],[16.0518,48.8481],[16.0271,48.8664],[16.0335,48.8601],[16.0219,48.861],[16.0239,48.8545],[15.9796,48.8577],[15.9766,48.853],[15.9669,48.8536],[15.951,48.8458],[15.9544,48.8433],[15.9493,48.8407],[15.9284,48.8443],[15.9064,48.8566],[15.9069,48.8653],[15.8948,48.8707],[15.9002,48.8787],[15.8939,48.8845],[15.8989,48.8879],[15.8899,48.8858],[15.8921,48.883],[15.8882,48.8809],[15.8886,48.8885],[15.8824,48.8904],[15.8865,48.8952],[15.8802,48.901],[15.869,48.8987],[15.8654,48.905],[15.8501,48.908],[15.8225,48.8947],[15.8182,48.8967],[15.8338,48.8909],[15.8082,48.8969],[15.8089,48.8929],[15.7906,48.8876],[15.7982,48.8878],[15.8027,48.8817],[15.7929,48.8739],[15.8275,48.8711],[15.84,48.8775],[15.8523,48.8674],[15.8428,48.8596],[15.8641,48.8524],[15.8751,48.8552],[15.8709,48.8603],[15.8775,48.8592],[15.8841,48.8423],[15.8957,48.8492],[15.9045,48.8414],[15.8991,48.8379],[15.8926,48.8433],[15.8935,48.8348],[15.9196,48.8388],[15.9307,48.8338],[15.9242,48.8244],[15.9347,48.819],[15.9406,48.8198],[15.9407,48.8276],[15.9477,48.8267],[15.9466,48.8226],[15.9579,48.8233],[15.9599,48.8199],[15.952,48.814],[15.9497,48.8052],[15.9814,48.7888]]]},"properties":{"code":"CZ0621032","name":"Podyj\u00ed","country":"Czech Republic","designation":"SPA","area_ha":7666.5}},{"type":"Feature","geometry":{"type":"MultiPolygon","coordinates":[[[[12.4457,54.1323],[12.433,54.1291],[12.4414,54.1242],[12.4556,54.1285],[12.4457,54.1323]]],[[[12.4517,54.1431],[12.453,54.1325],[12.4571,54.1331],[12.4589,54.141],[12.4517,54.1431]]]]},"properties":{"code":"DE1840301","name":"D\u00e4nschenburger Moor und Teufelsmoor bei Gresenhorst","country":"Germany","designation":"SAC","area_ha":136.8}},{"type":"Feature","geometry":{"type":"Polygon","coordinates":[[[12.3987,54.0903],[12.4085,54.0896],[12.4095,54.0958],[12.3836,54.0926],[12.3844,54.1036],[12.3909,54.1105],[12.4055,54.1149],[12.4029,54.1188],[12.3956,54.1147],[12.3912,54.1185],[12.3826,54.1119],[12.3783,54.1154],[12.3565,54.1091],[12.3682,54.1012],[12.3529,54.1003],[12.3389,54.0836],[12.3555,54.078],[12.3527,54.0846],[12.3567,54.0871],[12.3623,54.0843],[12.3644,54.0884],[12.3801,54.0898],[12.3827,54.0807],[12.3969,54.0824],[12.3934,54.0886],[12.3987,54.0903]]]},"properties":{"code":"DE1840302","name":"Billenh\u00e4ger Forst","country":"Germany","designation":"SAC","area_ha":870.1}},{"type":"Feature","geometry":{"type":"Polygon","coordinates":[[[12.0288,53.9316],[12.0204,53.9272],[12.0086,53.9301],[12.0008,53.9249],[12.0129,53.9259],[12.0068,53.9124],[12.0187,53.9096],[12.0162,53.9056],[12.0224,53.9028],[12.0487,53.9001],[12.0636,53.9122],[12.075,53.9096],[12.0789,53.9142],[12.0677,53.9254],[12.0791,53.9389],[12.065,53.938],[12.0608,53.9412],[12.0616,53.95],[12.0336,53.9414],[12.0322,53.9375],[12.0412,53.9351],[12.0465,53.9417],[12.0637,53.9381],[12.0599,53.9236],[12.0504,53.9214],[12.0433,53.9124],[12.0289,53.9161],[12.0313,53.9191],[12.0265,53.9204],[12.0321,53.9287],[12.0288,53.9316]],[[12.0582,53.9131],[12.0576,53.9127],[12.0566,53.9132],[12.0582,53.9131]],[[12.0674,53.9199],[12.0651,53.9192],[12.0659,53.9205],[12.0674,53.9199]]]},"properties":{"code":"DE2038301","name":"Kleingew\u00e4sserlandschaft an den Letschower Tannen (bei Schwaan)","country":"Germany","designation":"SAC","area_ha":1074.1}},{"type":"Feature","geometry":{"type":"Polygon","coordinates":[[[13.0348,53.9438],[13.0554,53.953],[13.0426,53.9575],[13.0459,53.9606],[13.0428,53.9628],[13.0567,53.9652],[13.0618,53.9745],[13.0389,53.975],[13.0346,53.9996],[13.0061,54.002],[13.0001,53.9983],[13.0055,53.9962],[13.0016,53.9928],[13.0053,53.9911],[12.9966,53.9882],[12.9968,53.9841],[13.0019,53.9763],[13.0117,53.98],[13.0153,53.9736],[13.003,53.9665],[13.0261,53.9621],[13.0221,53.9586],[13.0348,53.9438]],[[13.0394,53.9626],[13.0403,53.9583],[13.0368,53.9598],[13.0394,53.9626]],[[13.0416,53.9605],[13.0428,53.9612],[13.0429,53.9605],[13.0416,53.9605]],[[13.0289,53.9652],[13.0176,53.9779],[13.0338,53.9698],[13.0289,53.9652]]]},"properties":{"code":"DE2044302","name":"Drosedower Wald und Woldeforst","country":"Germany","designation":"SAC","area_ha":1184.2}},{"type":"Feature","geometry":{"type":"Polygon","coordinates":[[[12.4306,54.0494],[12.4312,54.0534],[12.4207,54.0605],[12.3981,54.0581],[12.4057,54.0446],[12.4306,54.0494]]]},"properties":{"code":"DE1940301","name":"Teufelsmoor bei Horst","country":"Germany","designation":"SAC","area_ha":301.7}},{"type":"Feature","geometry":{"type":"Polygon","coordinates":[[[12.4981,53.9359],[12.5146,53.937],[12.5155,53.9276],[12.5324,53.932],[12.5049,53.9443],[12.4787,53.9401],[12.4761,53.9326],[12.49,53.9312],[12.4981,53.9359]]]},"properties":{"code":"DE2041301","name":"Griever Holz","country":"Germany","designation":"SAC","area_ha":289.2}},{"type":"Feature","geometry":{"type":"MultiPolygon","coordinates":[[[[13.2423,54.0212],[13.2114,54.0107],[13.1954,54.0116],[13.1751,54.0058],[13.1691,53.9974],[13.1553,53.9919],[13.1478,53.9791],[13.1669,53.9741],[13.1046,53.9657],[13.0766,53.9512],[13.0633,53.9416],[13.0614,53.9284],[13.0504,53.9248],[13.0497,53.915],[13.0459,53.9219],[13.042,53.9167],[13.0179,53.9136],[13.0284,53.9068],[13.0317,53.8958],[13.0185,53.8934],[13.0169,53.9004],[13.0097,53.9017],[13.0084,53.8973],[12.993,53.8919],[12.9959,53.8884],[12.9584,53.8842],[12.9484,53.8872],[12.9566,53.8914],[12.9464,53.8966],[12.9359,53.8939],[12.9327,53.8782],[12.9111,53.8753],[12.8651,53.882],[12.8687,53.8652],[12.8641,53.8601],[12.8684,53.8586],[12.8592,53.8565],[12.8569,53.849],[12.8397,53.8457],[12.8319,53.8332],[12.8169,53.8356],[12.8017,53.8236],[12.8328,53.8161],[12.8893,53.847],[12.8907,53.8545],[12.8835,53.8607],[12.8855,53.8635],[12.9153,53.8662],[12.9104,53.8606],[12.932,53.8519],[12.936,53.8435],[12.9147,53.8426],[12.9108,53.8286],[12.927,53.8216],[12.9203,53.8117],[12.9251,53.8035],[12.9235,53.7986],[12.9076,53.802],[12.9044,53.7905],[12.9266,53.7873],[12.9251,53.7929],[12.942,53.7917],[12.9557,53.7983],[12.9664,53.824],[12.9377,53.8398],[12.9403,53.8481],[12.9304,53.8548],[12.9384,53.8611],[12.9316,53.8647],[12.9642,53.8738],[13.0024,53.8635],[12.9991,53.8678],[13.0114,53.8657],[13.0135,53.8701],[12.9963,53.8687],[12.9684,53.8762],[12.9931,53.8765],[13.0141,53.8885],[13.0278,53.8883],[13.036,53.8985],[13.0192,53.9136],[13.054,53.914],[13.0802,53.9296],[13.0879,53.9427],[13.0973,53.9482],[13.1161,53.9409],[13.1178,53.9436],[13.107,53.9472],[13.1158,53.9467],[13.1002,53.9493],[13.113,53.9575],[13.1335,53.96],[13.1581,53.9414],[13.1556,53.9496],[13.1407,53.9607],[13.1443,53.9624],[13.178,53.9555],[13.2122,53.9562],[13.2623,53.9653],[13.298,53.9618],[13.3056,53.9591],[13.3203,53.941],[13.3164,53.9406],[13.3313,53.9327],[13.3357,53.935],[13.3786,53.9052],[13.3765,53.9098],[13.3906,53.9052],[13.3879,53.9092],[13.3927,53.9094],[13.4066,53.9028],[13.4066,53.9087],[13.4376,53.9136],[13.4596,53.9039],[13.4617,53.8906],[13.5028,53.8769],[13.5083,53.8762],[13.5037,53.8795],[13.5071,53.8807],[13.52,53.8784],[13.5327,53.8668],[13.5364,53.8675],[13.5292,53.8793],[13.6052,53.8649],[13.6348,53.8522],[13.6354,53.8558],[13.6613,53.8544],[13.6853,53.8613],[13.687,53.8673],[13.6764,53.8771],[13.6299,53.8697],[13.6209,53.8711],[13.6203,53.8752],[13.5939,53.8768],[13.5984,53.8847],[13.5721,53.882],[13.5766,53.8844],[13.577,53.8931],[13.5573,53.8822],[13.4966,53.8908],[13.5011,53.8965],[13.4848,53.9005],[13.4805,53.9102],[13.4752,53.9075],[13.4454,53.9215],[13.4475,53.9252],[13.4434,53.9282],[13.3916,53.9168],[13.3916,53.9256],[13.3856,53.9182],[13.3716,53.9212],[13.331,53.942],[13.3287,53.9451],[13.3332,53.9469],[13.3168,53.9595],[13.322,53.9593],[13.3033,53.9706],[13.3076,53.9775],[13.3025,53.9739],[13.2521,53.976],[13.2062,53.9662],[13.1836,53.9716],[13.1837,53.9771],[13.1567,53.9828],[13.1583,53.9916],[13.1746,53.9936],[13.1687,53.995],[13.1763,54.0032],[13.2202,54.0133],[13.2353,54.012],[13.2423,54.0212]],[[12.9389,53.8005],[12.9402,53.8006],[12.9398,53.8002],[12.9389,53.8005]],[[12.9349,53.8029],[12.9336,53.8036],[12.9349,53.8036],[12.9349,53.8029]],[[12.9376,53.8041],[12.9387,53.8032],[12.9376,53.8033],[12.9376,53.8041]],[[12.9337,53.808],[12.9338,53.8085],[12.9352,53.8084],[12.9337,53.808]],[[12.9338,53.8105],[12.9353,53.8109],[12.935,53.8102],[12.9338,53.8105]],[[12.9333,53.8213],[12.9346,53.8216],[12.9345,53.821],[12.9333,53.8213]],[[12.9395,53.8233],[12.9412,53.8225],[12.9395,53.8224],[12.9395,53.8233]],[[12.9285,53.8285],[12.9288,53.8291],[12.93,53.8289],[12.9285,53.8285]],[[12.9334,53.8343],[12.9351,53.8362],[12.9367,53.8357],[12.9334,53.8343]],[[13.003,53.8923],[13.0045,53.8924],[13.0041,53.8919],[13.003,53.8923]],[[13.008,53.8945],[13.0066,53.8952],[13.0097,53.8949],[13.008,53.8945]],[[13.1326,53.9683],[13.1321,53.9613],[13.1278,53.961],[13.1281,53.9649],[13.1246,53.9604],[13.1326,53.9683]],[[13.1522,53.9855],[13.1534,53.9859],[13.1535,53.9853],[13.1522,53.9855]]],[[[12.903,53.8124],[12.9065,53.8164],[12.9008,53.8117],[12.903,53.8124]]],[[[12.9144,53.8192],[12.9156,53.823],[12.9119,53.8233],[12.9071,53.8188],[12.9168,53.816],[12.9144,53.8192]]]]},"properties":{"code":"DE2045302","name":"Peenetal mit Zufl\u00fcssen, Kleingew\u00e4sserlandschaft am Kummerower See","country":"Germany","designation":"SAC","area_ha":11110.1}},{"type":"Feature","geometry":{"type":"Polygon","coordinates":[[[12.42,53.9022],[12.4035,53.907],[12.4032,53.8942],[12.4105,53.8971],[12.4156,53.8939],[12.4247,53.9002],[12.42,53.9022]],[[12.4156,53.9038],[12.4155,53.9033],[12.4151,53.9035],[12.4156,53.9038]]]},"properties":{"code":"DE2040301","name":"Kleingew\u00e4sserlandschaft bei Jahmen","country":"Germany","designation":"SAC","area_ha":119.4}},{"type":"Feature","geometry":{"type":"Polygon","coordinates":[[[12.5891,53.9019],[12.5882,53.8966],[12.5961,53.8956],[12.5897,53.8866],[12.6063,53.8879],[12.6041,53.8938],[12.6104,53.8983],[12.5891,53.9019]]]},"properties":{"code":"DE2141301","name":"Kleingew\u00e4sserlandschaft n\u00f6rdlich von J\u00f6rdenstorf","country":"Germany","designation":"SAC","area_ha":168.3}},{"type":"Feature","geometry":{"type":"MultiPolygon","coordinates":[[[[12.0101,53.7841],[11.9998,53.7809],[12.0056,53.7755],[11.9776,53.7566],[11.9502,53.7576],[11.957,53.7639],[11.9527,53.7669],[11.9586,53.7697],[11.9537,53.7744],[11.9193,53.7711],[11.9128,53.7666],[11.9187,53.7646],[11.9149,53.7615],[11.9238,53.752],[11.9635,53.7457],[11.9709,53.736],[11.9872,53.7375],[11.9874,53.7342],[12.0155,53.7451],[12.0095,53.7521],[12.0163,53.757],[12.0057,53.757],[11.9955,53.7482],[11.9985,53.7418],[11.9885,53.7414],[11.9898,53.7583],[12.0063,53.759],[12.0115,53.7658],[12.0148,53.7744],[12.0072,53.7774],[12.0163,53.782],[12.0101,53.7841]],[[11.9795,53.7513],[11.9828,53.7486],[11.9796,53.7486],[11.9795,53.7513]],[[11.9506,53.7571],[11.9507,53.7571],[11.9507,53.7571],[11.9506,53.7571]],[[12.0002,53.762],[12.0006,53.7614],[11.9992,53.7613],[12.0002,53.762]],[[11.9962,53.7633],[11.9966,53.7634],[11.9969,53.7629],[11.9962,53.7633]]],[[[12.0354,53.7473],[12.0256,53.75],[12.0157,53.7449],[12.0166,53.7369],[12.0002,53.7324],[11.9987,53.7157],[12.0222,53.7094],[12.0203,53.6987],[12.024,53.6954],[12.0121,53.6959],[12.0144,53.692],[12.0387,53.6911],[12.0388,53.6981],[12.0477,53.6997],[12.0383,53.7047],[12.0434,53.7104],[12.0595,53.713],[12.0594,53.7293],[12.0513,53.7288],[12.0452,53.7206],[12.0379,53.7226],[12.047,53.7256],[12.0544,53.7366],[12.0383,53.7381],[12.0466,53.7464],[12.0354,53.7473]]],[[[12.0935,53.7542],[12.0698,53.7473],[12.0674,53.7443],[12.0738,53.7418],[12.0609,53.7392],[12.0592,53.7323],[12.0867,53.7381],[12.0929,53.7357],[12.1079,53.7477],[12.0974,53.7487],[12.0935,53.7542]],[[12.0811,53.743],[12.0811,53.7431],[12.0811,53.743],[12.0811,53.743]]]]},"properties":{"code":"DE2238302","name":"Wald- und Gew\u00e4sserlandschaft um Gro\u00df Upahl und Boitin","country":"Germany","designation":"SAC","area_ha":3492.6}},{"type":"Feature","geometry":{"type":"Polygon","coordinates":[[[12.9472,53.7094],[12.9479,53.7134],[12.9558,53.7135],[12.9454,53.7192],[12.9563,53.7185],[12.9575,53.7251],[12.9309,53.7194],[12.9252,53.7105],[12.9337,53.7073],[12.9137,53.6985],[12.9333,53.7029],[12.933,53.7087],[12.9472,53.7094]]]},"properties":{"code":"DE2243302","name":"Ivenacker Tiergarten, Stavenhagener Stadtholz und Umgebung","country":"Germany","designation":"SAC","area_ha":278.1}},{"type":"Feature","geometry":{"type":"Polygon","coordinates":[[[12.7424,53.8838],[12.7334,53.8817],[12.7313,53.8768],[12.7375,53.8668],[12.7522,53.866],[12.765,53.8735],[12.7525,53.8787],[12.7669,53.8837],[12.7887,53.8826],[12.791,53.8928],[12.7782,53.8953],[12.7682,53.9038],[12.7571,53.8919],[12.7406,53.8907],[12.7424,53.8838]]]},"properties":{"code":"DE2142301","name":"Wald- und Kleingew\u00e4sserlandschaft s\u00fcd\u00f6stlich von Altkalen","country":"Germany","designation":"SAC","area_ha":702.6}},{"type":"Feature","geometry":{"type":"Polygon","coordinates":[[[12.2877,53.7898],[12.2833,53.7863],[12.2874,53.7833],[12.2852,53.7776],[12.2917,53.7767],[12.296,53.7789],[12.2877,53.7898]]]},"properties":{"code":"DE2239303","name":"Bunker in G\u00fcstrow-Priemerburg","country":"Germany","designation":"SAC","area_ha":62.5}},{"type":"Feature","geometry":{"type":"MultiPolygon","coordinates":[[[[12.5964,53.7429],[12.5811,53.7466],[12.5819,53.7407],[12.5921,53.738],[12.5667,53.7309],[12.5549,53.7333],[12.5668,53.7258],[12.5526,53.7227],[12.5513,53.7189],[12.5705,53.7131],[12.5625,53.7119],[12.5617,53.7079],[12.5542,53.7096],[12.5485,53.7004],[12.5344,53.7058],[12.5193,53.7017],[12.5373,53.7163],[12.5353,53.7208],[12.5134,53.7197],[12.5023,53.7117],[12.4962,53.7133],[12.4961,53.7211],[12.5084,53.7322],[12.4897,53.7327],[12.4711,53.7244],[12.4793,53.7104],[12.4721,53.7044],[12.4756,53.702],[12.4636,53.7059],[12.4539,53.7018],[12.4566,53.693],[12.4471,53.6892],[12.4649,53.6768],[12.4565,53.6717],[12.4672,53.666],[12.4731,53.6694],[12.4641,53.6756],[12.4786,53.6778],[12.4846,53.6846],[12.4739,53.6902],[12.4916,53.69],[12.4927,53.695],[12.4883,53.6963],[12.4942,53.6978],[12.524,53.6879],[12.5429,53.6897],[12.5421,53.6852],[12.5551,53.6834],[12.5445,53.6789],[12.5651,53.6798],[12.5649,53.6884],[12.5708,53.6904],[12.5677,53.6952],[12.5534,53.6963],[12.5525,53.7007],[12.5607,53.7008],[12.5705,53.7108],[12.5799,53.712],[12.5843,53.7202],[12.6007,53.7194],[12.6027,53.7154],[12.5983,53.7111],[12.6202,53.7154],[12.6151,53.7253],[12.6063,53.7208],[12.5944,53.7243],[12.6102,53.7297],[12.5969,53.7362],[12.5964,53.7429]],[[12.4579,53.6896],[12.4585,53.6902],[12.46,53.6894],[12.4579,53.6896]],[[12.4558,53.6913],[12.4568,53.691],[12.4566,53.6908],[12.4558,53.6913]],[[12.5371,53.6969],[12.543,53.6962],[12.5351,53.6947],[12.5371,53.6969]]],[[[12.5258,53.7699],[12.5299,53.7767],[12.5112,53.7634],[12.5303,53.7538],[12.5475,53.7535],[12.5526,53.7578],[12.5478,53.7617],[12.5341,53.7592],[12.5406,53.7659],[12.5258,53.7699]]]]},"properties":{"code":"DE2241302","name":"Wald- und Kleingew\u00e4sserlandschaft s\u00fcdlich von Teterow","country":"Germany","designation":"SAC","area_ha":3359.2}},{"type":"Feature","geometry":{"type":"Polygon","coordinates":[[[12.7479,53.7751],[12.7597,53.7878],[12.7797,53.7858],[12.7831,53.794],[12.7693,53.7951],[12.7625,53.8017],[12.7039,53.7973],[12.7268,53.7874],[12.6967,53.7829],[12.6947,53.7775],[12.6865,53.7766],[12.689,53.7717],[12.6832,53.7685],[12.6898,53.7715],[12.6906,53.7676],[12.706,53.7657],[12.6925,53.7574],[12.7269,53.7572],[12.7331,53.7581],[12.7289,53.7656],[12.7402,53.7655],[12.7479,53.7751]],[[12.7353,53.7745],[12.7097,53.7787],[12.7465,53.7786],[12.7353,53.7745]]]},"properties":{"code":"DE2242302","name":"Stauchmor\u00e4ne n\u00f6rdlich von Remplin","country":"Germany","designation":"SAC","area_ha":1520.1}},{"type":"Feature","geometry":{"type":"Polygon","coordinates":[[[12.9281,53.7396],[12.9314,53.7528],[12.9492,53.76],[12.9263,53.7709],[12.9167,53.7707],[12.9162,53.776],[12.9074,53.7739],[12.9208,53.761],[12.9141,53.7594],[12.9173,53.7563],[12.9047,53.746],[12.8665,53.7481],[12.8718,53.7387],[12.9002,53.7405],[12.9073,53.7333],[12.9185,53.7335],[12.9281,53.7396]]]},"properties":{"code":"DE2243301","name":"Wald n\u00f6rdlich von Basepohl","country":"Germany","designation":"SAC","area_ha":823.5}},{"type":"Feature","geometry":{"type":"MultiPolygon","coordinates":[[[[13.037,53.9026],[13.032,53.903],[13.0481,53.8934],[13.0673,53.892],[13.0753,53.8857],[13.0668,53.8839],[13.0809,53.8798],[13.077,53.874],[13.082,53.8729],[13.0761,53.8695],[13.0864,53.8671],[13.0714,53.8523],[13.0795,53.8437],[13.0713,53.8351],[13.0779,53.8329],[13.0868,53.8416],[13.0886,53.8351],[13.0778,53.8271],[13.0784,53.8145],[13.0811,53.8265],[13.0905,53.835],[13.1542,53.8204],[13.1615,53.8171],[13.1654,53.8069],[13.1836,53.8034],[13.1697,53.8066],[13.1607,53.8139],[13.1637,53.8175],[13.1507,53.8225],[13.1266,53.825],[13.0905,53.8365],[13.0807,53.8492],[13.0722,53.8518],[13.0836,53.855],[13.0881,53.8668],[13.0919,53.8655],[13.0785,53.8693],[13.0849,53.8726],[13.0837,53.8795],[13.0681,53.8966],[13.0755,53.8925],[13.1404,53.8887],[13.1849,53.8491],[13.2327,53.8389],[13.2512,53.8295],[13.265,53.818],[13.2436,53.8189],[13.2497,53.8173],[13.2422,53.8149],[13.2341,53.8202],[13.2384,53.8238],[13.2116,53.8143],[13.2025,53.8166],[13.2138,53.8103],[13.2165,53.7951],[13.2415,53.7865],[13.2319,53.7749],[13.2508,53.7774],[13.2482,53.779],[13.2644,53.7858],[13.2642,53.7896],[13.2557,53.7896],[13.2585,53.7939],[13.2681,53.7942],[13.2548,53.7992],[13.2609,53.8027],[13.2495,53.8068],[13.2559,53.8088],[13.2718,53.8103],[13.2847,53.7963],[13.3089,53.7874],[13.3114,53.7779],[13.3045,53.7766],[13.3095,53.7747],[13.3032,53.7694],[13.3085,53.7668],[13.3003,53.7631],[13.3003,53.7546],[13.307,53.7465],[13.3009,53.7431],[13.3079,53.7414],[13.3031,53.7376],[13.2776,53.7334],[13.2675,53.7401],[13.2694,53.7463],[13.2541,53.7445],[13.2476,53.7554],[13.2425,53.7545],[13.2433,53.7473],[13.2249,53.7496],[13.2232,53.7437],[13.2101,53.7361],[13.1905,53.73],[13.1744,53.7306],[13.2003,53.7321],[13.2289,53.7467],[13.2574,53.7392],[13.2527,53.734],[13.2768,53.7339],[13.2569,53.7197],[13.2615,53.7194],[13.2539,53.7072],[13.2584,53.6959],[13.251,53.6874],[13.2515,53.6768],[13.2456,53.6772],[13.2509,53.6598],[13.2398,53.6499],[13.1933,53.658],[13.1637,53.6738],[13.1514,53.6693],[13.1632,53.6732],[13.1928,53.6568],[13.2303,53.65],[13.2328,53.6369],[13.2417,53.6383],[13.2414,53.6249],[13.2336,53.6174],[13.2409,53.6129],[13.2381,53.601],[13.2265,53.5975],[13.2224,53.5867],[13.2038,53.5768],[13.1936,53.5783],[13.176,53.5667],[13.1596,53.5669],[13.1647,53.5595],[13.1574,53.5542],[13.1685,53.5603],[13.177,53.5593],[13.1757,53.5644],[13.1819,53.5641],[13.1901,53.5723],[13.2092,53.5743],[13.2228,53.5859],[13.2291,53.5734],[13.2252,53.5672],[13.2299,53.5598],[13.2394,53.5585],[13.2354,53.5626],[13.2381,53.5715],[13.249,53.5814],[13.2559,53.5799],[13.2645,53.6004],[13.259,53.6217],[13.2662,53.6413],[13.2817,53.6543],[13.2745,53.6667],[13.2648,53.6627],[13.2584,53.6678],[13.2622,53.6799],[13.256,53.6923],[13.2631,53.6986],[13.2593,53.7098],[13.2703,53.7204],[13.2815,53.7224],[13.279,53.7252],[13.2886,53.7241],[13.2878,53.7274],[13.2966,53.7311],[13.3098,53.7318],[13.3162,53.7407],[13.3243,53.7425],[13.3221,53.7564],[13.328,53.7603],[13.3136,53.7616],[13.3158,53.7665],[13.3122,53.7675],[13.3144,53.7835],[13.3203,53.7845],[13.3175,53.7905],[13.3098,53.7907],[13.241,53.8431],[13.1958,53.8556],[13.1666,53.8786],[13.1701,53.8832],[13.1534,53.8936],[13.1347,53.898],[13.0585,53.8971],[13.037,53.9026]],[[13.2548,53.6899],[13.2544,53.6907],[13.2554,53.6915],[13.2548,53.6899]],[[13.255,53.6922],[13.255,53.6941],[13.256,53.6943],[13.255,53.6922]],[[13.2644,53.8172],[13.269,53.8178],[13.2653,53.816],[13.2644,53.8172]],[[13.2347,53.841],[13.233,53.8405],[13.234,53.8417],[13.2347,53.841]],[[13.2353,53.8416],[13.2371,53.8425],[13.2352,53.8408],[13.2353,53.8416]]],[[[13.2356,53.8258],[13.2359,53.8261],[13.2352,53.8261],[13.2356,53.8258]]]]},"properties":{"code":"DE2245302","name":"Tollensetal mit Zufl\u00fcssen","country":"Germany","designation":"SAC","area_ha":6892.6}},{"type":"Feature","geometry":{"type":"Polygon","coordinates":[[[13.0705,53.7265],[13.0625,53.7273],[13.0591,53.7177],[13.1003,53.7214],[13.0825,53.7259],[13.0762,53.7215],[13.0705,53.7265]],[[13.0695,53.7239],[13.0704,53.7237],[13.0703,53.7232],[13.0695,53.7239]]]},"properties":{"code":"DE2244301","name":"G\u00fctzkower Wald und anschlie\u00dfende Kleingew\u00e4sser","country":"Germany","designation":"SAC","area_ha":175.4}},{"type":"Feature","geometry":{"type":"MultiPolygon","coordinates":[[[[12.2123,53.7833],[12.2003,53.776],[12.1988,53.7692],[12.1605,53.7652],[12.1661,53.7621],[12.1532,53.7654],[12.1557,53.7636],[12.1499,53.7598],[12.1356,53.7577],[12.1364,53.7504],[12.178,53.753],[12.184,53.758],[12.2112,53.7628],[12.2132,53.7697],[12.208,53.7733],[12.2123,53.7833]]],[[[12.1356,53.7544],[12.1335,53.7571],[12.1296,53.7477],[12.1194,53.7479],[12.1368,53.7452],[12.1322,53.7471],[12.1356,53.7544]]]]},"properties":{"code":"DE2239302","name":"Inselsee G\u00fcstrow","country":"Germany","designation":"SAC","area_ha":693.9}},{"type":"Feature","geometry":{"type":"Polygon","coordinates":[[[13.4191,53.7074],[13.391,53.7131],[13.396,53.7077],[13.3807,53.6993],[13.3878,53.695],[13.4191,53.7074]]]},"properties":{"code":"DE2246301","name":"Talmoorkomplex des Kleinen Landgrabens bei Werder","country":"Germany","designation":"SAC","area_ha":211.1}},{"type":"Feature","geometry":{"type":"Polygon","coordinates":[[[12.4389,53.7082],[12.4436,53.7114],[12.4339,53.7112],[12.4389,53.7082]]]},"properties":{"code":"DE2240301","name":"Feldgeh\u00f6lz und Park von Rothspalk","country":"Germany","designation":"SAC","area_ha":14.0}},{"type":"Feature","geometry":{"type":"Polygon","coordinates":[[[12.1087,53.6497],[12.0988,53.652],[12.103,53.6488],[12.1087,53.6497]]]},"properties":{"code":"DE2338302","name":"Bolzsee bei Oldenstorf","country":"Germany","designation":"SAC","area_ha":13.4}},{"type":"Feature","geometry":{"type":"MultiPolygon","coordinates":[[[[12.6694,53.7254],[12.6462,53.7207],[12.628,53.7088],[12.6235,53.7111],[12.6164,53.703],[12.607,53.7047],[12.5984,53.6936],[12.6047,53.6886],[12.5901,53.6842],[12.5743,53.6928],[12.5881,53.7034],[12.5778,53.6987],[12.5677,53.7062],[12.5773,53.6988],[12.5725,53.6924],[12.585,53.6862],[12.5839,53.6807],[12.5678,53.6801],[12.5639,53.6772],[12.5684,53.6708],[12.5561,53.6704],[12.5532,53.6632],[12.5452,53.6593],[12.5186,53.6547],[12.5056,53.6577],[12.5073,53.6531],[12.5012,53.6525],[12.5134,53.6478],[12.5127,53.641],[12.5184,53.6429],[12.5146,53.6532],[12.5261,53.6517],[12.5302,53.6557],[12.5255,53.6465],[12.5375,53.6444],[12.5463,53.6481],[12.5549,53.6428],[12.5774,53.6469],[12.5793,53.6382],[12.5835,53.6391],[12.5835,53.6448],[12.602,53.6423],[12.6018,53.6465],[12.5878,53.6456],[12.5851,53.6557],[12.568,53.6581],[12.5662,53.6624],[12.6128,53.6648],[12.6282,53.6723],[12.6257,53.6786],[12.629,53.6807],[12.6389,53.6731],[12.629,53.6814],[12.6375,53.6819],[12.6461,53.6892],[12.6779,53.6939],[12.6733,53.6945],[12.681,53.7007],[12.6938,53.6965],[12.698,53.7039],[12.6819,53.7066],[12.6813,53.7016],[12.6674,53.6941],[12.6508,53.6919],[12.6731,53.7184],[12.6746,53.723],[12.6694,53.7254]],[[12.5434,53.6505],[12.5441,53.651],[12.5445,53.6507],[12.5434,53.6505]],[[12.577,53.6548],[12.5774,53.6543],[12.576,53.6539],[12.577,53.6548]],[[12.5332,53.6553],[12.5327,53.6552],[12.5325,53.6557],[12.5332,53.6553]],[[12.561,53.6605],[12.5612,53.6609],[12.5622,53.6608],[12.561,53.6605]]],[[[12.6213,53.664],[12.6155,53.6611],[12.6191,53.6586],[12.6008,53.6611],[12.6044,53.6521],[12.6225,53.6352],[12.6312,53.6449],[12.6198,53.6495],[12.6213,53.664]],[[12.6119,53.6586],[12.6109,53.6587],[12.6106,53.6594],[12.6119,53.6586]],[[12.6059,53.6609],[12.6045,53.6612],[12.6057,53.6613],[12.6059,53.6609]]]]},"properties":{"code":"DE2341302","name":"Malchiner See und Umgebung","country":"Germany","designation":"SAC","area_ha":3460.1}},{"type":"Feature","geometry":{"type":"Polygon","coordinates":[[[12.8973,53.6169],[12.9069,53.6146],[12.8984,53.6036],[12.9075,53.6144],[12.9201,53.6099],[12.9216,53.6131],[12.9198,53.6106],[12.901,53.6202],[12.8779,53.6206],[12.8973,53.6169]]]},"properties":{"code":"DE2343301","name":"Baumreihen und Wald bei Kittendorf","country":"Germany","designation":"SAC","area_ha":53.2}},{"type":"Feature","geometry":{"type":"Polygon","coordinates":[[[12.2295,53.6664],[12.2459,53.6587],[12.2537,53.6662],[12.2515,53.6728],[12.2354,53.6769],[12.2315,53.6744],[12.2351,53.6691],[12.2295,53.6664]]]},"properties":{"code":"DE2339303","name":"Cossensee und Siggen","country":"Germany","designation":"SAC","area_ha":193.8}},{"type":"Feature","geometry":{"type":"Polygon","coordinates":[[[12.8106,53.6586],[12.8045,53.6653],[12.8094,53.6739],[12.7893,53.6799],[12.7975,53.6925],[12.7761,53.6984],[12.7745,53.7074],[12.7667,53.7096],[12.7743,53.6961],[12.7821,53.6953],[12.7814,53.6887],[12.7651,53.6814],[12.7675,53.6719],[12.7762,53.6781],[12.7955,53.6766],[12.8044,53.6724],[12.8017,53.665],[12.8078,53.6608],[12.7984,53.6583],[12.8106,53.6586]]]},"properties":{"code":"DE2342301","name":"Ostpeene und Benz","country":"Germany","designation":"SAC","area_ha":387.9}},{"type":"Feature","geometry":{"type":"Polygon","coordinates":[[[13.2717,53.627],[13.2781,53.6227],[13.3017,53.6251],[13.3043,53.6334],[13.299,53.6382],[13.293,53.6331],[13.2721,53.6349],[13.2659,53.6282],[13.2717,53.627]]]},"properties":{"code":"DE2345304","name":"Wald- und Kleingew\u00e4sserlandschaft zwischen Hohenmin und Podewall","country":"Germany","designation":"SAC","area_ha":255.3}},{"type":"Feature","geometry":{"type":"Polygon","coordinates":[[[13.0816,53.6531],[13.0779,53.6442],[13.0898,53.6362],[13.0836,53.6341],[13.0814,53.6237],[13.0926,53.641],[13.1037,53.6433],[13.1042,53.652],[13.0956,53.66],[13.0809,53.6625],[13.0816,53.6531]]]},"properties":{"code":"DE2344301","name":"Kastorfer Rinne","country":"Germany","designation":"SAC","area_ha":386.5}},{"type":"Feature","geometry":{"type":"Polygon","coordinates":[[[12.6378,53.7854],[12.6344,53.7871],[12.6434,53.7857],[12.6378,53.7854]],[[12.6203,53.7749],[12.6191,53.7749],[12.623,53.7745],[12.6203,53.7749]],[[12.625,53.7763],[12.6225,53.7775],[12.6223,53.7774],[12.625,53.7763]],[[12.629,53.7781],[12.6257,53.7796],[12.6267,53.7785],[12.629,53.7781]],[[12.6351,53.7798],[12.6303,53.7814],[12.6357,53.7795],[12.6351,53.7798]]]},"properties":{"code":"DE2241303","name":"Schluchtw\u00e4lder bei Teschow","country":"Germany","designation":"SAC","area_ha":6.1}},{"type":"Feature","geometry":{"type":"Polygon","coordinates":[[[12.682,53.7885],[12.6663,53.7951],[12.6611,53.792],[12.682,53.7885]]]},"properties":{"code":"DE2242304","name":"Beekbusch bei Hohen Mistorf","country":"Germany","designation":"SAC","area_ha":36.8}},{"type":"Feature","geometry":{"type":"Polygon","coordinates":[[[12.0465,53.6795],[12.0644,53.6792],[12.0798,53.6681],[12.0741,53.6639],[12.0784,53.6598],[12.0957,53.6602],[12.1121,53.6764],[12.1369,53.6757],[12.1336,53.6883],[12.1219,53.6918],[12.1235,53.6871],[12.1158,53.6851],[12.1171,53.6794],[12.1094,53.6828],[12.1073,53.6698],[12.0881,53.6601],[12.0804,53.6642],[12.0865,53.6651],[12.0756,53.6695],[12.0701,53.6767],[12.0724,53.6805],[12.061,53.6919],[12.0517,53.6885],[12.0583,53.6887],[12.0543,53.6843],[12.0446,53.6889],[12.0212,53.6822],[11.9855,53.6825],[11.9779,53.6718],[11.9645,53.6711],[11.951,53.664],[11.9599,53.6607],[11.9516,53.661],[11.9469,53.6707],[11.9568,53.6803],[11.9648,53.6802],[11.9675,53.6865],[11.9472,53.6857],[11.944,53.6883],[11.9532,53.6922],[11.9366,53.6977],[11.936,53.7077],[11.9635,53.7209],[11.9598,53.7239],[11.9492,53.7215],[11.9485,53.7121],[11.9056,53.7077],[11.9011,53.7161],[11.8867,53.7176],[11.8704,53.7293],[11.8523,53.7199],[11.8441,53.7209],[11.8468,53.7289],[11.8348,53.7379],[11.8444,53.7271],[11.8343,53.7227],[11.8478,53.7108],[11.8657,53.7219],[11.8675,53.7149],[11.8991,53.7162],[11.9054,53.7071],[11.9332,53.7075],[11.935,53.6978],[11.9527,53.6907],[11.943,53.6885],[11.9467,53.6827],[11.9553,53.6818],[11.9453,53.6697],[11.9554,53.658],[11.954,53.654],[11.981,53.6572],[11.9802,53.6529],[11.9873,53.6535],[11.9868,53.6463],[11.9919,53.6425],[12.0054,53.6394],[12.02,53.6448],[12.019,53.648],[12.0407,53.6446],[12.0403,53.6361],[12.0316,53.6309],[12.0356,53.6285],[12.0314,53.6233],[12.0398,53.6194],[12.0518,53.6245],[12.0365,53.6323],[12.0413,53.6416],[12.0463,53.641],[12.0459,53.6336],[12.0528,53.6262],[12.0691,53.6192],[12.0585,53.6097],[12.015,53.612],[12.0198,53.6065],[12.0506,53.6033],[12.0575,53.5892],[12.1017,53.5956],[12.0979,53.5902],[12.1065,53.589],[12.1065,53.5836],[12.1182,53.5776],[12.1107,53.5701],[12.1256,53.5719],[12.1234,53.5763],[12.1349,53.58],[12.1495,53.5734],[12.1412,53.5708],[12.1683,53.5637],[12.1744,53.5693],[12.1771,53.5636],[12.187,53.565],[12.1859,53.5696],[12.1981,53.5782],[12.1791,53.592],[12.1369,53.5806],[12.1475,53.6027],[12.1403,53.6102],[12.1203,53.6142],[12.1034,53.605],[12.0963,53.5924],[12.0581,53.5897],[12.0514,53.6034],[12.0677,53.6103],[12.0692,53.6035],[12.0833,53.6065],[12.0988,53.6145],[12.0886,53.6185],[12.0765,53.6145],[12.0536,53.6265],[12.047,53.6342],[12.0557,53.6396],[12.0614,53.6375],[12.0579,53.6445],[12.019,53.6517],[12.0462,53.6564],[12.0496,53.6713],[12.0418,53.6788],[12.0465,53.6795]],[[12.1196,53.5733],[12.1202,53.5735],[12.1204,53.5732],[12.1196,53.5733]],[[12.1014,53.5956],[12.1008,53.595],[12.1006,53.5951],[12.1014,53.5956]],[[12.0084,53.6529],[12.0039,53.6515],[11.9976,53.6529],[12.0084,53.6529]],[[11.9906,53.6535],[11.982,53.6529],[11.987,53.6579],[11.9808,53.6588],[12.0003,53.6622],[11.9945,53.6628],[12.0037,53.6694],[12.0116,53.6675],[12.0038,53.6555],[11.9906,53.6535]],[[11.969,53.6598],[11.9693,53.6603],[11.9703,53.6602],[11.969,53.6598]],[[12.0178,53.6771],[12.0205,53.6804],[12.0258,53.6782],[12.0178,53.6771]],[[12.0414,53.6795],[12.0414,53.6801],[12.0424,53.6803],[12.0414,53.6795]],[[12.0431,53.6816],[12.044,53.6853],[12.0476,53.6862],[12.0431,53.6816]]]},"properties":{"code":"DE2338304","name":"Mildenitztal mit Zufl\u00fcssen und verbundenen Seen","country":"Germany","designation":"SAC","area_ha":5311.7}},{"type":"Feature","geometry":{"type":"Polygon","coordinates":[[[12.39,53.5522],[12.3905,53.5557],[12.3789,53.56],[12.3668,53.5555],[12.3624,53.5593],[12.351,53.5582],[12.3551,53.5713],[12.3453,53.5781],[12.3288,53.5751],[12.3192,53.568],[12.3284,53.5601],[12.3202,53.556],[12.3294,53.5502],[12.3348,53.5555],[12.3454,53.5486],[12.3578,53.5179],[12.3695,53.511],[12.367,53.5179],[12.3757,53.5193],[12.3806,53.5319],[12.3692,53.5331],[12.3696,53.5372],[12.374,53.5435],[12.3901,53.5449],[12.39,53.5522]]]},"properties":{"code":"DE2440301","name":"Drewitzer See mit L\u00fcbowsee und Dreiersee","country":"Germany","designation":"SAC","area_ha":1462.6}},{"type":"Feature","geometry":{"type":"Polygon","coordinates":[[[11.9226,53.5656],[11.8966,53.5653],[11.8889,53.5707],[11.8898,53.5811],[11.8783,53.5831],[11.8612,53.5781],[11.8771,53.5727],[11.8717,53.5693],[11.8742,53.5608],[11.8668,53.553],[11.8828,53.5526],[11.8862,53.5465],[11.9192,53.5609],[11.931,53.5618],[11.9431,53.5524],[11.9636,53.5577],[11.966,53.5718],[11.987,53.5578],[11.9909,53.5658],[11.9968,53.5669],[11.9947,53.5545],[11.9855,53.5451],[11.9654,53.5575],[11.9609,53.5446],[11.9657,53.5379],[11.9773,53.5384],[11.9821,53.5314],[11.9891,53.5326],[11.9818,53.5358],[11.9832,53.539],[11.9933,53.5423],[11.9876,53.5468],[12.0077,53.5582],[12.001,53.5637],[12.0111,53.5623],[12.0105,53.5702],[12.0186,53.5686],[12.0312,53.5758],[12.0189,53.5834],[12.0093,53.5831],[12.0067,53.5785],[11.9844,53.5742],[11.9542,53.5773],[11.9489,53.567],[11.9226,53.5656]],[[12.0015,53.5691],[12.0031,53.568],[12.0013,53.5683],[12.0015,53.5691]]]},"properties":{"code":"DE2437301","name":"W\u00e4lder bei Mestlin und Langenh\u00e4gener Seewiesen","country":"Germany","designation":"SAC","area_ha":2017.3}},{"type":"Feature","geometry":{"type":"MultiPolygon","coordinates":[[[[12.6339,53.6202],[12.6164,53.6162],[12.602,53.6049],[12.6161,53.6007],[12.6284,53.6067],[12.6367,53.6054],[12.6261,53.5995],[12.6435,53.5934],[12.6397,53.5833],[12.6534,53.5818],[12.6593,53.5889],[12.6668,53.5847],[12.6641,53.5815],[12.6685,53.5781],[12.66,53.5689],[12.6634,53.5679],[12.6597,53.5647],[12.663,53.5551],[12.6599,53.5481],[12.6846,53.5382],[12.6857,53.5662],[12.6793,53.5696],[12.6768,53.58],[12.7065,53.589],[12.7221,53.5865],[12.7165,53.5935],[12.7202,53.5965],[12.7114,53.6066],[12.6724,53.6012],[12.6715,53.6065],[12.6603,53.6041],[12.6605,53.6117],[12.6507,53.6113],[12.6339,53.6202]],[[12.7158,53.5935],[12.7163,53.5934],[12.7163,53.5934],[12.7158,53.5935]],[[12.6801,53.601],[12.6857,53.6034],[12.6882,53.6008],[12.6801,53.601]]],[[[12.7094,53.5577],[12.7075,53.5633],[12.7044,53.5496],[12.6918,53.5354],[12.6966,53.5244],[12.693,53.5352],[12.7079,53.5325],[12.7121,53.5369],[12.7059,53.5429],[12.7121,53.5542],[12.7094,53.5577]]],[[[12.7427,53.5663],[12.7443,53.5731],[12.7398,53.5655],[12.7198,53.5725],[12.7145,53.5625],[12.7124,53.5413],[12.7173,53.5335],[12.7135,53.5302],[12.7434,53.533],[12.7507,53.5292],[12.7603,53.5336],[12.7668,53.5284],[12.7805,53.5319],[12.7792,53.5357],[12.7502,53.5379],[12.7493,53.5522],[12.7684,53.5581],[12.7493,53.5527],[12.7483,53.5598],[12.7399,53.5609],[12.7427,53.5663]],[[12.7287,53.5436],[12.7297,53.547],[12.7334,53.5458],[12.7287,53.5436]]],[[[12.7221,53.6407],[12.7256,53.645],[12.7095,53.6376],[12.7147,53.6366],[12.7079,53.6346],[12.7103,53.6302],[12.6961,53.6269],[12.7008,53.6212],[12.7044,53.6249],[12.7185,53.6181],[12.7155,53.6057],[12.7231,53.6086],[12.7275,53.6174],[12.7409,53.6171],[12.7303,53.628],[12.7376,53.637],[12.7221,53.6407]]]]},"properties":{"code":"DE2442301","name":"Wald- und Kleingew\u00e4sserlandschaft n\u00f6rdlich von Waren","country":"Germany","designation":"SAC","area_ha":3941.7}},{"type":"Feature","geometry":{"type":"Polygon","coordinates":[[[12.9657,53.5932],[12.9583,53.5912],[12.9634,53.583],[12.9702,53.5875],[12.9657,53.5932]]]},"properties":{"code":"DE2443301","name":"Ziegenbusch zwischen Rosenow und M\u00f6llenhagen","country":"Germany","designation":"SAC","area_ha":49.5}},{"type":"Feature","geometry":{"type":"Polygon","coordinates":[[[12.465,53.5217],[12.469,53.5199],[12.4669,53.5088],[12.5039,53.5081],[12.5103,53.5005],[12.5333,53.4972],[12.5358,53.4909],[12.5702,53.4828],[12.5828,53.4852],[12.5865,53.4766],[12.609,53.4792],[12.6205,53.4867],[12.6225,53.4938],[12.6157,53.5142],[12.5893,53.5262],[12.5462,53.5263],[12.5098,53.5196],[12.4741,53.5276],[12.465,53.5217]]]},"properties":{"code":"DE2441303","name":"K\u00f6lpinsee und Nordteil Fleesensee","country":"Germany","designation":"SAC","area_ha":3348.9}},{"type":"Feature","geometry":{"type":"Polygon","coordinates":[[[13.0927,53.5326],[13.0819,53.5368],[13.0875,53.5319],[13.0854,53.5277],[13.0936,53.5245],[13.0842,53.5225],[13.0989,53.5191],[13.1028,53.5297],[13.0927,53.5326]]]},"properties":{"code":"DE2444301","name":"Kuckssee und Lapitzer See","country":"Germany","designation":"SAC","area_ha":126.5}},{"type":"Feature","geometry":{"type":"MultiPolygon","coordinates":[[[[13.351,53.6414],[13.3491,53.6445],[13.334,53.6411],[13.3097,53.6436],[13.3178,53.6347],[13.3449,53.6346],[13.3498,53.6305],[13.3561,53.6339],[13.351,53.6414]]],[[[13.4209,53.6156],[13.4091,53.6095],[13.3984,53.6115],[13.4037,53.6101],[13.4027,53.5991],[13.4138,53.6047],[13.4209,53.6156]]]]},"properties":{"code":"DE2346301","name":"Neuenkirchener und Neveriner Wald","country":"Germany","designation":"SAC","area_ha":381.6}},{"type":"Feature","geometry":{"type":"MultiPolygon","coordinates":[[[[12.3213,53.595],[12.3125,53.5973],[12.2955,53.5913],[12.3105,53.581],[12.335,53.5946],[12.3213,53.595]]],[[[12.2315,53.578],[12.2437,53.5814],[12.2261,53.5965],[12.2149,53.5862],[12.2174,53.58],[12.2315,53.578]]],[[[12.2166,53.5967],[12.2117,53.6015],[12.2003,53.5971],[12.1971,53.5908],[12.2145,53.5882],[12.2062,53.5949],[12.2166,53.5967]]]]},"properties":{"code":"DE2439304","name":"Paschen-, Langhagen- und G\u00fcltzsee","country":"Germany","designation":"SAC","area_ha":588.6}},{"type":"Feature","geometry":{"type":"MultiPolygon","coordinates":[[[[12.3027,53.5486],[12.3065,53.5538],[12.2944,53.5487],[12.2976,53.5487],[12.2896,53.533],[12.295,53.5312],[12.2831,53.5281],[12.2894,53.5143],[12.2818,53.5112],[12.2864,53.5055],[12.2991,53.5046],[12.3014,53.4988],[12.2824,53.4955],[12.2671,53.5071],[12.2708,53.4979],[12.2811,53.4922],[12.2897,53.4732],[12.2738,53.4591],[12.2917,53.4357],[12.2753,53.4299],[12.2702,53.4235],[12.2749,53.4151],[12.2908,53.4062],[12.2921,53.398],[12.3029,53.3913],[12.3075,53.3952],[12.3138,53.391],[12.3124,53.3868],[12.322,53.3861],[12.3139,53.3877],[12.3198,53.3927],[12.3148,53.3964],[12.3166,53.402],[12.3044,53.4093],[12.3044,53.414],[12.3128,53.4142],[12.3017,53.4239],[12.31,53.4314],[12.3077,53.4474],[12.319,53.45],[12.315,53.4425],[12.3239,53.437],[12.332,53.4545],[12.345,53.4612],[12.3496,53.4734],[12.3697,53.4805],[12.3775,53.4766],[12.3814,53.4815],[12.3662,53.4999],[12.3431,53.4942],[12.3293,53.4993],[12.3325,53.5049],[12.3282,53.5165],[12.2993,53.5294],[12.3131,53.5373],[12.3027,53.5486]],[[12.3131,53.4509],[12.3132,53.4508],[12.313,53.4507],[12.3131,53.4509]],[[12.325,53.496],[12.3302,53.499],[12.3453,53.4867],[12.3305,53.4781],[12.3167,53.4924],[12.325,53.496]]],[[[12.2762,53.4416],[12.269,53.4431],[12.2686,53.4344],[12.2774,53.4341],[12.2762,53.4416]]],[[[12.2636,53.4512],[12.2561,53.4498],[12.2482,53.4359],[12.2512,53.4256],[12.2577,53.4225],[12.2675,53.4266],[12.2687,53.4323],[12.2691,53.4437],[12.2605,53.4468],[12.2636,53.4512]]],[[[12.2784,53.5299],[12.2691,53.531],[12.2717,53.5281],[12.2609,53.5243],[12.2677,53.5173],[12.2784,53.5299]]]]},"properties":{"code":"DE2539301","name":"Plauer See und Umgebung","country":"Germany","designation":"SAC","area_ha":5137.3}},{"type":"Feature","geometry":{"type":"Polygon","coordinates":[[[12.5091,53.4444],[12.505,53.441],[12.5146,53.4368],[12.5178,53.4288],[12.5484,53.438],[12.5346,53.4491],[12.5091,53.4444]]]},"properties":{"code":"DE2541301","name":"Kleingew\u00e4sser- und Waldlandschaft Sietower Forst","country":"Germany","designation":"SAC","area_ha":340.1}},{"type":"Feature","geometry":{"type":"Polygon","coordinates":[[[12.6907,53.8257],[12.6845,53.8241],[12.6815,53.8224],[12.6907,53.8257]]]},"properties":{"code":"DE2142302","name":"Eichenreihe bei Gro\u00df Markow","country":"Germany","designation":"SAC","area_ha":2.3}},{"type":"Feature","geometry":{"type":"Polygon","coordinates":[[[13.2609,53.6896],[13.2606,53.6893],[13.261,53.6893],[13.2609,53.6896]]]},"properties":{"code":"DE2345303","name":"Altentreptow, Eiskeller","country":"Germany","designation":"SAC","area_ha":0.1}},{"type":"Feature","geometry":{"type":"Polygon","coordinates":[[[12.5165,53.6169],[12.516,53.6168],[12.5164,53.6167],[12.5165,53.6169]]]},"properties":{"code":"DE2341303","name":"Bl\u00fccherhof s\u00fcdwestlich Klocksin","country":"Germany","designation":"SAC","area_ha":0.0}},{"type":"Feature","geometry":{"type":"MultiPolygon","coordinates":[[[[13.2723,53.5717],[13.2717,53.5727],[13.2702,53.572],[13.2723,53.5717]]],[[[13.2833,53.5557],[13.2835,53.556],[13.283,53.556],[13.2833,53.5557]]]]},"properties":{"code":"DE2445302","name":"Neubrandenburg, Eiskeller und Brauereikeller","country":"Germany","designation":"SAC","area_ha":1.9}},{"type":"Feature","geometry":{"type":"Polygon","coordinates":[[[13.3015,53.5917],[13.3019,53.5928],[13.3007,53.5925],[13.3015,53.5917]]]},"properties":{"code":"DE2445303","name":"Trollenhagen, Bunker","country":"Germany","designation":"SAC","area_ha":0.8}},{"type":"Feature","geometry":{"type":"MultiPolygon","coordinates":[[[[12.7042,53.5028],[12.6897,53.5017],[12.7062,53.4913],[12.7082,53.4791],[12.6892,53.4848],[12.6897,53.4784],[12.6831,53.4716],[12.6708,53.4756],[12.7198,53.4402],[12.7624,53.4285],[12.7745,53.4107],[12.8044,53.4093],[12.8022,53.4037],[12.8063,53.4003],[12.8219,53.4004],[12.8403,53.4077],[12.8527,53.4199],[12.8554,53.4272],[12.848,53.4382],[12.836,53.4368],[12.8375,53.4402],[12.8317,53.4401],[12.8202,53.4509],[12.7776,53.4663],[12.7792,53.4732],[12.772,53.4762],[12.7634,53.476],[12.7577,53.4687],[12.7184,53.4799],[12.7193,53.4892],[12.7124,53.4941],[12.7156,53.4981],[12.7042,53.5028]]],[[[12.7949,53.5014],[12.7872,53.5019],[12.789,53.4961],[12.7821,53.4937],[12.7935,53.4832],[12.8147,53.4826],[12.8185,53.4873],[12.8141,53.4961],[12.7949,53.5014]]],[[[12.875,53.4943],[12.869,53.4981],[12.8661,53.4933],[12.8579,53.4939],[12.8772,53.483],[12.8835,53.4876],[12.875,53.4943]]],[[[12.8628,53.4155],[12.8537,53.4134],[12.8601,53.4081],[12.8736,53.4103],[12.8628,53.4155]]],[[[12.9297,53.4862],[12.9076,53.4878],[12.907,53.4838],[12.914,53.4829],[12.9127,53.4763],[12.9175,53.4725],[12.9135,53.4698],[12.9205,53.4642],[12.9148,53.4636],[12.927,53.4538],[12.9406,53.4508],[12.9368,53.4463],[12.9436,53.4433],[12.9375,53.4404],[12.942,53.4274],[12.9316,53.426],[12.9312,53.4108],[12.9146,53.4123],[12.9107,53.416],[12.9112,53.4283],[12.9002,53.4291],[12.9,53.4192],[12.9067,53.4094],[12.8805,53.399],[12.8771,53.3921],[12.8806,53.3904],[12.8471,53.3906],[12.8535,53.388],[12.8449,53.3831],[12.8508,53.3752],[12.8413,53.3734],[12.863,53.365],[12.876,53.3676],[12.8764,53.3637],[12.8857,53.363],[12.8915,53.3664],[12.8946,53.3557],[12.8844,53.3601],[12.8764,53.3545],[12.8898,53.3511],[12.8939,53.3417],[12.902,53.3412],[12.9153,53.3553],[12.9084,53.3589],[12.9142,53.3659],[12.9215,53.3728],[12.9262,53.3677],[12.9292,53.3722],[12.9243,53.3806],[12.9116,53.3789],[12.9072,53.3743],[12.9104,53.3713],[12.9037,53.3707],[12.903,53.3784],[12.9096,53.3879],[12.9272,53.3853],[12.9394,53.3892],[12.9597,53.38],[12.9514,53.3702],[12.9589,53.3679],[12.9538,53.362],[12.9373,53.3671],[12.9341,53.3641],[12.9393,53.3509],[12.9266,53.3439],[12.9335,53.3304],[12.9288,53.3243],[12.9177,53.3273],[12.8994,53.3221],[12.9022,53.3135],[12.9084,53.3138],[12.8976,53.298],[12.9068,53.2947],[12.9114,53.2996],[12.929,53.2938],[12.9317,53.2959],[12.9264,53.303],[12.9359,53.3068],[12.944,53.3191],[12.9379,53.322],[12.965,53.3205],[12.9744,53.3275],[12.9773,53.3502],[12.9948,53.3536],[12.9917,53.3597],[12.9804,53.3623],[12.9892,53.3663],[12.9823,53.3736],[12.988,53.3787],[12.9591,53.3875],[12.9628,53.3947],[12.9541,53.3999],[12.9578,53.4044],[12.9946,53.3933],[13.0212,53.3951],[13.0398,53.388],[13.043,53.3952],[13.0417,53.4104],[13.0205,53.4156],[13.004,53.4126],[12.99,53.4187],[12.9763,53.4122],[12.954,53.4159],[12.942,53.4305],[12.9655,53.434],[12.9587,53.4264],[12.9773,53.4204],[12.9854,53.4232],[12.9764,53.4307],[12.9876,53.4294],[12.9836,53.4323],[12.9954,53.4417],[13.0139,53.4409],[13.0078,53.4466],[13.0119,53.4548],[12.9708,53.4451],[12.9615,53.4511],[12.9544,53.4491],[12.957,53.4515],[12.9388,53.4641],[12.939,53.4719],[12.9459,53.4724],[12.9452,53.4778],[12.9297,53.4862]],[[12.9368,53.3598],[12.9381,53.3605],[12.9385,53.3593],[12.9368,53.3598]],[[12.8931,53.3743],[12.9004,53.3779],[12.8988,53.369],[12.9051,53.3636],[12.9019,53.3615],[12.8885,53.371],[12.8931,53.3743]],[[12.8814,53.3719],[12.8808,53.3713],[12.8807,53.372],[12.8814,53.3719]],[[12.8927,53.3885],[12.8942,53.388],[12.8927,53.388],[12.8927,53.3885]],[[12.9177,53.4076],[12.933,53.4031],[12.9213,53.3922],[12.9139,53.3977],[12.8984,53.3981],[12.9177,53.4076]],[[12.9073,53.408],[12.9081,53.4085],[12.9086,53.4081],[12.9073,53.408]],[[12.9058,53.4082],[12.9064,53.4087],[12.9067,53.408],[12.9058,53.4082]]]]},"properties":{"code":"DE2543301","name":"Seen, Moore und W\u00e4lder des M\u00fcritz-Gebietes","country":"Germany","designation":"SAC","area_ha":14182.8}},{"type":"Feature","geometry":{"type":"Polygon","coordinates":[[[12.0829,53.4933],[12.1214,53.4795],[12.126,53.485],[12.1216,53.4865],[12.1238,53.4919],[12.1363,53.4965],[12.1275,53.5038],[12.1356,53.5051],[12.1451,53.4958],[12.1418,53.4901],[12.1462,53.4799],[12.1629,53.4801],[12.1495,53.4823],[12.1444,53.4893],[12.1448,53.4974],[12.1504,53.5003],[12.1611,53.4955],[12.1572,53.4987],[12.1456,53.4986],[12.1274,53.509],[12.1254,53.5038],[12.1299,53.4999],[12.1134,53.4951],[12.1113,53.4889],[12.0926,53.49],[12.0709,53.4988],[12.0675,53.4919],[12.0548,53.4928],[12.051,53.482],[12.0359,53.478],[12.0565,53.4781],[12.0832,53.4896],[12.0829,53.4933]],[[12.0829,53.4933],[12.0824,53.4937],[12.0829,53.4933],[12.0829,53.4933]],[[12.0717,53.4928],[12.0725,53.4917],[12.0708,53.4911],[12.0717,53.4928]]]},"properties":{"code":"DE2538302","name":"Alte Elde bei Kuppentin, Fahrenhorst und Bobziner Zuschlag","country":"Germany","designation":"SAC","area_ha":616.2}},{"type":"Feature","geometry":{"type":"Polygon","coordinates":[[[13.0994,53.4168],[13.0981,53.4243],[13.1054,53.4298],[13.1085,53.428],[13.1036,53.4259],[13.1122,53.4193],[13.119,53.4204],[13.1116,53.4227],[13.1219,53.4262],[13.1137,53.4329],[13.1344,53.455],[13.142,53.4543],[13.1347,53.4498],[13.1524,53.4455],[13.1527,53.4405],[13.1457,53.4367],[13.1599,53.4326],[13.1537,53.4291],[13.1523,53.4177],[13.1463,53.4205],[13.1516,53.4234],[13.1404,53.4273],[13.1411,53.4328],[13.1347,53.4328],[13.1319,53.426],[13.137,53.4255],[13.133,53.4216],[13.1359,53.4191],[13.1295,53.4138],[13.1509,53.4097],[13.1347,53.394],[13.1469,53.3886],[13.1615,53.3914],[13.1773,53.3881],[13.1863,53.3921],[13.1752,53.4092],[13.1866,53.416],[13.182,53.4212],[13.1901,53.4217],[13.1897,53.4267],[13.1956,53.4226],[13.2008,53.4256],[13.1957,53.4311],[13.2021,53.4344],[13.2099,53.4323],[13.2093,53.4261],[13.2249,53.4298],[13.2192,53.4319],[13.2212,53.4381],[13.2085,53.4406],[13.2102,53.4453],[13.2008,53.455],[13.2037,53.4602],[13.1967,53.4553],[13.206,53.4429],[13.1988,53.436],[13.1891,53.437],[13.1876,53.4566],[13.197,53.4621],[13.1841,53.4639],[13.1794,53.47],[13.211,53.4845],[13.2185,53.4938],[13.2217,53.4905],[13.217,53.4868],[13.2283,53.4886],[13.222,53.4924],[13.2213,53.4998],[13.2412,53.4942],[13.2644,53.497],[13.2634,53.5077],[13.2545,53.5075],[13.2591,53.5178],[13.2506,53.519],[13.2574,53.5321],[13.2448,53.5318],[13.2377,53.5508],[13.2223,53.5444],[13.2075,53.5449],[13.2046,53.5407],[13.1975,53.5433],[13.1825,53.5255],[13.1865,53.5213],[13.1794,53.5079],[13.1713,53.5031],[13.1777,53.4985],[13.1827,53.5005],[13.185,53.4938],[13.1785,53.4957],[13.1633,53.4888],[13.1547,53.4672],[13.1252,53.4603],[13.1104,53.463],[13.1151,53.4739],[13.102,53.4747],[13.0969,53.4654],[13.1162,53.4529],[13.1309,53.4594],[13.132,53.4559],[13.1238,53.4515],[13.1287,53.4479],[13.1191,53.4415],[13.1031,53.4453],[13.0975,53.4388],[13.1061,53.4349],[13.1039,53.4322],[13.0888,53.4362],[13.0696,53.425],[13.0461,53.4275],[13.0488,53.4236],[13.0711,53.4244],[13.0894,53.4353],[13.096,53.4312],[13.0879,53.4316],[13.0973,53.4243],[13.0967,53.4127],[13.1038,53.4073],[13.1018,53.4018],[13.1043,53.4121],[13.0994,53.4168]],[[13.1137,53.4248],[13.1136,53.4249],[13.1134,53.4249],[13.1137,53.4248]],[[13.1712,53.4262],[13.1704,53.4251],[13.1681,53.4262],[13.1712,53.4262]],[[13.1006,53.4296],[13.1006,53.4299],[13.1017,53.4298],[13.1006,53.4296]],[[13.1655,53.4398],[13.1863,53.4518],[13.1901,53.4288],[13.1746,53.4328],[13.1704,53.4293],[13.1654,53.4352],[13.1721,53.4385],[13.1655,53.4398]],[[13.206,53.5162],[13.207,53.5138],[13.2033,53.5153],[13.206,53.5162]]]},"properties":{"code":"DE2545303","name":"Tollensesee mit Zufl\u00fcssen und umliegenden W\u00e4ldern","country":"Germany","designation":"SAC","area_ha":6553.1}},{"type":"Feature","geometry":{"type":"Polygon","coordinates":[[[13.0672,53.3556],[13.0608,53.3593],[13.0551,53.3561],[13.0603,53.352],[13.0672,53.3556]]]},"properties":{"code":"DE2644303","name":"Tiergarten Neustrelitz","country":"Germany","designation":"SAC","area_ha":41.9}},{"type":"Feature","geometry":{"type":"Polygon","coordinates":[[[12.7586,54.0577],[12.7406,54.0941],[12.7749,54.0973],[12.784,54.0941],[12.8057,54.1001],[12.8408,54.0947],[12.8485,54.0851],[12.8891,54.0858],[12.9056,54.0938],[12.9778,54.1113],[13.0223,54.1153],[13.0232,54.1196],[13.0069,54.1221],[12.9781,54.119],[12.9713,54.1142],[12.9404,54.1135],[12.935,54.1039],[12.899,54.0992],[12.8873,54.0894],[12.8603,54.0963],[12.8632,54.1005],[12.8558,54.0975],[12.8057,54.1098],[12.8133,54.117],[12.8012,54.12],[12.7936,54.1088],[12.7685,54.1019],[12.7378,54.1023],[12.7303,54.1086],[12.7336,54.1141],[12.7242,54.1186],[12.7192,54.1145],[12.6918,54.1292],[12.6885,54.1421],[12.6812,54.1422],[12.6767,54.1356],[12.6543,54.1405],[12.6363,54.1537],[12.6451,54.1582],[12.6426,54.1599],[12.6343,54.1546],[12.6226,54.1581],[12.5728,54.1996],[12.5891,54.1969],[12.5996,54.1884],[12.6076,54.1907],[12.5989,54.1906],[12.5923,54.1966],[12.6037,54.2004],[12.5705,54.2028],[12.528,54.2327],[12.4804,54.2496],[12.469,54.2467],[12.4712,54.2496],[12.4566,54.253],[12.4604,54.2483],[12.453,54.2453],[12.4668,54.2475],[12.462,54.2436],[12.5267,54.223],[12.55,54.1969],[12.5472,54.187],[12.5566,54.1895],[12.5678,54.164],[12.5776,54.1619],[12.5998,54.1399],[12.65,54.1163],[12.6636,54.117],[12.6685,54.1089],[12.6439,54.0896],[12.622,54.0957],[12.6014,54.0936],[12.5851,54.0874],[12.5814,54.0805],[12.5434,54.1012],[12.5612,54.0889],[12.5652,54.0841],[12.5617,54.0774],[12.5679,54.074],[12.5548,54.0722],[12.5493,54.0776],[12.533,54.0705],[12.532,54.0619],[12.5216,54.065],[12.5178,54.0573],[12.5223,54.0561],[12.515,54.0459],[12.5039,54.0446],[12.5067,54.0422],[12.4821,54.0504],[12.4896,54.046],[12.4834,54.0432],[12.4929,54.0404],[12.4775,54.0327],[12.4646,54.0432],[12.4685,54.0463],[12.4591,54.0461],[12.4657,54.0521],[12.4492,54.0535],[12.4485,54.0575],[12.4571,54.0635],[12.4499,54.0759],[12.4564,54.077],[12.4452,54.0792],[12.4549,54.0644],[12.4458,54.0564],[12.455,54.0474],[12.4462,54.0416],[12.4571,54.0441],[12.4744,54.0343],[12.4773,54.0278],[12.4575,54.0237],[12.457,54.019],[12.4215,53.9997],[12.4115,54.0036],[12.4205,53.9985],[12.4072,53.9899],[12.3874,53.9975],[12.3835,54.0053],[12.3708,54.0095],[12.3605,54.0064],[12.3624,54.0028],[12.3707,54.0052],[12.3719,53.9999],[12.3832,54.0027],[12.3858,53.997],[12.404,53.9878],[12.3987,53.9848],[12.3919,53.9889],[12.3928,53.9858],[12.3636,53.9692],[12.3605,53.9716],[12.3665,53.9743],[12.3628,53.9756],[12.3687,53.9793],[12.3658,53.9808],[12.3337,53.9795],[12.3393,53.9637],[12.3507,53.9651],[12.3561,53.9613],[12.3524,53.9524],[12.3282,53.9298],[12.3206,53.9103],[12.3241,53.9092],[12.314,53.8994],[12.3502,53.8805],[12.3664,53.8787],[12.3919,53.885],[12.398,53.8788],[12.3904,53.887],[12.354,53.8828],[12.331,53.8939],[12.3357,53.8993],[12.3418,53.8969],[12.3397,53.9291],[12.379,53.9639],[12.4272,53.9836],[12.4407,53.9771],[12.4628,53.9777],[12.4746,53.9747],[12.4746,53.9692],[12.4836,53.9654],[12.4775,53.9612],[12.478,53.952],[12.4714,53.9487],[12.4803,53.94],[12.4737,53.9481],[12.4866,53.9656],[12.4758,53.9693],[12.479,53.9771],[12.4598,53.9804],[12.4486,53.9775],[12.4301,53.9857],[12.4089,53.9805],[12.4584,54.0059],[12.4572,54.0107],[12.4712,54.0138],[12.4688,54.0167],[12.4768,54.0236],[12.4844,54.0233],[12.4943,54.033],[12.5143,54.0365],[12.5332,54.046],[12.5329,54.0523],[12.5422,54.054],[12.5531,54.0489],[12.5626,54.0523],[12.5742,54.0472],[12.5728,54.0518],[12.5554,54.0564],[12.599,54.0722],[12.6173,54.0701],[12.6331,54.0778],[12.6307,54.0813],[12.6367,54.0841],[12.6468,54.0786],[12.6494,54.0849],[12.6523,54.0802],[12.6642,54.0796],[12.6658,54.0858],[12.6759,54.0879],[12.6774,54.0938],[12.6719,54.0993],[12.675,54.1063],[12.7084,54.0909],[12.7133,54.0933],[12.7305,54.0805],[12.7292,54.0642],[12.7155,54.0643],[12.7188,54.0591],[12.7078,54.0547],[12.7189,54.0509],[12.7187,54.0448],[12.7094,54.0456],[12.7051,54.0407],[12.727,54.0337],[12.7313,54.0275],[12.7229,54.0247],[12.7233,54.0205],[12.7343,54.0156],[12.7327,54.0219],[12.7379,54.0235],[12.7496,54.0102],[12.7738,54.0037],[12.7983,53.9884],[12.8576,53.967],[12.903,53.9583],[12.8946,53.9469],[12.9007,53.9419],[12.9201,53.9518],[13.0105,53.9094],[13.0178,53.9077],[13.0216,53.9102],[13.0179,53.9136],[13.0265,53.9172],[12.9489,53.948],[12.9102,53.9688],[12.8809,53.976],[12.8763,53.9855],[12.8295,53.9961],[12.8106,54.0121],[12.7747,54.0226],[12.7653,54.0332],[12.7729,54.0335],[12.7848,54.0564],[12.765,54.0607],[12.7586,54.0577]],[[12.3439,53.9711],[12.344,53.97],[12.3432,53.9702],[12.3439,53.9711]],[[12.6317,54.0837],[12.6332,54.0832],[12.6328,54.083],[12.6317,54.0837]]]},"properties":{"code":"DE1941301","name":"Recknitz- und Trebeltal mit Zufl\u00fcssen","country":"Germany","designation":"SAC","area_ha":17549.8}},{"type":"Feature","geometry":{"type":"MultiPolygon","coordinates":[[[[12.2152,53.9368],[12.2019,53.9263],[12.206,53.9226],[12.2011,53.9252],[12.1946,53.9174],[12.1994,53.9137],[12.1944,53.8986],[12.2022,53.9036],[12.2019,53.9005],[12.2164,53.9014],[12.2205,53.9047],[12.2171,53.9113],[12.2314,53.9107],[12.2357,53.9174],[12.2152,53.9368]],[[12.2206,53.9301],[12.2207,53.9296],[12.2199,53.9297],[12.2206,53.9301]],[[12.2221,53.9303],[12.2227,53.9302],[12.2227,53.9299],[12.2221,53.9303]],[[12.2173,53.9333],[12.2188,53.9302],[12.216,53.9311],[12.2173,53.9333]],[[12.2128,53.9338],[12.2124,53.9353],[12.2173,53.9346],[12.2128,53.9338]]],[[[12.2623,53.9612],[12.247,53.9582],[12.2144,53.9381],[12.22,53.9342],[12.2577,53.9379],[12.2512,53.9414],[12.2586,53.9397],[12.2613,53.9512],[12.2551,53.9505],[12.2648,53.9573],[12.2623,53.9612]]]]},"properties":{"code":"DE2039301","name":"Hohensprenzer, Dudinghausener und Dolgener See","country":"Germany","designation":"SAC","area_ha":1157.6}},{"type":"Feature","geometry":{"type":"Polygon","coordinates":[[[12.7237,53.3169],[12.7212,53.3183],[12.7195,53.316],[12.7237,53.3169]]]},"properties":{"code":"DE2642301","name":"Ostufer Sumpfsee bei Vietzen","country":"Germany","designation":"SAC","area_ha":5.7}},{"type":"Feature","geometry":{"type":"Polygon","coordinates":[[[13.1172,53.3968],[13.124,53.3995],[13.1068,53.3979],[13.1172,53.3968]]]},"properties":{"code":"DE2644302","name":"Schlo\u00dfberg Weisdin","country":"Germany","designation":"SAC","area_ha":27.1}},{"type":"Feature","geometry":{"type":"Polygon","coordinates":[[[12.2273,53.8089],[12.2378,53.8041],[12.2414,53.8169],[12.2274,53.8129],[12.2273,53.8089]]]},"properties":{"code":"DE2139301","name":"Bockhorst","country":"Germany","designation":"SAC","area_ha":64.6}},{"type":"Feature","geometry":{"type":"Polygon","coordinates":[[[12.554,53.2865],[12.5476,53.2921],[12.508,53.2836],[12.533,53.2779],[12.554,53.2865]]]},"properties":{"code":"DE2741302","name":"M\u00f6nchsee","country":"Germany","designation":"SAC","area_ha":286.1}},{"type":"Feature","geometry":{"type":"MultiPolygon","coordinates":[[[[12.1312,53.8168],[12.1377,53.816],[12.1344,53.8185],[12.1473,53.8261],[12.1445,53.8359],[12.1628,53.8547],[12.1616,53.8648],[12.1754,53.8862],[12.1757,53.9076],[12.1886,53.9249],[12.2003,53.9236],[12.1882,53.9253],[12.1751,53.9077],[12.1748,53.8863],[12.161,53.8649],[12.1622,53.8548],[12.144,53.8361],[12.1469,53.8264],[12.1338,53.8186],[12.1373,53.8162],[12.0929,53.8298],[12.0148,53.8249],[12.0141,53.8327],[11.9978,53.8495],[12.0104,53.8341],[12.0095,53.8254],[12.0002,53.821],[12.0181,53.8125],[12.0235,53.8038],[12.0296,53.8036],[12.0238,53.8065],[12.0312,53.8147],[12.0751,53.8227],[12.0791,53.827],[12.1277,53.8172],[12.0991,53.7953],[12.1028,53.7892],[12.1,53.7826],[12.09,53.7769],[12.101,53.78],[12.1078,53.7756],[12.1126,53.783],[12.1077,53.7888],[12.1168,53.7903],[12.1233,53.795],[12.1199,53.799],[12.1291,53.8006],[12.1215,53.8021],[12.1435,53.8092],[12.1357,53.8144],[12.1706,53.7988],[12.2359,53.787],[12.2344,53.7832],[12.2392,53.7811],[12.2223,53.7619],[12.2289,53.7573],[12.2309,53.7481],[12.2256,53.7371],[12.2125,53.732],[12.2099,53.7264],[12.2074,53.7291],[12.2087,53.7245],[12.1986,53.7183],[12.1986,53.7132],[12.1775,53.7158],[12.1671,53.712],[12.163,53.7086],[12.1679,53.7004],[12.164,53.6937],[12.1811,53.6938],[12.1801,53.6889],[12.1846,53.6874],[12.1827,53.6941],[12.1688,53.6961],[12.1682,53.704],[12.1812,53.706],[12.1809,53.712],[12.197,53.7102],[12.2005,53.7172],[12.2128,53.7205],[12.2145,53.7287],[12.2293,53.7262],[12.23,53.7211],[12.2369,53.7227],[12.2322,53.7295],[12.2164,53.7311],[12.2242,53.7349],[12.2713,53.7244],[12.2789,53.7059],[12.3053,53.6948],[12.297,53.685],[12.3079,53.6896],[12.3449,53.6892],[12.3493,53.683],[12.3346,53.6674],[12.2983,53.6583],[12.3014,53.6671],[12.2915,53.6698],[12.298,53.6741],[12.2935,53.6768],[12.2822,53.6738],[12.2847,53.6699],[12.2687,53.6668],[12.2693,53.6603],[12.2761,53.6615],[12.2794,53.6549],[12.2898,53.6582],[12.2997,53.6515],[12.2921,53.6465],[12.2953,53.6388],[12.2814,53.6377],[12.2909,53.6317],[12.2773,53.618],[12.2635,53.6151],[12.261,53.6097],[12.2536,53.611],[12.2621,53.5905],[12.2861,53.589],[12.3101,53.6094],[12.3213,53.6067],[12.3371,53.6135],[12.3783,53.6098],[12.3812,53.6053],[12.3877,53.606],[12.3854,53.5984],[12.4082,53.6059],[12.4409,53.6086],[12.4495,53.6064],[12.4455,53.6003],[12.4503,53.6003],[12.4543,53.5928],[12.4311,53.592],[12.426,53.5885],[12.4314,53.5809],[12.4583,53.5755],[12.4619,53.5856],[12.4683,53.5876],[12.4592,53.6058],[12.4503,53.6058],[12.4542,53.609],[12.4505,53.6115],[12.4583,53.6149],[12.4137,53.6059],[12.406,53.6109],[12.3959,53.6049],[12.3536,53.6115],[12.3519,53.6184],[12.3437,53.6195],[12.3413,53.6126],[12.3162,53.608],[12.3051,53.6108],[12.3256,53.6154],[12.3068,53.6183],[12.2952,53.6386],[12.3005,53.6343],[12.3041,53.6433],[12.3265,53.6463],[12.3334,53.662],[12.3438,53.6664],[12.3466,53.6735],[12.3592,53.6755],[12.3618,53.6825],[12.3471,53.6859],[12.3404,53.6946],[12.3269,53.6961],[12.314,53.6906],[12.3066,53.693],[12.3083,53.697],[12.2955,53.6994],[12.2795,53.7134],[12.2767,53.7226],[12.2461,53.7603],[12.2351,53.7627],[12.2412,53.7694],[12.2396,53.7809],[12.2653,53.7687],[12.3113,53.7763],[12.3342,53.7838],[12.3323,53.787],[12.3406,53.7902],[12.3587,53.7901],[12.3682,53.7796],[12.3955,53.7924],[12.4046,53.7917],[12.4104,53.7976],[12.4023,53.8024],[12.4165,53.81],[12.3757,53.8066],[12.3739,53.7999],[12.3979,53.8073],[12.4036,53.8053],[12.387,53.7941],[12.3914,53.7912],[12.3873,53.7887],[12.3691,53.7887],[12.3663,53.7954],[12.3579,53.797],[12.3609,53.8029],[12.3565,53.8053],[12.3657,53.8154],[12.3624,53.8183],[12.3832,53.8155],[12.3945,53.8192],[12.3737,53.82],[12.378,53.8262],[12.3715,53.8272],[12.3602,53.8181],[12.3517,53.818],[12.3548,53.8145],[12.3444,53.8067],[12.355,53.7912],[12.3285,53.7902],[12.3291,53.785],[12.3108,53.7771],[12.265,53.7703],[12.2471,53.7797],[12.2454,53.7875],[12.2356,53.7936],[12.2172,53.7884],[12.2052,53.7906],[12.161,53.8025],[12.1312,53.8168]],[[12.1312,53.8168],[12.1311,53.8168],[12.1311,53.8168],[12.1312,53.8168]],[[12.4388,53.5823],[12.4406,53.5835],[12.442,53.5825],[12.4388,53.5823]],[[12.2391,53.7548],[12.243,53.7458],[12.2533,53.7445],[12.2493,53.7427],[12.2533,53.7408],[12.2523,53.7341],[12.2454,53.7333],[12.2282,53.7426],[12.2361,53.7533],[12.2314,53.7538],[12.2391,53.7548]]],[[[12.2438,53.6129],[12.2378,53.6069],[12.2397,53.599],[12.2568,53.6036],[12.2521,53.6133],[12.2438,53.6129]]],[[[12.2682,53.7516],[12.2686,53.7567],[12.2632,53.7582],[12.2628,53.7516],[12.2571,53.7517],[12.2597,53.746],[12.2704,53.7464],[12.2682,53.7516]]]]},"properties":{"code":"DE2239301","name":"Nebeltal mit Zufl\u00fcssen, verbundenen Seen und angrenzenden W\u00e4ldern","country":"Germany","designation":"SAC","area_ha":6547.0}},{"type":"Feature","geometry":{"type":"Polygon","coordinates":[[[13.1616,53.7393],[13.1694,53.7347],[13.1804,53.7495],[13.1664,53.7578],[13.1691,53.763],[13.1612,53.7724],[13.1459,53.7756],[13.1379,53.7667],[13.1431,53.7656],[13.1395,53.7549],[13.1616,53.7393]]]},"properties":{"code":"DE2244302","name":"Kleingew\u00e4sserlandschaft bei G\u00fcltz (n\u00f6rdlich Altentreptow)","country":"Germany","designation":"SAC","area_ha":671.0}},{"type":"Feature","geometry":{"type":"Polygon","coordinates":[[[12.5233,53.6187],[12.5195,53.6155],[12.5217,53.604],[12.5141,53.6004],[12.5103,53.5902],[12.5134,53.5835],[12.4918,53.582],[12.4921,53.5749],[12.4833,53.5702],[12.4831,53.5655],[12.4629,53.557],[12.4701,53.5527],[12.5125,53.5559],[12.5228,53.5517],[12.5198,53.5429],[12.5292,53.5361],[12.5274,53.5318],[12.5349,53.5337],[12.5402,53.5436],[12.5108,53.5621],[12.5282,53.5689],[12.524,53.5789],[12.5326,53.58],[12.5416,53.5907],[12.5525,53.5923],[12.5499,53.5973],[12.5624,53.5998],[12.5693,53.607],[12.547,53.6333],[12.5407,53.6304],[12.535,53.6336],[12.5277,53.6232],[12.5109,53.6251],[12.5131,53.6184],[12.5233,53.6187]],[[12.5022,53.5815],[12.5019,53.5822],[12.5028,53.5825],[12.5022,53.5815]],[[12.5275,53.6228],[12.5249,53.6198],[12.5199,53.6222],[12.5275,53.6228]]]},"properties":{"code":"DE2441302","name":"Seenlandschaft zwischen Klocksin und Jabel","country":"Germany","designation":"SAC","area_ha":2455.4}},{"type":"Feature","geometry":{"type":"Polygon","coordinates":[[[12.9252,53.5555],[12.9233,53.5499],[12.9217,53.5557],[12.9148,53.5551],[12.9073,53.563],[12.8839,53.5645],[12.8793,53.5513],[12.8994,53.5499],[12.9254,53.5372],[12.9294,53.5399],[12.9312,53.5328],[12.9455,53.5371],[12.9418,53.5485],[12.9524,53.5564],[12.9416,53.5607],[12.935,53.5523],[12.9252,53.5555]]]},"properties":{"code":"DE2443302","name":"Kleingew\u00e4sserlandschaft n\u00f6rdlich M\u00f6llenhagen","country":"Germany","designation":"SAC","area_ha":750.1}},{"type":"Feature","geometry":{"type":"Polygon","coordinates":[[[12.7835,53.4104],[12.7745,53.4107],[12.7624,53.4285],[12.7198,53.4402],[12.6792,53.4665],[12.6823,53.4706],[12.6453,53.4928],[12.6303,53.4851],[12.631,53.4805],[12.6203,53.4729],[12.6152,53.4592],[12.597,53.4513],[12.5975,53.4453],[12.5942,53.4501],[12.5876,53.4483],[12.587,53.4334],[12.5762,53.4287],[12.5823,53.4208],[12.5961,53.4278],[12.6207,53.4286],[12.6299,53.4077],[12.6244,53.3998],[12.637,53.3912],[12.6584,53.3909],[12.6638,53.3978],[12.676,53.3986],[12.6727,53.3917],[12.6889,53.3806],[12.6908,53.3577],[12.7437,53.3607],[12.7465,53.3576],[12.7599,53.3647],[12.7673,53.3632],[12.7703,53.3667],[12.7583,53.3752],[12.7705,53.378],[12.7865,53.395],[12.7829,53.3961],[12.7864,53.3977],[12.7835,53.4104]]]},"properties":{"code":"DE2542302","name":"M\u00fcritz","country":"Germany","designation":"SAC","area_ha":10163.0}},{"type":"Feature","geometry":{"type":"Polygon","coordinates":[[[13.3093,53.4933],[13.309,53.4932],[13.3093,53.4932],[13.3093,53.4933]]]},"properties":{"code":"DE2545302","name":"Burg Stargard, Altes Hospital","country":"Germany","designation":"SAC","area_ha":0.0}},{"type":"Feature","geometry":{"type":"MultiPolygon","coordinates":[[[[12.6927,53.5115],[12.6924,53.5113],[12.6931,53.5114],[12.6927,53.5115]]],[[[12.6915,53.5142],[12.6909,53.5141],[12.6915,53.5141],[12.6915,53.5142]]],[[[12.694,53.5159],[12.6939,53.5158],[12.694,53.5158],[12.694,53.5159]]]]},"properties":{"code":"DE2442302","name":"Waren, Marienkirche und Eiskeller","country":"Germany","designation":"SAC","area_ha":0.2}},{"type":"Feature","geometry":{"type":"Polygon","coordinates":[[[13.1944,53.577],[13.1939,53.5768],[13.1944,53.5768],[13.1944,53.577]]]},"properties":{"code":"DE2445301","name":"Zirzower M\u00fchle","country":"Germany","designation":"SAC","area_ha":0.1}},{"type":"Feature","geometry":{"type":"MultiPolygon","coordinates":[[[[13.0539,53.3549],[13.0536,53.355],[13.0536,53.3549],[13.0539,53.3549]]],[[[13.0681,53.3625],[13.0678,53.3625],[13.068,53.3624],[13.0681,53.3625]]]]},"properties":{"code":"DE2644305","name":"Neustrelitz, Eiskeller","country":"Germany","designation":"SAC","area_ha":0.1}},{"type":"Feature","geometry":{"type":"Polygon","coordinates":[[[12.4871,54.248],[12.4744,54.2491],[12.4603,54.2432],[12.504,54.2303],[12.5208,54.2175],[12.5278,54.2174],[12.5214,54.2163],[12.5269,54.2078],[12.5438,54.2044],[12.5471,54.199],[12.5423,54.1951],[12.5478,54.187],[12.5436,54.1847],[12.5478,54.1702],[12.5655,54.1744],[12.5678,54.164],[12.5776,54.1619],[12.6,54.1401],[12.6397,54.1201],[12.6658,54.1144],[12.6687,54.1092],[12.645,54.0982],[12.6458,54.0949],[12.6187,54.0975],[12.6108,54.0942],[12.6203,54.0882],[12.5915,54.0899],[12.5824,54.0806],[12.5722,54.0858],[12.5601,54.0831],[12.5655,54.0815],[12.5582,54.0785],[12.5674,54.0742],[12.5531,54.0728],[12.5505,54.0784],[12.5299,54.0667],[12.5142,54.0676],[12.5223,54.0636],[12.5121,54.0565],[12.5101,54.0478],[12.4932,54.0462],[12.4871,54.0484],[12.4893,54.0509],[12.482,54.0502],[12.4895,54.0454],[12.4829,54.0438],[12.4919,54.04],[12.4744,54.0312],[12.4709,54.0237],[12.4519,54.0177],[12.4414,54.0214],[12.4476,54.0131],[12.4216,53.9992],[12.4114,54.0035],[12.4205,53.9979],[12.4095,53.9917],[12.4061,53.9951],[12.3956,53.9932],[12.3908,53.985],[12.3812,53.9861],[12.3699,53.9787],[12.357,53.9856],[12.3467,53.9772],[12.3319,53.9794],[12.3325,53.97],[12.3255,53.9709],[12.3274,53.964],[12.3506,53.9652],[12.3677,53.9545],[12.3948,53.9602],[12.393,53.9639],[12.4033,53.9654],[12.4193,53.978],[12.43,53.977],[12.4393,53.9827],[12.4436,53.9969],[12.4635,54.0064],[12.456,54.0117],[12.4715,54.0135],[12.4687,54.0168],[12.4943,54.0331],[12.5076,54.0277],[12.5172,54.0305],[12.5289,54.0272],[12.532,54.0308],[12.524,54.0367],[12.5412,54.0371],[12.5303,54.0415],[12.5396,54.0447],[12.5358,54.049],[12.5616,54.0515],[12.5801,54.042],[12.5911,54.0457],[12.5763,54.049],[12.5759,54.0533],[12.5921,54.0702],[12.617,54.0705],[12.6305,54.0765],[12.6256,54.0804],[12.6328,54.0841],[12.647,54.0783],[12.6494,54.0861],[12.6775,54.0943],[12.6757,54.1022],[12.7059,54.0838],[12.7163,54.0894],[12.7313,54.078],[12.7216,54.0774],[12.7185,54.0698],[12.6981,54.0663],[12.6989,54.0614],[12.6881,54.0642],[12.6722,54.0579],[12.6393,54.0552],[12.6363,54.0468],[12.6121,54.044],[12.5952,54.0285],[12.5924,54.018],[12.6059,54.0174],[12.6022,54.0143],[12.6109,54.0077],[12.6066,54.0058],[12.6038,54.0102],[12.5841,54.0077],[12.5895,54.0105],[12.5778,54.0133],[12.58,54.0168],[12.5624,54.0155],[12.5642,54.0114],[12.54,54.0009],[12.5463,53.9993],[12.5434,53.9978],[12.5503,53.9922],[12.5483,53.9867],[12.5112,53.9828],[12.5124,53.979],[12.503,53.9776],[12.4957,53.9861],[12.4839,53.9855],[12.474,53.9694],[12.4796,53.9569],[12.477,53.9511],[12.4684,53.9493],[12.4722,53.9446],[12.4875,53.9502],[12.4912,53.9468],[12.4742,53.9345],[12.4877,53.9276],[12.4885,53.9202],[12.4957,53.9167],[12.503,53.9248],[12.5346,53.9325],[12.5157,53.9454],[12.5225,53.9496],[12.5202,53.9553],[12.5273,53.9501],[12.5228,53.9564],[12.5419,53.9554],[12.5425,53.9616],[12.5493,53.9616],[12.5463,53.9688],[12.5624,53.972],[12.5688,53.9706],[12.5671,53.9667],[12.5861,53.9624],[12.5732,53.9577],[12.5813,53.9565],[12.5776,53.9529],[12.5625,53.9529],[12.5755,53.9481],[12.583,53.9503],[12.5904,53.944],[12.5572,53.936],[12.5446,53.9399],[12.5617,53.9312],[12.5678,53.9344],[12.5642,53.9293],[12.5733,53.9296],[12.5788,53.9346],[12.5713,53.936],[12.5752,53.939],[12.5871,53.9383],[12.6031,53.9479],[12.6049,53.9519],[12.5969,53.9621],[12.6255,53.9684],[12.6269,53.9766],[12.632,53.9786],[12.6298,53.9813],[12.6465,53.9783],[12.6548,53.9828],[12.655,53.9892],[12.6396,53.9946],[12.6674,54.0083],[12.6643,54.0119],[12.6807,54.0154],[12.6866,54.0195],[12.6842,54.0213],[12.7226,54.0115],[12.7157,54.0053],[12.7072,54.0055],[12.7192,54.0018],[12.7314,54.0091],[12.7371,54.0076],[12.7423,54.0142],[12.7516,54.005],[12.7612,54.0093],[12.7949,53.9897],[12.7864,53.9839],[12.7924,53.9864],[12.8243,53.9789],[12.8225,53.9752],[12.8493,53.9688],[12.8488,53.9608],[12.8572,53.956],[12.8648,53.9665],[12.8867,53.9573],[12.8869,53.9515],[12.9005,53.942],[12.9145,53.9402],[12.9196,53.9478],[12.9155,53.9503],[12.9254,53.9503],[12.9398,53.9406],[12.9368,53.9385],[12.9537,53.9375],[12.9949,53.9166],[12.9878,53.9152],[12.9953,53.9159],[13.0047,53.9096],[13.0046,53.915],[13.0224,53.9063],[13.0271,53.9078],[13.0205,53.9108],[13.0251,53.9112],[13.0241,53.9201],[12.9806,53.9369],[12.9911,53.9485],[13.0182,53.9595],[13.0267,53.9563],[13.0261,53.9489],[13.0346,53.9427],[13.0631,53.9563],[13.056,53.9668],[13.0619,53.9746],[13.0935,53.9702],[13.0921,53.9747],[13.0654,53.9845],[13.0666,53.9876],[13.0486,53.9909],[13.0523,53.9946],[13.037,53.9969],[13.0591,53.998],[13.0894,53.9921],[13.0993,54.0033],[13.1004,54.0122],[13.0935,54.0135],[13.085,54.0029],[13.0607,54.0133],[13.0348,54.0157],[13.024,54.0087],[13.0337,54.0056],[13.0257,53.999],[12.9812,54.0123],[12.9788,54.0056],[12.9688,54.0056],[12.8919,54.018],[12.8692,54.0258],[12.8518,54.0415],[12.8,54.0396],[12.7904,54.0508],[12.7919,54.0566],[12.766,54.0604],[12.7701,54.0624],[12.7643,54.0666],[12.7677,54.0677],[12.762,54.0803],[12.7482,54.0789],[12.7508,54.0736],[12.7462,54.0792],[12.7417,54.0944],[12.7517,54.0963],[12.7585,54.1055],[12.7129,54.1285],[12.7099,54.1358],[12.694,54.1305],[12.6887,54.1341],[12.6886,54.1421],[12.6848,54.1398],[12.6828,54.1442],[12.6496,54.1463],[12.6589,54.1523],[12.6151,54.1744],[12.6072,54.1712],[12.6046,54.1825],[12.5953,54.1826],[12.5971,54.1853],[12.5723,54.2005],[12.5888,54.1971],[12.6004,54.1886],[12.6076,54.1904],[12.5918,54.1964],[12.6044,54.1992],[12.5735,54.2021],[12.5798,54.2099],[12.551,54.2207],[12.5467,54.2241],[12.55,54.227],[12.5229,54.2349],[12.52,54.2374],[12.5233,54.2411],[12.4871,54.248]],[[13.0119,53.9213],[13.0137,53.9212],[13.0132,53.9208],[13.0119,53.9213]],[[12.9756,53.9516],[12.9774,53.9522],[12.9783,53.9513],[12.9756,53.9516]],[[12.9664,53.9655],[12.9657,53.9615],[12.9757,53.9547],[12.9543,53.9586],[12.9525,53.9636],[12.9664,53.9655]],[[12.4916,53.9693],[12.4958,53.9667],[12.4863,53.9681],[12.4916,53.9693]],[[12.5368,53.9697],[12.5393,53.9704],[12.5396,53.968],[12.5368,53.9697]],[[12.9402,53.963],[12.9268,53.961],[12.9202,53.9669],[12.9402,53.963]],[[13.0395,53.9626],[13.0407,53.9584],[13.0354,53.9604],[13.0395,53.9626]],[[12.6183,53.9728],[12.6194,53.9712],[12.6163,53.971],[12.6183,53.9728]],[[12.5774,53.9786],[12.5808,53.9758],[12.5761,53.9765],[12.5774,53.9786]],[[13.0305,53.9734],[13.0348,53.9708],[13.0288,53.9652],[13.0238,53.9676],[13.0305,53.9734]],[[12.9092,53.9695],[12.9002,53.9717],[12.9031,53.9755],[12.9092,53.9695]],[[12.5937,53.9877],[12.6013,53.9854],[12.5994,53.9789],[12.5897,53.9844],[12.5937,53.9877]],[[12.9809,53.975],[12.993,53.9729],[12.9848,53.9709],[12.9809,53.975]],[[12.4379,53.9917],[12.4396,53.9874],[12.4354,53.9873],[12.4379,53.9917]],[[12.6063,53.9856],[12.6091,53.984],[12.6059,53.9845],[12.6063,53.9856]],[[12.6034,53.9855],[12.6027,53.9849],[12.6027,53.9856],[12.6034,53.9855]],[[12.9688,53.9805],[12.9724,53.9788],[12.9703,53.9785],[12.9688,53.9805]],[[13.0363,53.9798],[13.0388,53.9774],[13.0357,53.9776],[13.0363,53.9798]],[[12.6286,53.9913],[12.6287,53.9904],[12.6278,53.9903],[12.6286,53.9913]],[[12.5752,53.9941],[12.5755,53.9916],[12.5737,53.992],[12.5752,53.9941]],[[12.6185,53.9916],[12.6196,53.9916],[12.6192,53.9913],[12.6185,53.9916]],[[12.9671,53.9925],[12.9702,53.9965],[12.9755,53.9936],[12.9632,53.9885],[12.9704,53.9858],[12.9584,53.9873],[12.9612,53.9846],[12.9486,53.9916],[12.9576,53.9886],[12.9671,53.9925]],[[12.626,53.9958],[12.6259,53.9931],[12.6239,53.9951],[12.626,53.9958]],[[12.5746,53.9948],[12.5741,53.996],[12.5758,53.996],[12.5746,53.9948]],[[12.5869,53.9974],[12.5904,53.9963],[12.5842,53.9962],[12.5869,53.9974]],[[12.5652,54.003],[12.5713,54.0018],[12.5585,54.0001],[12.5652,54.003]],[[12.8737,54.0028],[12.865,53.995],[12.8838,53.9965],[12.8849,53.9934],[12.8584,53.9952],[12.8737,54.0028]],[[12.8569,53.9939],[12.8577,53.9932],[12.8556,53.9943],[12.8569,53.9939]],[[12.6324,54.0023],[12.6323,54.0002],[12.6198,54.0],[12.6324,54.0023]],[[12.8367,53.9955],[12.8259,53.9978],[12.8456,53.9995],[12.8367,53.9955]],[[12.8322,54.0033],[12.8297,54.0037],[12.8305,54.0045],[12.8322,54.0033]],[[12.9215,54.0101],[12.9266,54.0094],[12.925,54.0024],[12.9183,54.0042],[12.9215,54.0101]],[[12.932,54.0034],[12.9314,54.0024],[12.9294,54.0026],[12.932,54.0034]],[[12.9275,54.0035],[12.9289,54.0039],[12.9281,54.0032],[12.9275,54.0035]],[[12.9277,54.0044],[12.9284,54.005],[12.9289,54.0048],[12.9277,54.0044]],[[12.6678,54.0326],[12.6658,54.0288],[12.6811,54.0197],[12.6597,54.0175],[12.6681,54.0145],[12.6624,54.0124],[12.6375,54.0175],[12.6367,54.0205],[12.6535,54.0178],[12.6606,54.0304],[12.6678,54.0326]],[[12.8182,54.0132],[12.8258,54.0131],[12.8251,54.0094],[12.8182,54.0132]],[[12.8528,54.023],[12.8574,54.0181],[12.8463,54.0155],[12.8437,54.0189],[12.8528,54.023]],[[12.7771,54.0293],[12.7843,54.0243],[12.7763,54.0203],[12.7771,54.0293]],[[12.7073,54.0342],[12.709,54.0383],[12.7128,54.0371],[12.7073,54.0342]],[[12.6878,54.0498],[12.6973,54.0464],[12.6893,54.0442],[12.6878,54.0498]],[[12.7133,54.045],[12.7187,54.0474],[12.7178,54.0451],[12.7133,54.045]],[[12.7823,54.0503],[12.7848,54.0499],[12.7826,54.049],[12.7823,54.0503]],[[12.7247,54.0648],[12.7256,54.0628],[12.7231,54.0627],[12.7247,54.0648]],[[12.7261,54.0673],[12.7267,54.065],[12.7244,54.0662],[12.7261,54.0673]],[[12.7324,54.1152],[12.7342,54.1145],[12.7319,54.1147],[12.7324,54.1152]],[[12.6971,54.1254],[12.6986,54.1256],[12.6983,54.1251],[12.6971,54.1254]],[[12.596,54.1701],[12.5979,54.1702],[12.5978,54.1693],[12.596,54.1701]],[[12.6014,54.1788],[12.6028,54.1786],[12.6005,54.1783],[12.6014,54.1788]]]},"properties":{"code":"DE1941401","name":"Recknitz- und Trebeltal mit Seitent\u00e4lern und Feldmark","country":"Germany","designation":"SPA","area_ha":38787.7}},{"type":"Feature","geometry":{"type":"Polygon","coordinates":[[[12.7631,53.8696],[12.7655,53.8733],[12.7601,53.8703],[12.7631,53.8696]]]},"properties":{"code":"DE2142401","name":"K\u00e4mmericher Senke","country":"Germany","designation":"SPA","area_ha":7.7}},{"type":"Feature","geometry":{"type":"MultiPolygon","coordinates":[[[[11.7078,53.6783],[11.7083,53.6829],[11.7011,53.6866],[11.7049,53.6907],[11.7013,53.6974],[11.7124,53.698],[11.7137,53.6939],[11.7256,53.6982],[11.7203,53.704],[11.7409,53.7142],[11.7483,53.7122],[11.7429,53.7161],[11.7498,53.7203],[11.7853,53.7158],[11.7852,53.7224],[11.8122,53.7349],[11.8162,53.7318],[11.8135,53.7356],[11.8185,53.738],[11.8331,53.7405],[11.8372,53.7361],[11.834,53.7425],[11.8453,53.7487],[11.8432,53.7536],[11.848,53.7539],[11.8447,53.7546],[11.8489,53.7591],[11.8408,53.7654],[11.8406,53.7725],[11.8492,53.7792],[11.8379,53.7864],[11.9132,53.7957],[11.9428,53.8079],[11.9492,53.8161],[11.9781,53.8228],[11.9827,53.8271],[11.9789,53.8305],[12.0,53.8458],[11.998,53.8421],[12.0089,53.8316],[11.9997,53.8211],[12.0178,53.8129],[12.0235,53.8041],[12.031,53.8148],[12.0609,53.823],[12.1121,53.8171],[12.1148,53.8127],[12.1222,53.8169],[12.1252,53.8128],[12.0995,53.7958],[12.103,53.7892],[12.1,53.7825],[12.0899,53.777],[12.1009,53.78],[12.1063,53.7741],[12.1125,53.7827],[12.1076,53.7892],[12.1224,53.7931],[12.1199,53.7988],[12.1278,53.8012],[12.122,53.8023],[12.147,53.8097],[12.1374,53.8162],[12.1483,53.8255],[12.1441,53.8348],[12.1254,53.8391],[12.1217,53.8355],[12.1211,53.8395],[12.0963,53.8439],[12.0856,53.8341],[12.0794,53.8381],[12.068,53.8359],[12.069,53.8312],[12.0386,53.8282],[12.0286,53.8324],[12.0342,53.8359],[12.0292,53.8405],[12.0114,53.8343],[12.0036,53.8414],[12.0988,53.897],[12.1112,53.9121],[12.1125,53.9177],[12.1078,53.9165],[12.1039,53.9239],[12.1129,53.9251],[12.1133,53.9378],[12.0953,53.9252],[12.0884,53.9143],[12.0892,53.9013],[12.0691,53.8938],[12.0624,53.8964],[12.0473,53.8921],[12.0341,53.8803],[12.0186,53.8799],[11.9765,53.8352],[11.9557,53.8284],[11.9421,53.8172],[11.9066,53.8116],[11.9039,53.8181],[11.9071,53.819],[11.9003,53.8196],[11.8837,53.815],[11.8883,53.8127],[11.8828,53.8128],[11.8822,53.8086],[11.8496,53.8089],[11.824,53.7986],[11.8234,53.7883],[11.8433,53.7795],[11.8386,53.7755],[11.8398,53.7702],[11.8326,53.7694],[11.8413,53.7627],[11.8355,53.7445],[11.8206,53.7382],[11.8195,53.7456],[11.8163,53.7383],[11.802,53.7292],[11.7885,53.7224],[11.7777,53.7229],[11.7751,53.7183],[11.7664,53.7249],[11.7458,53.7236],[11.7488,53.7186],[11.698,53.7028],[11.7033,53.7005],[11.6983,53.6938],[11.6677,53.7031],[11.6711,53.709],[11.6633,53.7082],[11.6671,53.7026],[11.6967,53.6942],[11.6894,53.6912],[11.6953,53.6907],[11.6909,53.6873],[11.7004,53.6869],[11.6951,53.684],[11.6991,53.6737],[11.7078,53.6783]],[[11.7078,53.6783],[11.7076,53.6784],[11.7078,53.6784],[11.7078,53.6783]],[[11.7028,53.6899],[11.6977,53.6901],[11.698,53.6932],[11.7028,53.6899]],[[11.7028,53.6899],[11.7029,53.6898],[11.7029,53.6898],[11.7028,53.6899]],[[11.7095,53.7],[11.7173,53.7069],[11.7187,53.703],[11.7095,53.7]],[[11.8352,53.7873],[11.8367,53.7874],[11.8358,53.7868],[11.8352,53.7873]],[[11.8666,53.79],[11.8666,53.7896],[11.8658,53.7895],[11.8666,53.79]],[[11.885,53.8056],[11.8836,53.8048],[11.8832,53.8055],[11.885,53.8056]],[[11.8816,53.8066],[11.8825,53.8073],[11.8828,53.8064],[11.8816,53.8066]],[[12.1304,53.8192],[12.1318,53.8194],[12.1331,53.8186],[12.1304,53.8192]],[[12.0276,53.8256],[12.0325,53.8241],[12.0293,53.8234],[12.0276,53.8256]],[[12.0468,53.8249],[12.0476,53.824],[12.0467,53.824],[12.0468,53.8249]],[[12.0468,53.8259],[12.0458,53.827],[12.0482,53.8272],[12.0468,53.8259]],[[12.1136,53.827],[12.111,53.8334],[12.1147,53.8326],[12.1136,53.827]],[[12.0461,53.828],[12.0473,53.828],[12.0461,53.8277],[12.0461,53.828]],[[11.9872,53.8404],[11.9872,53.8406],[11.9892,53.8403],[11.9872,53.8404]],[[11.9899,53.8418],[11.9899,53.8429],[11.9915,53.843],[11.9899,53.8418]],[[11.9895,53.8428],[11.989,53.8419],[11.9889,53.8431],[11.9895,53.8428]],[[11.9932,53.8444],[11.9867,53.8469],[11.9976,53.8447],[11.9932,53.8444]]],[[[12.1615,54.0698],[12.1563,54.078],[12.1468,54.0761],[12.1471,54.0696],[12.1549,54.062],[12.1681,54.0595],[12.1691,54.0496],[12.1522,54.0408],[12.1451,54.0493],[12.1405,54.0397],[12.1474,54.0385],[12.1428,54.0362],[12.1468,54.0343],[12.1355,54.0339],[12.1198,54.0054],[12.1115,54.0068],[12.1135,54.0015],[12.1073,54.0027],[12.1085,53.9988],[12.1015,53.9967],[12.1053,53.9894],[12.1134,53.9943],[12.1109,53.9857],[12.1159,53.9854],[12.1196,53.9764],[12.1123,53.9772],[12.1223,53.9673],[12.1024,53.9699],[12.1014,53.9664],[12.1107,53.9633],[12.1041,53.9575],[12.1033,53.9514],[12.1108,53.9506],[12.1038,53.9434],[12.1151,53.9404],[12.1221,53.9555],[12.129,53.9488],[12.1339,53.9511],[12.1282,53.9439],[12.1356,53.9382],[12.1469,53.9437],[12.1354,53.9477],[12.1504,53.9491],[12.1477,53.9558],[12.1394,53.9553],[12.1416,53.9649],[12.1473,53.9658],[12.1459,53.973],[12.1413,53.9738],[12.145,53.9761],[12.1351,53.98],[12.1463,53.9985],[12.1438,54.001],[12.1533,54.0045],[12.1404,54.0152],[12.1486,54.0167],[12.1397,54.018],[12.1451,54.0217],[12.1402,54.0224],[12.1458,54.0273],[12.1579,54.0279],[12.1637,54.037],[12.1888,54.0521],[12.1848,54.0583],[12.1615,54.0698]],[[12.1419,53.9494],[12.1432,53.9493],[12.1429,53.9489],[12.1419,53.9494]],[[12.14,53.9508],[12.1393,53.9492],[12.1352,53.9507],[12.14,53.9508]],[[12.1207,53.9735],[12.1222,53.9742],[12.1238,53.9732],[12.1207,53.9735]],[[12.1027,53.9932],[12.1028,53.9932],[12.1028,53.9931],[12.1027,53.9932]],[[12.1166,53.997],[12.1157,53.9985],[12.1193,53.9981],[12.1166,53.997]]],[[[11.8801,53.7354],[11.8625,53.7326],[11.8644,53.7248],[11.8514,53.7231],[11.8466,53.7265],[11.8526,53.7359],[11.8375,53.7362],[11.831,53.731],[11.8365,53.7282],[11.8326,53.726],[11.8249,53.7307],[11.8175,53.7194],[11.8222,53.719],[11.8199,53.7157],[11.837,53.7162],[11.835,53.7095],[11.8422,53.7044],[11.8542,53.7125],[11.862,53.7123],[11.8529,53.7142],[11.8661,53.7222],[11.8641,53.7162],[11.8807,53.7157],[11.8927,53.7008],[11.9075,53.7074],[11.9314,53.7068],[11.9222,53.718],[11.8861,53.7194],[11.8694,53.7302],[11.8801,53.7354]],[[11.8821,53.7147],[11.8835,53.715],[11.8823,53.714],[11.8821,53.7147]],[[11.8861,53.719],[11.8867,53.7182],[11.8862,53.7182],[11.8861,53.719]]]]},"properties":{"code":"DE2137401","name":"Warnowtal, Sternberger Seen und untere Mildenitz","country":"Germany","designation":"SPA","area_ha":10816.4}},{"type":"Feature","geometry":{"type":"Polygon","coordinates":[[[12.3758,53.8261],[12.3702,53.8267],[12.362,53.8181],[12.352,53.8185],[12.3545,53.8148],[12.3373,53.8037],[12.3212,53.8051],[12.3332,53.7986],[12.3201,53.7944],[12.3284,53.7902],[12.3291,53.785],[12.3137,53.7819],[12.311,53.7773],[12.2649,53.7703],[12.2479,53.7788],[12.2454,53.7877],[12.2378,53.7927],[12.2204,53.7897],[12.2332,53.7889],[12.2373,53.7819],[12.2219,53.7617],[12.2287,53.7574],[12.2298,53.7499],[12.2389,53.7547],[12.2432,53.7458],[12.2554,53.7438],[12.2524,53.7314],[12.2752,53.7212],[12.2784,53.7059],[12.305,53.6949],[12.296,53.6854],[12.344,53.6906],[12.349,53.6832],[12.3381,53.6711],[12.3445,53.6684],[12.3454,53.6737],[12.3591,53.6758],[12.3621,53.6826],[12.3465,53.6861],[12.3399,53.6948],[12.3266,53.6963],[12.3283,53.6933],[12.3145,53.6904],[12.3061,53.6933],[12.3085,53.6975],[12.2921,53.7013],[12.2852,53.706],[12.2879,53.7106],[12.2793,53.7127],[12.2762,53.7224],[12.246,53.7608],[12.2348,53.7633],[12.241,53.7692],[12.2382,53.7718],[12.2428,53.7808],[12.2654,53.7684],[12.3341,53.7837],[12.3461,53.7746],[12.3617,53.7842],[12.3669,53.7778],[12.3546,53.7713],[12.3691,53.7738],[12.368,53.7776],[12.3776,53.7698],[12.3866,53.7703],[12.3883,53.777],[12.3828,53.7863],[12.4043,53.7914],[12.4103,53.798],[12.4024,53.8025],[12.4176,53.8086],[12.4076,53.8128],[12.3845,53.8064],[12.3811,53.8092],[12.3874,53.8109],[12.3853,53.8176],[12.3944,53.8192],[12.3738,53.8203],[12.3758,53.8261]],[[12.3442,53.6873],[12.3457,53.6881],[12.3471,53.6877],[12.3442,53.6873]],[[12.3445,53.7864],[12.349,53.7843],[12.3434,53.7854],[12.3445,53.7864]],[[12.3699,53.8006],[12.3803,53.7963],[12.3751,53.7951],[12.3699,53.8006]]]},"properties":{"code":"DE2239401","name":"Nebel und Warinsee","country":"Germany","designation":"SPA","area_ha":3010.2}},{"type":"Feature","geometry":{"type":"Polygon","coordinates":[[[12.9135,53.7736],[12.9077,53.774],[12.9223,53.7621],[12.9142,53.7594],[12.9184,53.7565],[12.9116,53.7491],[12.9008,53.745],[12.8666,53.7481],[12.8707,53.7394],[12.8889,53.7354],[12.8921,53.7413],[12.9016,53.7363],[12.9249,53.7382],[12.9293,53.7471],[12.9241,53.7487],[12.9491,53.7602],[12.9135,53.7736]]]},"properties":{"code":"DE2243401","name":"Wald bei Grammentin","country":"Germany","designation":"SPA","area_ha":717.3}},{"type":"Feature","geometry":{"type":"Polygon","coordinates":[[[12.4428,53.577],[12.4315,53.5809],[12.4145,53.5968],[12.4209,53.6018],[12.414,53.61],[12.3883,53.5964],[12.3654,53.5997],[12.3743,53.6129],[12.3723,53.6167],[12.3348,53.6219],[12.3476,53.6316],[12.331,53.6435],[12.3412,53.6527],[12.336,53.6571],[12.3498,53.6592],[12.349,53.6649],[12.3394,53.6636],[12.346,53.6666],[12.3412,53.6694],[12.3149,53.6674],[12.3112,53.6614],[12.2771,53.6538],[12.2841,53.6511],[12.2785,53.644],[12.2852,53.6412],[12.2813,53.6354],[12.2869,53.6331],[12.2528,53.6429],[12.2648,53.6616],[12.2565,53.6622],[12.2621,53.6655],[12.2341,53.6783],[12.2282,53.6738],[12.2331,53.6621],[12.2273,53.6493],[12.2432,53.6457],[12.2406,53.6425],[12.2367,53.6466],[12.2062,53.638],[12.1987,53.649],[12.1815,53.643],[12.1838,53.641],[12.1566,53.6368],[12.1484,53.6386],[12.1515,53.6523],[12.1371,53.6503],[12.1381,53.6551],[12.125,53.6409],[12.0997,53.6524],[12.0977,53.6462],[12.0885,53.6463],[12.0981,53.6415],[12.0961,53.6384],[12.0817,53.6378],[12.0437,53.6535],[12.0615,53.6716],[12.0579,53.6774],[12.0797,53.6681],[12.0717,53.6589],[12.0939,53.6595],[12.0989,53.6671],[12.1192,53.6659],[12.1169,53.6696],[12.1362,53.6751],[12.1383,53.6886],[12.1191,53.6917],[12.1164,53.6792],[12.1092,53.6829],[12.1062,53.6699],[12.0912,53.6687],[12.0864,53.6606],[12.0863,53.6656],[12.0722,53.6733],[12.0664,53.688],[12.0797,53.6868],[12.0764,53.6908],[12.0824,53.6933],[12.0816,53.6974],[12.0888,53.6952],[12.0857,53.6897],[12.0976,53.6863],[12.099,53.6965],[12.0764,53.6983],[12.0722,53.6901],[12.0609,53.6919],[12.051,53.687],[12.0457,53.6888],[12.0457,53.7011],[12.0382,53.7048],[12.0434,53.7105],[12.0597,53.7128],[12.0592,53.7294],[12.0511,53.7289],[12.0445,53.7161],[12.0365,53.7157],[12.0158,53.7274],[12.0012,53.7229],[11.9984,53.7178],[12.0337,53.7018],[12.0388,53.6941],[12.0264,53.6919],[12.038,53.6909],[12.0424,53.6804],[12.0192,53.674],[12.0064,53.6647],[12.0218,53.666],[12.0203,53.6594],[11.9922,53.6538],[12.0048,53.6442],[11.9963,53.6397],[11.9915,53.628],[12.0327,53.596],[12.0611,53.588],[12.0807,53.587],[12.0857,53.5917],[12.0693,53.5991],[12.1003,53.606],[12.0971,53.5897],[12.1074,53.5848],[12.0857,53.5831],[12.0873,53.577],[12.0797,53.5755],[12.0834,53.5712],[12.0788,53.5716],[12.0695,53.5592],[12.0938,53.5602],[12.1124,53.5682],[12.1186,53.5642],[12.1256,53.576],[12.1329,53.5778],[12.1333,53.572],[12.2093,53.5537],[12.2291,53.56],[12.2285,53.5481],[12.256,53.5385],[12.2702,53.5451],[12.2805,53.5361],[12.2692,53.5311],[12.2614,53.5334],[12.2592,53.5241],[12.2498,53.5168],[12.2717,53.5128],[12.2845,53.516],[12.2827,53.5076],[12.3003,53.5036],[12.3007,53.4984],[12.2822,53.4956],[12.2674,53.5063],[12.2798,53.4891],[12.3068,53.4948],[12.3266,53.5186],[12.3228,53.5218],[12.349,53.5146],[12.3569,53.5186],[12.3823,53.5071],[12.3884,53.5078],[12.3772,53.5165],[12.4347,53.5183],[12.4454,53.5231],[12.4644,53.5209],[12.4739,53.5277],[12.5162,53.5201],[12.5316,53.5289],[12.5197,53.5431],[12.5224,53.5518],[12.5148,53.5494],[12.5182,53.5533],[12.4929,53.5585],[12.4952,53.5651],[12.4428,53.577]],[[12.2852,53.5169],[12.2863,53.5168],[12.2854,53.5165],[12.2852,53.5169]],[[12.3454,53.517],[12.3466,53.5167],[12.3458,53.5164],[12.3454,53.517]],[[12.3723,53.5188],[12.3745,53.5184],[12.3742,53.5179],[12.3723,53.5188]],[[12.4202,53.536],[12.4208,53.5422],[12.4298,53.5392],[12.4283,53.524],[12.4192,53.5236],[12.4202,53.536]],[[12.2831,53.5291],[12.2822,53.5299],[12.283,53.5299],[12.2831,53.5291]],[[12.2906,53.5345],[12.2892,53.5344],[12.2895,53.5348],[12.2906,53.5345]],[[12.2074,53.5588],[12.2089,53.5586],[12.202,53.5572],[12.2074,53.5588]],[[12.331,53.5558],[12.3309,53.5566],[12.3338,53.5559],[12.331,53.5558]],[[12.2732,53.5585],[12.2699,53.5587],[12.2742,53.5594],[12.2732,53.5585]],[[12.3506,53.56],[12.3535,53.5614],[12.3549,53.5597],[12.3506,53.56]],[[12.3344,53.5633],[12.3323,53.562],[12.3313,53.5629],[12.3344,53.5633]],[[12.3226,53.5642],[12.3246,53.5638],[12.324,53.5632],[12.3226,53.5642]],[[12.1156,53.5687],[12.1161,53.5688],[12.1163,53.5684],[12.1156,53.5687]],[[12.085,53.5709],[12.0856,53.5706],[12.0845,53.5706],[12.085,53.5709]],[[12.1966,53.5775],[12.1985,53.5763],[12.1894,53.5696],[12.1966,53.5775]],[[12.1194,53.5733],[12.1204,53.5731],[12.1198,53.5729],[12.1194,53.5733]],[[12.1108,53.5766],[12.1097,53.5771],[12.1122,53.5774],[12.1108,53.5766]],[[12.1174,53.5786],[12.1174,53.5771],[12.1163,53.5778],[12.1174,53.5786]],[[12.1341,53.5793],[12.1357,53.5798],[12.1333,53.5783],[12.1341,53.5793]],[[12.1083,53.5816],[12.1088,53.5817],[12.1088,53.5814],[12.1083,53.5816]],[[12.2143,53.5904],[12.2182,53.5885],[12.2115,53.5864],[12.2148,53.5884],[12.2112,53.5917],[12.2143,53.5904]],[[12.2931,53.5944],[12.2972,53.5925],[12.2905,53.5913],[12.2931,53.5944]],[[12.3901,53.591],[12.3943,53.5923],[12.395,53.5914],[12.3901,53.591]],[[12.077,53.6056],[12.0784,53.6055],[12.0762,53.605],[12.077,53.6056]],[[12.1132,53.6107],[12.103,53.6062],[12.113,53.6162],[12.1189,53.6143],[12.1132,53.6107]],[[12.2338,53.6062],[12.2261,53.607],[12.2272,53.6109],[12.2349,53.6111],[12.2338,53.6062]],[[12.0469,53.6107],[12.0456,53.6102],[12.0427,53.6132],[12.0469,53.6107]],[[12.3135,53.6116],[12.3102,53.6075],[12.3049,53.6112],[12.3135,53.6116]],[[12.2522,53.6103],[12.2533,53.6107],[12.2538,53.6097],[12.2522,53.6103]],[[12.0991,53.6136],[12.0994,53.6162],[12.1011,53.6139],[12.0991,53.6136]],[[12.255,53.6131],[12.2533,53.6111],[12.2526,53.6128],[12.255,53.6131]],[[12.0738,53.626],[12.084,53.6194],[12.0823,53.6161],[12.0544,53.6179],[12.0738,53.626]],[[12.0326,53.6152],[12.0324,53.6163],[12.0337,53.6162],[12.0326,53.6152]],[[12.1274,53.614],[12.1244,53.6138],[12.1278,53.6146],[12.1274,53.614]],[[12.3278,53.6192],[12.3403,53.6157],[12.3331,53.6107],[12.3221,53.6163],[12.3278,53.6192]],[[12.2445,53.6129],[12.2449,53.6147],[12.2464,53.6143],[12.2445,53.6129]],[[12.2516,53.6158],[12.254,53.6156],[12.2529,53.6133],[12.2516,53.6158]],[[12.0975,53.6161],[12.0961,53.616],[12.0957,53.617],[12.0975,53.6161]],[[12.1454,53.6168],[12.1483,53.6186],[12.1497,53.6159],[12.1454,53.6168]],[[12.1106,53.6173],[12.1116,53.6175],[12.1115,53.6167],[12.1106,53.6173]],[[12.118,53.6184],[12.1175,53.6193],[12.1197,53.6191],[12.118,53.6184]],[[12.028,53.6214],[12.0285,53.6207],[12.0273,53.6208],[12.028,53.6214]],[[12.063,53.6227],[12.0622,53.6234],[12.066,53.6232],[12.063,53.6227]],[[12.0137,53.6232],[12.0127,53.6232],[12.0128,53.6244],[12.0137,53.6232]],[[12.1,53.622],[12.0997,53.6231],[12.101,53.6223],[12.1,53.622]],[[12.0254,53.6242],[12.0268,53.6241],[12.0261,53.6237],[12.0254,53.6242]],[[12.0291,53.6265],[12.0331,53.6259],[12.0271,53.6243],[12.0291,53.6265]],[[12.1465,53.6224],[12.1479,53.6242],[12.1494,53.6243],[12.1465,53.6224]],[[12.2315,53.6243],[12.2304,53.6221],[12.2268,53.6238],[12.2315,53.6243]],[[12.1224,53.6373],[12.1244,53.6384],[12.1241,53.6365],[12.1224,53.6373]],[[12.3068,53.6355],[12.3081,53.6344],[12.3051,53.6337],[12.3068,53.6355]],[[12.3109,53.6382],[12.3094,53.6362],[12.3091,53.6376],[12.3109,53.6382]],[[12.2924,53.6426],[12.2896,53.6396],[12.2888,53.6471],[12.294,53.6495],[12.2924,53.6426]],[[12.0521,53.6464],[12.0568,53.6449],[12.0556,53.6439],[12.0521,53.6464]],[[12.3368,53.6523],[12.3356,53.6522],[12.3361,53.6526],[12.3368,53.6523]]]},"properties":{"code":"DE2339402","name":"Nossentiner/Schwinzer Heide","country":"Germany","designation":"SPA","area_ha":34338.8}},{"type":"Feature","geometry":{"type":"Polygon","coordinates":[[[13.1137,53.6807],[13.0912,53.6781],[13.0918,53.6744],[13.0787,53.6764],[13.087,53.6667],[13.075,53.6684],[13.0809,53.6623],[13.0673,53.6577],[13.079,53.659],[13.0824,53.6539],[13.0789,53.6447],[13.0657,53.6488],[13.0671,53.6449],[13.0561,53.6449],[13.0525,53.657],[13.0449,53.6581],[13.0277,53.6561],[13.019,53.6469],[13.0068,53.6466],[13.0129,53.641],[12.9993,53.6357],[13.011,53.6298],[13.0013,53.6277],[12.9997,53.6223],[13.0167,53.624],[13.0258,53.6197],[13.0229,53.5981],[13.0371,53.5923],[13.0177,53.5957],[13.0035,53.6098],[12.9859,53.6183],[12.9659,53.6143],[12.9718,53.613],[12.967,53.6108],[12.9725,53.6076],[12.9624,53.5992],[12.9735,53.6036],[12.9801,53.5987],[13.0183,53.5923],[13.0048,53.5862],[12.9938,53.5932],[12.9911,53.5903],[12.9958,53.5879],[12.9882,53.5839],[12.9667,53.5875],[12.9658,53.5932],[12.9516,53.593],[12.9506,53.5894],[12.9594,53.5903],[12.963,53.5755],[12.9714,53.5716],[12.9597,53.5686],[12.9572,53.5585],[12.9633,53.5548],[12.9703,53.5572],[12.9697,53.5634],[12.9869,53.5594],[12.9916,53.5654],[13.021,53.5638],[13.0242,53.5726],[13.0188,53.5693],[13.0124,53.5727],[13.017,53.5829],[13.0269,53.5898],[13.0478,53.5857],[13.0624,53.5801],[13.0581,53.5748],[13.0665,53.5709],[13.069,53.5614],[13.0649,53.5546],[13.0471,53.552],[13.0534,53.5472],[13.0515,53.5406],[13.0773,53.5357],[13.0741,53.5309],[13.0776,53.5235],[13.0817,53.5246],[13.082,53.5153],[13.0926,53.5213],[13.1131,53.5174],[13.1163,53.5226],[13.1129,53.5352],[13.1354,53.5367],[13.1109,53.5501],[13.1165,53.5576],[13.1031,53.5732],[13.1155,53.5832],[13.1002,53.5811],[13.0984,53.5925],[13.1032,53.5955],[13.0897,53.5998],[13.0863,53.6042],[13.0934,53.6109],[13.086,53.6061],[13.0894,53.6143],[13.0798,53.6208],[13.0939,53.6316],[13.0926,53.641],[13.1087,53.6429],[13.1144,53.6384],[13.1215,53.6439],[13.1133,53.649],[13.1159,53.6518],[13.1045,53.6511],[13.0945,53.6606],[13.1066,53.6739],[13.1158,53.6704],[13.1214,53.6742],[13.1137,53.6807]],[[13.0953,53.5613],[13.1056,53.557],[13.1114,53.5413],[13.0998,53.5353],[13.1027,53.5317],[13.0981,53.5292],[13.0785,53.5427],[13.088,53.5469],[13.0899,53.5581],[13.0953,53.5613]],[[13.0785,53.5658],[13.0715,53.5613],[13.0715,53.5643],[13.0785,53.5658]],[[12.9808,53.5755],[12.9859,53.5745],[12.9806,53.5739],[12.9808,53.5755]],[[13.0832,53.5922],[13.0892,53.5905],[13.0824,53.588],[13.0873,53.5832],[13.0754,53.5868],[13.0832,53.5922]],[[13.0749,53.5876],[13.0728,53.5883],[13.0744,53.5893],[13.0749,53.5876]],[[13.0477,53.5941],[13.048,53.5909],[13.0446,53.5917],[13.0477,53.5941]],[[13.0584,53.5928],[13.0589,53.5932],[13.0603,53.5927],[13.0584,53.5928]],[[12.9841,53.608],[12.9801,53.6089],[12.9836,53.6092],[12.9841,53.608]],[[13.0713,53.6155],[13.078,53.612],[13.0732,53.6101],[13.0713,53.6155]],[[13.0598,53.6227],[13.0659,53.6248],[13.0613,53.6153],[13.058,53.6157],[13.0598,53.6227]],[[13.047,53.6287],[13.0495,53.6262],[13.0448,53.6222],[13.0281,53.622],[13.0333,53.6318],[13.04,53.6341],[13.047,53.6287]],[[13.0728,53.6245],[13.0714,53.624],[13.0713,53.6245],[13.0728,53.6245]],[[13.071,53.6242],[13.0704,53.6242],[13.0704,53.6245],[13.071,53.6242]],[[13.0759,53.6249],[13.0769,53.6249],[13.0769,53.6242],[13.0759,53.6249]],[[13.0686,53.6343],[13.074,53.6322],[13.0616,53.6297],[13.0686,53.6343]],[[13.0626,53.6335],[13.0627,53.6335],[13.0626,53.6334],[13.0626,53.6335]],[[13.0129,53.6384],[13.0181,53.6358],[13.0141,53.6357],[13.0129,53.6384]],[[13.0841,53.6506],[13.0851,53.6513],[13.0845,53.6505],[13.0841,53.6506]],[[13.0923,53.6522],[13.093,53.6521],[13.0923,53.6521],[13.0923,53.6522]]]},"properties":{"code":"DE2344401","name":"Kuppiges Tollensegebiet zwischen Rosenow und Penzlin","country":"Germany","designation":"SPA","area_ha":7666.5}},{"type":"Feature","geometry":{"type":"Polygon","coordinates":[[[11.9554,53.6164],[11.9517,53.6214],[11.9425,53.6167],[11.9438,53.6138],[11.9129,53.6117],[11.9009,53.6041],[11.9085,53.6025],[11.9096,53.598],[11.9005,53.5853],[11.8936,53.5879],[11.8873,53.5814],[11.8611,53.5784],[11.874,53.5736],[11.8671,53.5686],[11.874,53.5663],[11.8742,53.5608],[11.8668,53.5529],[11.8829,53.5525],[11.8742,53.546],[11.8903,53.5429],[11.9158,53.56],[11.931,53.5617],[11.9429,53.5493],[11.9549,53.5581],[11.9613,53.5475],[11.9816,53.5358],[12.0001,53.5409],[12.0,53.5476],[12.0065,53.551],[12.0083,53.5469],[12.0238,53.5458],[12.0277,53.5551],[12.0195,53.5654],[12.0379,53.5628],[12.0412,53.5683],[12.0439,53.566],[12.0396,53.5623],[12.0533,53.5614],[12.056,53.5695],[12.0486,53.5746],[12.0585,53.5774],[12.0603,53.5833],[12.0761,53.5853],[12.0327,53.596],[12.0109,53.6155],[11.998,53.6153],[11.9868,53.6083],[11.9554,53.6164]],[[12.0039,53.552],[12.0041,53.5514],[12.003,53.5514],[12.0039,53.552]],[[12.0089,53.5533],[12.0115,53.553],[12.0065,53.5514],[12.0089,53.5533]],[[11.9681,53.5625],[11.9707,53.5605],[11.9666,53.5599],[11.9681,53.5625]],[[11.972,53.568],[11.9751,53.5635],[11.9683,53.564],[11.972,53.568]],[[11.9489,53.5687],[11.9393,53.5642],[11.9349,53.5683],[11.9093,53.566],[11.9084,53.5706],[11.8961,53.5656],[11.8901,53.571],[11.8947,53.5714],[11.8952,53.5796],[11.9227,53.5805],[11.927,53.5858],[11.9406,53.5852],[11.935,53.5813],[11.9489,53.5687]],[[12.0228,53.5817],[12.0345,53.5753],[12.0194,53.5685],[12.0314,53.5753],[12.0228,53.5817]],[[12.0403,53.5695],[12.0405,53.5702],[12.0427,53.5695],[12.0403,53.5695]],[[11.9842,53.5795],[11.9842,53.5802],[11.9854,53.5796],[11.9842,53.5795]],[[11.9607,53.5855],[11.9623,53.5821],[11.9545,53.582],[11.9607,53.5855]],[[11.9866,53.5904],[11.9915,53.5906],[11.9901,53.5852],[11.9953,53.5814],[11.9805,53.59],[11.9866,53.5904]],[[12.009,53.5834],[12.0102,53.5842],[12.0101,53.5833],[12.009,53.5834]],[[11.9814,53.5842],[11.9814,53.5851],[11.9825,53.5849],[11.9814,53.5842]],[[12.0425,53.5901],[12.0446,53.5887],[12.0365,53.5865],[12.0425,53.5901]],[[11.9393,53.5924],[11.9413,53.5928],[11.9409,53.592],[11.9393,53.5924]],[[12.041,53.5915],[12.0411,53.5929],[12.044,53.592],[12.041,53.5915]],[[12.0107,53.6027],[12.0223,53.6022],[12.0143,53.5986],[12.0189,53.5939],[12.0094,53.5982],[12.0149,53.6002],[12.0107,53.6027]],[[11.93,53.5972],[11.9328,53.596],[11.9308,53.5955],[11.93,53.5972]],[[11.9221,53.5978],[11.9232,53.5968],[11.9218,53.5966],[11.9221,53.5978]],[[11.9133,53.5976],[11.9124,53.5978],[11.9146,53.5977],[11.9133,53.5976]],[[11.9544,53.6044],[11.9584,53.6018],[11.9527,53.6023],[11.9544,53.6044]],[[12.0094,53.6041],[12.0098,53.6045],[12.0103,53.6043],[12.0094,53.6041]]]},"properties":{"code":"DE2437401","name":"W\u00e4lder und Feldmark bei Techentin - Mestlin","country":"Germany","designation":"SPA","area_ha":6594.3}},{"type":"Feature","geometry":{"type":"Polygon","coordinates":[[[12.4169,54.0622],[12.399,54.0585],[12.4046,54.0444],[12.4277,54.0452],[12.4312,54.0492],[12.4169,54.0622]]]},"properties":{"code":"DE1940401","name":"Teufelsmoor bei Horst","country":"Germany","designation":"SPA","area_ha":312.9}},{"type":"Feature","geometry":{"type":"Polygon","coordinates":[[[12.4395,53.5782],[12.4952,53.5651],[12.4929,53.5585],[12.5224,53.5518],[12.5197,53.5431],[12.5289,53.5362],[12.5271,53.5317],[12.5444,53.5447],[12.5409,53.5538],[12.5552,53.5548],[12.5568,53.5453],[12.5515,53.5449],[12.5464,53.5329],[12.5301,53.5304],[12.5177,53.5176],[12.4903,53.5256],[12.4654,53.5245],[12.471,53.519],[12.4663,53.517],[12.4669,53.5088],[12.5039,53.5081],[12.5103,53.5005],[12.5345,53.4964],[12.5368,53.4923],[12.5276,53.4765],[12.5497,53.4829],[12.5535,53.4802],[12.5359,53.4709],[12.5377,53.456],[12.5584,53.4623],[12.5549,53.4661],[12.559,53.4691],[12.5754,53.4678],[12.5714,53.4707],[12.5788,53.4749],[12.609,53.4789],[12.6207,53.487],[12.6219,53.4992],[12.6146,53.5152],[12.5954,53.5251],[12.5802,53.5255],[12.5718,53.5337],[12.5772,53.5384],[12.5975,53.5402],[12.5798,53.543],[12.5782,53.5482],[12.5661,53.5467],[12.5606,53.5499],[12.5649,53.5569],[12.6004,53.5485],[12.6071,53.5533],[12.6246,53.5481],[12.6349,53.5573],[12.6487,53.5567],[12.6296,53.5712],[12.6333,53.5728],[12.6251,53.5866],[12.5973,53.5863],[12.5929,53.589],[12.5969,53.5911],[12.5868,53.5972],[12.5737,53.5982],[12.5668,53.6027],[12.5693,53.6069],[12.5651,53.6156],[12.547,53.6334],[12.5402,53.6304],[12.5332,53.6404],[12.5131,53.6489],[12.5081,53.6474],[12.5144,53.6394],[12.5226,53.638],[12.5245,53.6313],[12.5233,53.6244],[12.5109,53.625],[12.513,53.6184],[12.5235,53.6188],[12.5195,53.6156],[12.5218,53.6039],[12.514,53.6003],[12.5103,53.5904],[12.5134,53.5834],[12.4821,53.5824],[12.4701,53.5875],[12.4612,53.5955],[12.4587,53.6061],[12.4533,53.6065],[12.4452,53.6007],[12.4504,53.6002],[12.4542,53.5927],[12.438,53.5934],[12.4263,53.5885],[12.4395,53.5782]],[[12.5572,53.4907],[12.5574,53.491],[12.5586,53.4906],[12.5572,53.4907]],[[12.5433,53.5192],[12.5433,53.518],[12.5417,53.5185],[12.5433,53.5192]],[[12.5452,53.5213],[12.546,53.5234],[12.5512,53.5217],[12.5452,53.5213]],[[12.5966,53.5208],[12.5965,53.5218],[12.5979,53.521],[12.5966,53.5208]],[[12.5519,53.5317],[12.5541,53.5291],[12.5469,53.5269],[12.5461,53.5306],[12.5519,53.5317]],[[12.5568,53.5326],[12.5574,53.5333],[12.5589,53.5327],[12.5568,53.5326]],[[12.5599,53.536],[12.5593,53.5375],[12.5636,53.5357],[12.5599,53.536]],[[12.5964,53.5793],[12.6031,53.5747],[12.5978,53.5733],[12.6086,53.5688],[12.5911,53.5623],[12.5897,53.5673],[12.5959,53.5756],[12.5914,53.5757],[12.5964,53.5793]],[[12.572,53.5684],[12.5732,53.568],[12.5704,53.5682],[12.572,53.5684]],[[12.5837,53.5687],[12.5838,53.5704],[12.5865,53.5694],[12.5837,53.5687]],[[12.5816,53.5701],[12.5817,53.5694],[12.5808,53.5694],[12.5816,53.5701]],[[12.5822,53.5722],[12.582,53.5718],[12.5812,53.572],[12.5822,53.5722]],[[12.5321,53.5808],[12.5348,53.5805],[12.5271,53.5788],[12.5321,53.5808]],[[12.4397,53.5818],[12.4406,53.5835],[12.4421,53.5826],[12.4397,53.5818]],[[12.5733,53.5803],[12.5747,53.5801],[12.5724,53.5796],[12.5733,53.5803]],[[12.5023,53.582],[12.5035,53.582],[12.5026,53.5816],[12.5023,53.582]],[[12.5963,53.5839],[12.5972,53.5819],[12.5954,53.5825],[12.5963,53.5839]],[[12.5754,53.5853],[12.5799,53.5825],[12.5757,53.5836],[12.5754,53.5853]],[[12.5876,53.5925],[12.5844,53.5894],[12.5785,53.5906],[12.5876,53.5925]],[[12.5498,53.5979],[12.5607,53.597],[12.5451,53.5912],[12.5383,53.5977],[12.5498,53.5979]],[[12.5332,53.6032],[12.5336,53.6011],[12.5315,53.6027],[12.5332,53.6032]],[[12.5394,53.6152],[12.5398,53.615],[12.5394,53.615],[12.5394,53.6152]],[[12.539,53.6268],[12.5386,53.6284],[12.5402,53.6277],[12.539,53.6268]]]},"properties":{"code":"DE2441401","name":"Klocksiner Seenkette, K\u00f6lpin- und Fleesensee","country":"Germany","designation":"SPA","area_ha":11116.7}},{"type":"Feature","geometry":{"type":"Polygon","coordinates":[[[12.4281,53.4486],[12.3848,53.4405],[12.3956,53.4378],[12.3802,53.4125],[12.3873,53.4078],[12.3233,53.4111],[12.3234,53.4061],[12.3499,53.4001],[12.3474,53.3938],[12.3344,53.3957],[12.325,53.3895],[12.3438,53.379],[12.3194,53.3716],[12.3186,53.3762],[12.3097,53.3763],[12.3121,53.3799],[12.302,53.3802],[12.3037,53.377],[12.271,53.3711],[12.2653,53.3689],[12.2668,53.3494],[12.2858,53.3372],[12.3043,53.3351],[12.3038,53.3499],[12.3228,53.3501],[12.3233,53.3447],[12.3465,53.3501],[12.3458,53.3453],[12.3554,53.3443],[12.3528,53.3377],[12.3644,53.3438],[12.3713,53.3383],[12.3794,53.3418],[12.3805,53.3366],[12.4005,53.3374],[12.4022,53.3411],[12.4076,53.3376],[12.4023,53.3363],[12.4016,53.329],[12.4186,53.3147],[12.4279,53.3178],[12.4319,53.3087],[12.4479,53.3061],[12.4755,53.3073],[12.4779,53.3252],[12.4698,53.3614],[12.4619,53.3578],[12.4448,53.3601],[12.444,53.3541],[12.4349,53.3507],[12.4296,53.353],[12.441,53.3574],[12.4071,53.3567],[12.3902,53.3617],[12.3763,53.3569],[12.3699,53.3665],[12.381,53.3661],[12.3869,53.3742],[12.3958,53.4074],[12.4049,53.4062],[12.4236,53.4196],[12.4231,53.4262],[12.399,53.43],[12.4038,53.4401],[12.4102,53.4384],[12.4193,53.4456],[12.4312,53.4469],[12.4281,53.4486]],[[12.452,53.3075],[12.4531,53.3079],[12.4529,53.3073],[12.452,53.3075]],[[12.4516,53.3085],[12.4518,53.3091],[12.4527,53.3089],[12.4516,53.3085]],[[12.4528,53.3097],[12.453,53.3105],[12.454,53.3104],[12.4528,53.3097]],[[12.4478,53.3172],[12.4495,53.3174],[12.4484,53.3168],[12.4478,53.3172]],[[12.4578,53.3378],[12.4592,53.3378],[12.4592,53.3366],[12.4578,53.3378]],[[12.4584,53.3395],[12.4594,53.3399],[12.4595,53.3395],[12.4584,53.3395]],[[12.4586,53.3422],[12.4601,53.3427],[12.46,53.3422],[12.4586,53.3422]],[[12.3576,53.3459],[12.3591,53.3458],[12.3575,53.3456],[12.3576,53.3459]],[[12.4103,53.3463],[12.4105,53.3465],[12.4121,53.3459],[12.4103,53.3463]],[[12.4155,53.348],[12.4132,53.3469],[12.4125,53.3472],[12.4155,53.348]],[[12.4524,53.3489],[12.4552,53.3488],[12.4527,53.3476],[12.4524,53.3489]],[[12.3475,53.3503],[12.3482,53.3503],[12.3478,53.35],[12.3475,53.3503]],[[12.3612,53.3597],[12.3574,53.3562],[12.3655,53.3544],[12.3505,53.3507],[12.3513,53.3583],[12.3612,53.3597]],[[12.3534,53.3772],[12.3573,53.3778],[12.3539,53.3728],[12.3457,53.3763],[12.3534,53.3772]],[[12.3462,53.3847],[12.346,53.3873],[12.3482,53.3866],[12.3462,53.3847]],[[12.3557,53.3927],[12.358,53.3918],[12.3564,53.3905],[12.3557,53.3927]],[[12.3571,53.3936],[12.3584,53.3937],[12.3579,53.3933],[12.3571,53.3936]],[[12.3902,53.4407],[12.3926,53.4413],[12.3926,53.4403],[12.3902,53.4407]]]},"properties":{"code":"DE2640401","name":"Feldmark Massow-Wendisch Priborn-Satow","country":"Germany","designation":"SPA","area_ha":7542.4}},{"type":"Feature","geometry":{"type":"Polygon","coordinates":[[[12.2638,53.4515],[12.2516,53.4473],[12.2479,53.4356],[12.2527,53.4207],[12.2675,53.4267],[12.2691,53.4438],[12.2604,53.4469],[12.2638,53.4515]]]},"properties":{"code":"DE2539401","name":"Plauer Stadtwald","country":"Germany","designation":"SPA","area_ha":311.7}},{"type":"Feature","geometry":{"type":"Polygon","coordinates":[[[12.674,53.3033],[12.6573,53.2971],[12.6659,53.2808],[12.6571,53.2809],[12.6432,53.2696],[12.6239,53.2685],[12.6221,53.2733],[12.6099,53.2744],[12.6119,53.2804],[12.5895,53.2882],[12.5841,53.2755],[12.6008,53.2794],[12.605,53.2733],[12.5975,53.2729],[12.6061,53.2625],[12.6738,53.2494],[12.6756,53.2466],[12.6652,53.2394],[12.67,53.2372],[12.6639,53.2344],[12.6709,53.2296],[12.6833,53.2264],[12.7023,53.2293],[12.706,53.2337],[12.7024,53.2366],[12.6772,53.2481],[12.7237,53.2485],[12.7282,53.2562],[12.7198,53.2578],[12.7247,53.2643],[12.7158,53.2711],[12.7336,53.2693],[12.7338,53.2771],[12.7196,53.2804],[12.7241,53.2851],[12.7333,53.2822],[12.739,53.2866],[12.7204,53.29],[12.7247,53.3002],[12.674,53.3033]],[[12.6739,53.2499],[12.6746,53.2502],[12.6743,53.2498],[12.6739,53.2499]],[[12.677,53.2526],[12.6777,53.2518],[12.6752,53.2509],[12.677,53.2526]],[[12.6866,53.2527],[12.6861,53.253],[12.6873,53.2528],[12.6866,53.2527]],[[12.6903,53.2552],[12.691,53.2554],[12.6905,53.2549],[12.6903,53.2552]],[[12.6937,53.2558],[12.6947,53.2565],[12.6955,53.2561],[12.6937,53.2558]],[[12.6964,53.2573],[12.7001,53.2587],[12.7001,53.2572],[12.6964,53.2573]],[[12.6194,53.2609],[12.6198,53.2611],[12.6203,53.2609],[12.6194,53.2609]],[[12.6476,53.2717],[12.6496,53.2725],[12.6485,53.271],[12.6476,53.2717]],[[12.6585,53.2758],[12.6587,53.2761],[12.66,53.2757],[12.6585,53.2758]],[[12.6801,53.2934],[12.6844,53.2945],[12.678,53.2897],[12.6801,53.2934]],[[12.691,53.2928],[12.6929,53.2928],[12.6931,53.2896],[12.691,53.2928]],[[12.6891,53.2927],[12.69,53.2935],[12.6905,53.2933],[12.6891,53.2927]],[[12.6747,53.2934],[12.6741,53.2931],[12.6741,53.2934],[12.6747,53.2934]]]},"properties":{"code":"DE2741401","name":"Buchholzer-Kr\u00fcmmeler Heide","country":"Germany","designation":"SPA","area_ha":3672.6}},{"type":"Feature","geometry":{"type":"MultiPolygon","coordinates":[[[[12.7472,53.9662],[12.7353,53.9635],[12.7389,53.9632],[12.7356,53.9559],[12.7451,53.9565],[12.7402,53.9545],[12.7539,53.9442],[12.7466,53.9404],[12.7457,53.9314],[12.729,53.931],[12.7325,53.9266],[12.7225,53.9209],[12.7347,53.9188],[12.7307,53.9124],[12.743,53.9107],[12.7376,53.915],[12.756,53.9177],[12.7487,53.9247],[12.7579,53.9263],[12.7541,53.9275],[12.7599,53.9327],[12.7574,53.9396],[12.766,53.9426],[12.7762,53.9393],[12.7821,53.9436],[12.7941,53.9341],[12.7917,53.9276],[12.7678,53.9311],[12.7613,53.9247],[12.8155,53.9113],[12.8141,53.904],[12.8075,53.9033],[12.8253,53.8936],[12.8255,53.8874],[12.8048,53.8862],[12.812,53.8785],[12.8198,53.879],[12.8314,53.8664],[12.8148,53.851],[12.8274,53.8443],[12.8095,53.8272],[12.799,53.8239],[12.8011,53.8185],[12.7948,53.8128],[12.7947,53.8002],[12.7817,53.8081],[12.7658,53.8088],[12.7737,53.8167],[12.7684,53.8219],[12.7811,53.8207],[12.7849,53.8229],[12.7826,53.8261],[12.7519,53.8401],[12.7469,53.8384],[12.7504,53.8338],[12.7426,53.83],[12.7123,53.844],[12.7137,53.8488],[12.7016,53.8495],[12.7054,53.8535],[12.7021,53.855],[12.6933,53.8501],[12.6598,53.8537],[12.6592,53.8462],[12.6653,53.8456],[12.6609,53.8418],[12.6551,53.8424],[12.6577,53.8477],[12.6515,53.8468],[12.6545,53.8515],[12.6452,53.8528],[12.6355,53.8477],[12.6313,53.8495],[12.6368,53.8522],[12.6334,53.8539],[12.6262,53.8492],[12.6364,53.8461],[12.6211,53.8375],[12.6076,53.8405],[12.6102,53.8361],[12.5845,53.8363],[12.5936,53.8293],[12.5903,53.8221],[12.5787,53.8246],[12.5712,53.818],[12.5757,53.8078],[12.5809,53.8066],[12.5729,53.8027],[12.5772,53.7879],[12.5852,53.79],[12.5802,53.781],[12.591,53.7807],[12.598,53.7737],[12.6209,53.7774],[12.6144,53.7861],[12.6412,53.7962],[12.6296,53.8006],[12.6439,53.8018],[12.6367,53.8075],[12.6396,53.8083],[12.6566,53.8044],[12.6332,53.7873],[12.6594,53.7863],[12.6562,53.7808],[12.6643,53.7803],[12.6679,53.7879],[12.6777,53.7821],[12.6431,53.7705],[12.6263,53.7592],[12.6292,53.7529],[12.6145,53.7546],[12.6201,53.7423],[12.5806,53.7466],[12.5805,53.7397],[12.5922,53.7383],[12.5805,53.7302],[12.567,53.7388],[12.5651,53.731],[12.5501,53.735],[12.5462,53.732],[12.5408,53.7508],[12.5339,53.7532],[12.5291,53.7522],[12.5348,53.7476],[12.53,53.7432],[12.5176,53.7418],[12.5084,53.7322],[12.4889,53.7316],[12.4914,53.7155],[12.4831,53.7068],[12.4881,53.701],[12.4573,53.6931],[12.4612,53.6889],[12.4549,53.6863],[12.4606,53.6738],[12.4564,53.6717],[12.4629,53.6678],[12.4534,53.6658],[12.4596,53.6604],[12.4533,53.6566],[12.484,53.6654],[12.4896,53.6619],[12.4862,53.6583],[12.5035,53.6568],[12.5021,53.6652],[12.5193,53.6664],[12.5149,53.6717],[12.5265,53.6724],[12.5242,53.6639],[12.5366,53.6666],[12.5335,53.6697],[12.537,53.6713],[12.5295,53.6721],[12.5314,53.6758],[12.54,53.6763],[12.5373,53.6793],[12.5454,53.6756],[12.5448,53.6789],[12.5525,53.6808],[12.5577,53.6739],[12.5493,53.6705],[12.5541,53.6642],[12.5427,53.658],[12.5404,53.651],[12.545,53.6506],[12.54,53.647],[12.5463,53.6496],[12.5548,53.6429],[12.5804,53.6459],[12.5819,53.634],[12.5953,53.6283],[12.5872,53.6263],[12.6157,53.6141],[12.6067,53.6023],[12.6213,53.5934],[12.6416,53.5955],[12.6443,53.5914],[12.6396,53.583],[12.6652,53.5817],[12.6686,53.5774],[12.6643,53.5743],[12.6753,53.5718],[12.6762,53.5783],[12.704,53.5893],[12.7269,53.5866],[12.7184,53.6023],[12.7303,53.6152],[12.7406,53.6171],[12.7301,53.628],[12.7312,53.6339],[12.7377,53.637],[12.7316,53.6417],[12.7221,53.6407],[12.7257,53.645],[12.7093,53.6377],[12.7146,53.6366],[12.7054,53.6288],[12.696,53.6272],[12.7034,53.6102],[12.691,53.6049],[12.6966,53.6117],[12.6673,53.612],[12.6594,53.6193],[12.6446,53.6184],[12.6442,53.6227],[12.6491,53.6204],[12.6516,53.6241],[12.6191,53.6281],[12.6204,53.6349],[12.6295,53.6375],[12.6189,53.655],[12.6227,53.6551],[12.6196,53.6644],[12.6283,53.6675],[12.6307,53.6743],[12.6247,53.6786],[12.6273,53.6823],[12.6417,53.6836],[12.6449,53.6906],[12.6638,53.6969],[12.6731,53.7059],[12.6771,53.7017],[12.6927,53.709],[12.6935,53.703],[12.7485,53.7198],[12.7465,53.7249],[12.7377,53.7232],[12.7317,53.7314],[12.7528,53.7414],[12.7552,53.745],[12.7483,53.7487],[12.7636,53.7441],[12.771,53.752],[12.7856,53.7422],[12.7969,53.7411],[12.8002,53.7464],[12.8199,53.7412],[12.8344,53.752],[12.8425,53.7654],[12.8268,53.7669],[12.828,53.7716],[12.8404,53.7719],[12.8447,53.7673],[12.8414,53.7623],[12.8518,53.7584],[12.8647,53.7719],[12.8795,53.7635],[12.9072,53.7834],[12.887,53.7943],[12.8994,53.8014],[12.8954,53.7923],[12.9266,53.7873],[12.9229,53.7971],[12.9441,53.7969],[12.9595,53.805],[12.958,53.8095],[12.9634,53.8113],[12.9667,53.8214],[12.9588,53.8253],[12.9612,53.8294],[12.9506,53.829],[12.9469,53.8361],[12.9376,53.8398],[12.9402,53.848],[12.9262,53.8569],[12.9309,53.8595],[12.9446,53.8539],[12.9364,53.862],[12.928,53.8634],[12.9575,53.8671],[12.9551,53.872],[12.9616,53.8766],[12.9864,53.8656],[13.0117,53.8654],[13.0135,53.8701],[12.9766,53.8724],[12.9769,53.8774],[12.9872,53.8744],[12.9824,53.8786],[12.9952,53.8784],[13.0304,53.8916],[13.008,53.8975],[12.9957,53.8942],[12.9948,53.8882],[12.9885,53.8863],[12.9822,53.8863],[12.9826,53.8901],[12.9585,53.8841],[12.9549,53.8936],[12.9478,53.8967],[12.9361,53.8941],[12.9358,53.8811],[12.9314,53.8785],[12.9107,53.8761],[12.9101,53.8822],[12.9054,53.8838],[12.9104,53.8873],[12.9061,53.8891],[12.9248,53.8933],[12.9037,53.8921],[12.9019,53.8879],[12.895,53.8925],[12.893,53.8896],[12.8986,53.887],[12.8944,53.8852],[12.8872,53.8852],[12.89,53.8902],[12.8705,53.8928],[12.8678,53.8715],[12.8461,53.8729],[12.8299,53.8786],[12.827,53.8844],[12.8462,53.8902],[12.8299,53.9021],[12.8358,53.904],[12.8178,53.9186],[12.8074,53.9191],[12.8214,53.9301],[12.8089,53.9425],[12.7677,53.9661],[12.761,53.9611],[12.7472,53.9662]],[[12.6843,53.6026],[12.6881,53.6008],[12.6857,53.5983],[12.68,53.6013],[12.6843,53.6026]],[[12.6724,53.6056],[12.6732,53.605],[12.6724,53.6047],[12.6724,53.6056]],[[12.597,53.6347],[12.5995,53.634],[12.5976,53.6336],[12.597,53.6347]],[[12.618,53.6368],[12.6188,53.6372],[12.619,53.6365],[12.618,53.6368]],[[12.6158,53.6387],[12.6164,53.6403],[12.6181,53.6395],[12.6158,53.6387]],[[12.6085,53.6476],[12.6112,53.6483],[12.6127,53.646],[12.6085,53.6476]],[[12.6065,53.6513],[12.6076,53.6502],[12.6054,53.6512],[12.6065,53.6513]],[[12.5933,53.6653],[12.5997,53.6611],[12.5792,53.6595],[12.5771,53.6533],[12.573,53.6531],[12.5763,53.6582],[12.5669,53.6593],[12.5933,53.6653]],[[12.6135,53.6613],[12.6177,53.6632],[12.6192,53.6587],[12.6135,53.6613]],[[12.6119,53.6586],[12.6109,53.6587],[12.6105,53.6594],[12.6119,53.6586]],[[12.5619,53.6609],[12.5623,53.6602],[12.5608,53.6604],[12.5619,53.6609]],[[12.6058,53.6608],[12.6036,53.6611],[12.6058,53.6613],[12.6058,53.6608]],[[12.4896,53.6765],[12.4884,53.6737],[12.4775,53.6759],[12.4896,53.6765]],[[12.4854,53.6769],[12.486,53.6768],[12.4856,53.676],[12.4854,53.6769]],[[12.4838,53.677],[12.4844,53.6772],[12.4846,53.6765],[12.4838,53.677]],[[12.476,53.6769],[12.4773,53.678],[12.4779,53.6775],[12.476,53.6769]],[[12.5579,53.6792],[12.5575,53.679],[12.5572,53.6792],[12.5579,53.6792]],[[12.5649,53.6846],[12.5732,53.6825],[12.5654,53.6792],[12.5614,53.6834],[12.5649,53.6846]],[[12.5584,53.6795],[12.5581,53.6804],[12.5616,53.6799],[12.5584,53.6795]],[[12.5071,53.684],[12.4999,53.688],[12.5119,53.6868],[12.5071,53.684]],[[12.5293,53.6841],[12.5281,53.6854],[12.5309,53.6843],[12.5293,53.6841]],[[12.5774,53.685],[12.5718,53.6863],[12.5769,53.6869],[12.5774,53.685]],[[12.5643,53.6873],[12.5656,53.6873],[12.5653,53.6865],[12.5643,53.6873]],[[12.4758,53.6884],[12.4751,53.6906],[12.4764,53.6904],[12.4758,53.6884]],[[12.5974,53.6902],[12.6044,53.6884],[12.6003,53.6859],[12.5974,53.6902]],[[12.4754,53.6937],[12.4753,53.6941],[12.4758,53.694],[12.4754,53.6937]],[[12.5409,53.6988],[12.5418,53.6949],[12.5352,53.6958],[12.5409,53.6988]],[[12.5656,53.7044],[12.5678,53.7012],[12.5621,53.7],[12.5656,53.7044]],[[12.5439,53.7018],[12.5412,53.7009],[12.5423,53.7023],[12.5439,53.7018]],[[12.5488,53.7033],[12.5476,53.7027],[12.5483,53.7042],[12.5488,53.7033]],[[12.6331,53.71],[12.6321,53.7073],[12.6308,53.7076],[12.6331,53.71]],[[12.5844,53.71],[12.5825,53.7093],[12.5816,53.7106],[12.5844,53.71]],[[12.6227,53.7155],[12.6298,53.7099],[12.6186,53.7152],[12.6227,53.7155]],[[12.5891,53.7111],[12.5908,53.7115],[12.5908,53.7101],[12.5891,53.7111]],[[12.6878,53.7118],[12.6924,53.7146],[12.696,53.7124],[12.6878,53.7118]],[[12.5132,53.7262],[12.5041,53.7145],[12.5074,53.7219],[12.5039,53.7254],[12.5132,53.7262]],[[12.575,53.7185],[12.5758,53.7168],[12.5729,53.7172],[12.575,53.7185]],[[12.5528,53.7223],[12.545,53.7181],[12.5374,53.7208],[12.5528,53.7223]],[[12.5233,53.7202],[12.5213,53.7206],[12.5231,53.7208],[12.5233,53.7202]],[[12.641,53.7209],[12.64,53.7205],[12.6395,53.721],[12.641,53.7209]],[[12.6837,53.7212],[12.6844,53.7209],[12.6832,53.721],[12.6837,53.7212]],[[12.657,53.725],[12.6555,53.7222],[12.6516,53.7229],[12.657,53.725]],[[12.6408,53.723],[12.6397,53.7237],[12.641,53.7239],[12.6408,53.723]],[[12.596,53.7248],[12.5949,53.7244],[12.5947,53.725],[12.596,53.7248]],[[12.6121,53.7316],[12.6166,53.7258],[12.6117,53.7268],[12.6121,53.7316]],[[12.5417,53.7274],[12.5417,53.7277],[12.5438,53.7276],[12.5417,53.7274]],[[12.6349,53.7271],[12.6347,53.7264],[12.6337,53.7265],[12.6349,53.7271]],[[12.6306,53.7267],[12.6295,53.7268],[12.6297,53.7276],[12.6306,53.7267]],[[12.6622,53.7279],[12.6629,53.7275],[12.6605,53.7268],[12.6622,53.7279]]],[[[12.6406,53.7278],[12.6402,53.7279],[12.6415,53.7276],[12.6406,53.7278]],[[12.6691,53.7296],[12.6698,53.7303],[12.6706,53.7299],[12.6691,53.7296]],[[12.5157,53.7331],[12.5151,53.7332],[12.5155,53.7333],[12.5157,53.7331]],[[12.5177,53.734],[12.5174,53.7346],[12.5195,53.735],[12.5177,53.734]],[[12.6498,53.7343],[12.6506,53.7347],[12.6514,53.7338],[12.6498,53.7343]],[[12.6465,53.7363],[12.6477,53.7356],[12.6458,53.7358],[12.6465,53.7363]],[[12.6748,53.7354],[12.6763,53.7355],[12.6756,53.7351],[12.6748,53.7354]],[[12.6784,53.7369],[12.6786,53.7364],[12.6777,53.7365],[12.6784,53.7369]],[[12.641,53.7389],[12.6416,53.7397],[12.6417,53.739],[12.641,53.7389]],[[12.6441,53.7398],[12.6457,53.739],[12.6443,53.7389],[12.6441,53.7398]],[[12.6814,53.7387],[12.682,53.7395],[12.6833,53.7392],[12.6814,53.7387]],[[12.6838,53.7411],[12.6846,53.7413],[12.6845,53.741],[12.6838,53.7411]],[[12.6852,53.7475],[12.6851,53.7436],[12.6806,53.7459],[12.6852,53.7475]],[[12.6704,53.7468],[12.6736,53.7473],[12.6712,53.7461],[12.6704,53.7468]],[[12.683,53.7507],[12.6806,53.7498],[12.6855,53.7525],[12.683,53.7507]],[[12.6913,53.7554],[12.7058,53.7565],[12.6964,53.7502],[12.6913,53.7554]],[[12.6602,53.7579],[12.6631,53.7528],[12.6507,53.7549],[12.6602,53.7579]],[[12.6646,53.753],[12.6652,53.7542],[12.6659,53.7531],[12.6646,53.753]],[[12.6722,53.7542],[12.6747,53.753],[12.6724,53.7529],[12.6722,53.7542]],[[12.7233,53.7566],[12.7267,53.756],[12.7258,53.7555],[12.7233,53.7566]],[[12.7251,53.7575],[12.726,53.7571],[12.725,53.7571],[12.7251,53.7575]],[[12.7405,53.7587],[12.7351,53.7587],[12.7384,53.7597],[12.7405,53.7587]],[[12.7445,53.7592],[12.7451,53.7587],[12.7446,53.7586],[12.7445,53.7592]],[[12.7439,53.7591],[12.7434,53.759],[12.7433,53.7595],[12.7439,53.7591]],[[12.7461,53.7598],[12.7468,53.7593],[12.7462,53.7593],[12.7461,53.7598]],[[12.75,53.7594],[12.7506,53.7597],[12.7508,53.7595],[12.75,53.7594]],[[12.7497,53.7608],[12.7503,53.7611],[12.7503,53.7608],[12.7497,53.7608]],[[12.7448,53.7632],[12.7411,53.7646],[12.7483,53.7638],[12.7448,53.7632]],[[12.7546,53.7624],[12.752,53.7637],[12.7532,53.764],[12.7546,53.7624]],[[12.7506,53.764],[12.7508,53.7635],[12.749,53.7634],[12.7506,53.764]],[[12.7611,53.766],[12.7637,53.7666],[12.7644,53.764],[12.7611,53.766]],[[12.751,53.765],[12.7517,53.7659],[12.7523,53.7644],[12.751,53.765]],[[12.7826,53.7672],[12.7834,53.7672],[12.7834,53.7668],[12.7826,53.7672]],[[12.6646,53.7723],[12.6582,53.7747],[12.6639,53.7737],[12.6646,53.7723]],[[12.7281,53.7776],[12.7168,53.776],[12.7102,53.7787],[12.7281,53.7776]],[[12.7944,53.7825],[12.7955,53.7782],[12.7875,53.7787],[12.7944,53.7825]],[[12.7543,53.7794],[12.7543,53.7789],[12.7534,53.779],[12.7543,53.7794]],[[12.7162,53.7802],[12.7149,53.7802],[12.715,53.7809],[12.7162,53.7802]],[[12.7541,53.78],[12.7548,53.7811],[12.756,53.7808],[12.7541,53.78]],[[12.7622,53.7815],[12.7585,53.7814],[12.7612,53.7832],[12.7622,53.7815]],[[12.889,53.786],[12.8915,53.7878],[12.8892,53.7818],[12.889,53.786]],[[12.7994,53.786],[12.799,53.7856],[12.7987,53.7858],[12.7994,53.786]],[[12.88,53.7897],[12.883,53.7902],[12.8754,53.7845],[12.88,53.7897]],[[12.8102,53.7916],[12.8002,53.7865],[12.8105,53.7961],[12.8166,53.7931],[12.8102,53.7916]],[[12.5978,53.7931],[12.599,53.7935],[12.5991,53.793],[12.5978,53.7931]],[[12.7073,53.7926],[12.7056,53.7939],[12.7082,53.7951],[12.7073,53.7926]],[[12.6923,53.7947],[12.6914,53.7943],[12.6914,53.7948],[12.6923,53.7947]],[[12.7603,53.7944],[12.7629,53.7939],[12.7607,53.7934],[12.7603,53.7944]],[[12.8743,53.7961],[12.8726,53.7921],[12.871,53.792],[12.8743,53.7961]],[[12.7331,53.7977],[12.7318,53.7983],[12.7335,53.7992],[12.7331,53.7977]],[[12.7674,53.7978],[12.7659,53.7984],[12.7664,53.7993],[12.7674,53.7978]],[[12.6844,53.8008],[12.6769,53.8015],[12.6823,53.803],[12.6844,53.8008]],[[12.8857,53.8027],[12.883,53.7962],[12.8747,53.7984],[12.8779,53.803],[12.8857,53.8027]],[[12.6218,53.8032],[12.6189,53.8045],[12.6243,53.8045],[12.6218,53.8032]],[[12.9389,53.8006],[12.9401,53.8006],[12.9398,53.8001],[12.9389,53.8006]],[[12.923,53.8012],[12.9231,53.8018],[12.9244,53.8014],[12.923,53.8012]],[[12.9042,53.8019],[12.9035,53.8026],[12.9082,53.8026],[12.9042,53.8019]],[[12.638,53.8096],[12.6372,53.8093],[12.6369,53.8096],[12.638,53.8096]],[[12.7486,53.8072],[12.7463,53.8078],[12.7577,53.8103],[12.7486,53.8072]],[[12.9257,53.8035],[12.9241,53.8028],[12.9243,53.8036],[12.9257,53.8035]],[[12.633,53.8096],[12.6322,53.81],[12.6328,53.8101],[12.633,53.8096]],[[12.935,53.8035],[12.9342,53.803],[12.9336,53.8037],[12.935,53.8035]],[[12.9376,53.8041],[12.9386,53.8033],[12.9377,53.8032],[12.9376,53.8041]],[[12.6349,53.8104],[12.632,53.8131],[12.6357,53.8131],[12.6349,53.8104]],[[12.8999,53.8079],[12.8986,53.8051],[12.8977,53.8052],[12.8999,53.8079]],[[12.7242,53.8098],[12.7219,53.8133],[12.7278,53.813],[12.7242,53.8098]],[[12.9126,53.8079],[12.9125,53.8067],[12.9114,53.8069],[12.9126,53.8079]],[[12.9338,53.8081],[12.9352,53.8084],[12.9348,53.8078],[12.9338,53.8081]],[[12.9082,53.8099],[12.9079,53.8092],[12.9064,53.8094],[12.9082,53.8099]],[[12.9195,53.8165],[12.9224,53.812],[12.9137,53.8097],[12.9124,53.8153],[12.9195,53.8165]],[[12.9336,53.8106],[12.9355,53.8108],[12.9351,53.8102],[12.9336,53.8106]],[[12.909,53.8181],[12.913,53.817],[12.9049,53.8169],[12.909,53.8181]],[[12.6945,53.8244],[12.6864,53.8275],[12.7042,53.8276],[12.6945,53.8244]],[[12.9335,53.8218],[12.9351,53.8216],[12.935,53.8209],[12.9335,53.8218]],[[12.9113,53.8276],[12.9179,53.8271],[12.9157,53.8237],[12.9196,53.822],[12.9112,53.8223],[12.9113,53.8276]],[[12.9396,53.8225],[12.9395,53.8234],[12.9413,53.8233],[12.9396,53.8225]],[[12.9286,53.8284],[12.9288,53.829],[12.9301,53.8289],[12.9286,53.8284]],[[12.6957,53.8397],[12.6963,53.8392],[12.6936,53.8394],[12.6957,53.8397]],[[12.9344,53.8352],[12.9341,53.8366],[12.9367,53.8357],[12.9344,53.8352]],[[12.9396,53.8374],[12.9401,53.8378],[12.9406,53.8372],[12.9396,53.8374]],[[12.901,53.8539],[12.9035,53.8568],[12.9042,53.8523],[12.9127,53.8516],[12.9146,53.8421],[12.8977,53.8504],[12.901,53.8539]],[[12.9326,53.843],[12.9341,53.8423],[12.9326,53.8423],[12.9326,53.843]],[[12.9163,53.8462],[12.9175,53.8459],[12.9154,53.8455],[12.9163,53.8462]],[[12.8874,53.8467],[12.8883,53.8493],[12.8896,53.8471],[12.8874,53.8467]],[[12.8882,53.8568],[12.8905,53.8546],[12.8887,53.8531],[12.8882,53.8568]],[[12.9236,53.8553],[12.9252,53.8554],[12.9248,53.8549],[12.9236,53.8553]],[[12.8543,53.8604],[12.8486,53.8578],[12.8481,53.8604],[12.8543,53.8604]],[[12.8546,53.8582],[12.8558,53.859],[12.8568,53.8576],[12.8546,53.8582]],[[12.8562,53.861],[12.8585,53.8608],[12.8573,53.8598],[12.8562,53.861]],[[12.9544,53.8715],[12.9532,53.8707],[12.9526,53.8713],[12.9544,53.8715]],[[12.8745,53.8755],[12.8727,53.8782],[12.8731,53.8783],[12.8745,53.8755]],[[12.8882,53.879],[12.8875,53.8794],[12.888,53.8795],[12.8882,53.879]],[[12.8866,53.8816],[12.8857,53.8815],[12.8853,53.8823],[12.8866,53.8816]],[[13.0092,53.8857],[13.0086,53.8855],[13.0078,53.8863],[13.0092,53.8857]],[[13.0044,53.8924],[13.0039,53.8921],[13.0031,53.8924],[13.0044,53.8924]],[[13.0082,53.8952],[13.0074,53.8944],[13.0067,53.8949],[13.0082,53.8952]],[[12.7574,53.9457],[12.7598,53.9452],[12.7589,53.9439],[12.7574,53.9457]]]]},"properties":{"code":"DE2242401","name":"Mecklenburgische Schweiz und Kummerower See","country":"Germany","designation":"SPA","area_ha":43570.6}},{"type":"Feature","geometry":{"type":"MultiPolygon","coordinates":[[[[12.7057,53.5027],[12.6897,53.5019],[12.7008,53.4973],[12.7067,53.485],[12.7006,53.489],[12.687,53.4839],[12.69,53.4874],[12.6867,53.4912],[12.6829,53.4875],[12.6793,53.4915],[12.6721,53.4843],[12.6756,53.4805],[12.6708,53.4756],[12.7196,53.4403],[12.7616,53.4289],[12.7743,53.4108],[12.7708,53.3969],[12.7569,53.3806],[12.7297,53.373],[12.7297,53.3607],[12.7459,53.3575],[12.7719,53.367],[12.7871,53.3613],[12.791,53.3574],[12.7842,53.3481],[12.7863,53.3347],[12.7802,53.3266],[12.7949,53.3259],[12.7965,53.3177],[12.8052,53.3193],[12.8029,53.3053],[12.8088,53.3043],[12.8145,53.3342],[12.8238,53.3504],[12.8879,53.3521],[12.8931,53.3448],[12.8904,53.3345],[12.9049,53.3345],[12.9106,53.3289],[12.8994,53.3221],[12.9034,53.3136],[12.8959,53.2957],[12.8976,53.2898],[12.9113,53.2996],[12.9455,53.2914],[12.9447,53.2958],[12.9716,53.3018],[12.9812,53.2947],[12.9724,53.289],[12.9758,53.2825],[12.9845,53.2816],[12.9837,53.2779],[12.9713,53.2776],[12.9619,53.2705],[12.9693,53.2583],[12.9974,53.2508],[12.978,53.2333],[12.9715,53.2334],[12.9755,53.2238],[12.9711,53.2205],[12.9861,53.2215],[12.9848,53.2178],[12.9996,53.2091],[13.0324,53.2216],[13.0483,53.2189],[13.0373,53.2141],[13.0208,53.2158],[13.0064,53.2067],[13.0152,53.2073],[12.996,53.2022],[12.9866,53.2127],[12.9904,53.206],[12.9802,53.1983],[12.9668,53.2036],[12.9486,53.2025],[12.9491,53.1991],[12.9768,53.1975],[12.98,53.1918],[12.9609,53.1842],[12.9619,53.1809],[12.9465,53.1781],[12.9418,53.1745],[12.9446,53.1721],[12.9612,53.1776],[12.9672,53.1676],[12.9766,53.1629],[12.9911,53.1686],[13.0056,53.1671],[13.009,53.1726],[13.0202,53.1756],[13.0189,53.185],[13.0283,53.1857],[13.0415,53.1962],[13.0695,53.2034],[13.0797,53.2002],[13.0782,53.2044],[13.0872,53.2153],[13.1066,53.2152],[13.1037,53.2447],[13.0853,53.2488],[13.0932,53.2514],[13.0997,53.2647],[13.0859,53.2618],[13.0964,53.2646],[13.086,53.2728],[13.0648,53.2776],[13.0717,53.2916],[13.0626,53.2932],[13.0798,53.3016],[13.0766,53.3039],[13.0828,53.3122],[13.0735,53.3122],[13.0838,53.3209],[13.0798,53.3262],[13.054,53.3239],[13.0474,53.3167],[13.051,53.3109],[13.0433,53.3124],[13.0282,53.306],[13.0221,53.3155],[13.0073,53.3175],[12.997,53.3279],[12.9767,53.3336],[12.9769,53.35],[12.9935,53.3527],[12.9913,53.3572],[12.9969,53.3601],[12.9925,53.3626],[13.0001,53.3632],[13.0005,53.3672],[13.0225,53.3468],[13.0288,53.3504],[13.0207,53.3572],[13.0281,53.3706],[13.0072,53.3771],[13.009,53.3825],[13.0024,53.3887],[13.0214,53.3951],[13.0102,53.3992],[13.0147,53.4022],[13.0049,53.4012],[12.9643,53.4163],[12.9516,53.4137],[12.9543,53.4174],[12.9496,53.4251],[12.9371,53.4286],[12.9316,53.4259],[12.9312,53.4108],[12.9144,53.4124],[12.9104,53.416],[12.9112,53.4284],[12.8938,53.4288],[12.8857,53.4359],[12.8883,53.4397],[12.8796,53.4435],[12.8843,53.4533],[12.8913,53.456],[12.876,53.4563],[12.8745,53.464],[12.8366,53.4779],[12.8298,53.4729],[12.8361,53.4699],[12.833,53.4613],[12.8364,53.4499],[12.8056,53.463],[12.803,53.4712],[12.7997,53.4653],[12.7738,53.4781],[12.7453,53.4841],[12.7639,53.4971],[12.745,53.4943],[12.7433,53.4906],[12.7261,53.4999],[12.7199,53.4919],[12.7238,53.487],[12.7129,53.4932],[12.7156,53.4982],[12.7057,53.5027]],[[12.9894,53.1892],[12.9939,53.1879],[12.9898,53.1861],[12.9894,53.1892]],[[12.9831,53.1863],[12.9827,53.1866],[12.9874,53.1868],[12.9831,53.1863]],[[12.9955,53.1984],[12.9955,53.1997],[12.997,53.1994],[12.9955,53.1984]],[[13.0714,53.2083],[13.0738,53.2087],[13.0675,53.2069],[13.0714,53.2083]],[[13.0331,53.2084],[13.0315,53.2072],[13.0301,53.208],[13.0331,53.2084]],[[13.0784,53.2135],[13.0791,53.2135],[13.0787,53.213],[13.0784,53.2135]],[[13.0634,53.2187],[13.0666,53.2183],[13.0666,53.2164],[13.0634,53.2187]],[[13.0871,53.2269],[13.0887,53.2257],[13.0867,53.2261],[13.0871,53.2269]],[[13.0574,53.2353],[13.0584,53.2356],[13.0585,53.2353],[13.0574,53.2353]],[[13.0269,53.2486],[13.0286,53.2482],[13.0269,53.2462],[13.0269,53.2486]],[[13.0301,53.2472],[13.0297,53.2466],[13.0297,53.2474],[13.0301,53.2472]],[[13.0312,53.2476],[13.0328,53.248],[13.0331,53.2474],[13.0312,53.2476]],[[13.0196,53.2481],[13.019,53.2481],[13.019,53.2487],[13.0196,53.2481]],[[13.0247,53.2492],[13.0256,53.2489],[13.0252,53.2488],[13.0247,53.2492]],[[13.0334,53.2607],[13.0377,53.2597],[13.0329,53.2524],[13.0212,53.2533],[13.0334,53.2607]],[[13.0827,53.2704],[13.0833,53.2702],[13.0825,53.2702],[13.0827,53.2704]],[[12.9873,53.2756],[12.9848,53.2813],[12.9916,53.2751],[12.9873,53.2756]],[[12.9934,53.278],[12.9928,53.2798],[12.9972,53.2794],[12.9934,53.278]],[[13.0413,53.2899],[13.0416,53.2893],[13.041,53.2892],[13.0413,53.2899]],[[13.0223,53.2952],[13.0221,53.294],[13.0206,53.2951],[13.0223,53.2952]],[[12.9332,53.3008],[12.9353,53.3013],[12.9357,53.2979],[12.9332,53.3008]],[[13.0178,53.3008],[13.0201,53.2977],[13.015,53.2958],[13.0178,53.3008]],[[12.9885,53.3016],[12.9879,53.3012],[12.9876,53.3015],[12.9885,53.3016]],[[12.9776,53.305],[12.9742,53.3027],[12.9703,53.3058],[12.9776,53.305]],[[13.0018,53.3086],[13.0069,53.3081],[13.0033,53.3042],[12.9927,53.305],[13.0018,53.3086]],[[12.9743,53.3079],[12.9737,53.3078],[12.9732,53.309],[12.9743,53.3079]],[[12.9575,53.3187],[12.9391,53.314],[12.9459,53.323],[12.9575,53.3187]],[[12.9744,53.314],[12.9759,53.3147],[12.976,53.3137],[12.9744,53.314]],[[12.9701,53.3237],[12.9751,53.3197],[12.9628,53.3198],[12.9701,53.3237]],[[13.0689,53.3234],[13.0679,53.3229],[13.0684,53.3237],[13.0689,53.3234]],[[12.9242,53.3403],[12.9253,53.344],[12.9275,53.3405],[12.9242,53.3403]],[[12.9237,53.3595],[12.9279,53.3482],[12.9207,53.3462],[12.9179,53.3482],[12.9251,53.3494],[12.919,53.354],[12.9237,53.3595]],[[12.8869,53.3642],[12.892,53.3584],[12.8851,53.3626],[12.8869,53.3642]],[[12.9366,53.3603],[12.9381,53.3604],[12.9367,53.3598],[12.9366,53.3603]],[[12.926,53.362],[12.9246,53.3625],[12.9265,53.3623],[12.926,53.362]],[[12.838,53.3642],[12.8316,53.3651],[12.8366,53.366],[12.838,53.3642]],[[12.8923,53.3654],[12.8934,53.3645],[12.8916,53.3638],[12.8923,53.3654]],[[12.7769,53.3721],[12.782,53.3711],[12.7715,53.3689],[12.7769,53.3721]],[[12.7644,53.3745],[12.7697,53.3789],[12.7747,53.3769],[12.7697,53.3719],[12.7571,53.374],[12.7644,53.3745]],[[12.8386,53.3712],[12.8379,53.3705],[12.8365,53.3716],[12.8386,53.3712]],[[12.8417,53.3723],[12.8417,53.371],[12.8407,53.3721],[12.8417,53.3723]],[[12.8808,53.3719],[12.8812,53.3719],[12.8812,53.3715],[12.8808,53.3719]],[[12.7787,53.3754],[12.779,53.3782],[12.7811,53.3779],[12.7787,53.3754]],[[13.0049,53.3742],[13.0039,53.3738],[13.0039,53.3743],[13.0049,53.3742]],[[13.0054,53.3746],[13.0061,53.3752],[13.0068,53.3746],[13.0054,53.3746]],[[12.8178,53.3809],[12.8197,53.3827],[12.8201,53.3812],[12.8178,53.3809]],[[12.8472,53.3833],[12.8483,53.3842],[12.8491,53.3836],[12.8472,53.3833]],[[12.8014,53.3985],[12.796,53.3901],[12.7889,53.3912],[12.8014,53.3985]],[[12.8926,53.3885],[12.8941,53.3886],[12.8942,53.3881],[12.8926,53.3885]],[[12.9625,53.3899],[12.9623,53.3865],[12.9585,53.3876],[12.9625,53.3899]],[[12.8781,53.3904],[12.8721,53.3912],[12.8808,53.3908],[12.8781,53.3904]],[[12.7867,53.395],[12.7824,53.3961],[12.7829,53.3985],[12.7867,53.395]],[[12.807,53.3992],[12.8085,53.3996],[12.8103,53.3982],[12.807,53.3992]],[[12.7868,53.4056],[12.7889,53.4045],[12.7857,53.4034],[12.7868,53.4056]],[[12.8968,53.4049],[12.8973,53.4054],[12.8976,53.405],[12.8968,53.4049]],[[12.9083,53.4092],[12.9085,53.408],[12.9058,53.4082],[12.9083,53.4092]],[[12.9021,53.4116],[12.9028,53.4145],[12.9083,53.4117],[12.9021,53.4116]],[[12.8339,53.4405],[12.8439,53.4381],[12.8379,53.4363],[12.8339,53.4405]],[[12.734,53.4503],[12.7348,53.4518],[12.7365,53.4507],[12.734,53.4503]],[[12.8148,53.457],[12.8157,53.4577],[12.8164,53.457],[12.8148,53.457]],[[12.7986,53.4645],[12.8026,53.4622],[12.7967,53.4637],[12.7986,53.4645]],[[12.7228,53.4865],[12.726,53.4846],[12.7166,53.4857],[12.7228,53.4865]],[[12.7344,53.4867],[12.7379,53.4867],[12.7375,53.486],[12.7344,53.4867]]],[[[12.6256,53.4703],[12.621,53.4733],[12.6154,53.4594],[12.5968,53.4513],[12.5973,53.4451],[12.5944,53.4502],[12.5877,53.4484],[12.5858,53.431],[12.5767,53.4313],[12.5792,53.4346],[12.5691,53.4421],[12.5606,53.433],[12.5764,53.4288],[12.5824,53.421],[12.5928,53.4207],[12.5804,53.4067],[12.5863,53.3991],[12.5782,53.3929],[12.5683,53.3965],[12.5575,53.3917],[12.5486,53.3805],[12.5532,53.3759],[12.5482,53.3734],[12.5373,53.3764],[12.5105,53.3721],[12.5134,53.3609],[12.5698,53.3678],[12.5791,53.3705],[12.5717,53.3749],[12.5756,53.3858],[12.5933,53.3801],[12.6001,53.3863],[12.589,53.3963],[12.6036,53.3985],[12.6002,53.4045],[12.6176,53.3992],[12.6155,53.4048],[12.621,53.4056],[12.62,53.4006],[12.6264,53.3996],[12.6281,53.3935],[12.6089,53.3778],[12.6274,53.3776],[12.6156,53.3758],[12.6224,53.3723],[12.6045,53.3682],[12.5982,53.3729],[12.5871,53.3725],[12.5804,53.3644],[12.587,53.3631],[12.5814,53.3606],[12.5848,53.3527],[12.5807,53.3528],[12.5754,53.3389],[12.5883,53.3359],[12.5897,53.3313],[12.561,53.3269],[12.564,53.3299],[12.5462,53.3345],[12.5378,53.3248],[12.5468,53.3107],[12.559,53.3106],[12.5633,53.3177],[12.5608,53.3214],[12.5701,53.3188],[12.5619,53.3068],[12.5881,53.3138],[12.5913,53.3189],[12.6488,53.3097],[12.633,53.3252],[12.622,53.3289],[12.6357,53.3362],[12.6379,53.332],[12.6816,53.3304],[12.6861,53.3383],[12.6951,53.3244],[12.716,53.3184],[12.7143,53.3307],[12.7196,53.3409],[12.71,53.3506],[12.7145,53.3581],[12.7118,53.4119],[12.6126,53.4525],[12.6196,53.4556],[12.6256,53.4703]],[[12.6188,53.3251],[12.6199,53.3249],[12.6176,53.3202],[12.6188,53.3251]],[[12.5786,53.3241],[12.5772,53.3244],[12.5864,53.3252],[12.5786,53.3241]],[[12.5892,53.3295],[12.5961,53.3284],[12.5944,53.3242],[12.5892,53.3295]],[[12.5712,53.3262],[12.5703,53.3267],[12.5714,53.3269],[12.5712,53.3262]],[[12.6138,53.3328],[12.6136,53.3353],[12.6158,53.3328],[12.6138,53.3328]],[[12.599,53.3496],[12.6088,53.3447],[12.6062,53.343],[12.6113,53.3399],[12.6059,53.3381],[12.6095,53.3329],[12.6034,53.3358],[12.6081,53.3394],[12.5959,53.3499],[12.599,53.3496]],[[12.6259,53.3365],[12.6245,53.336],[12.6245,53.3366],[12.6259,53.3365]],[[12.627,53.3374],[12.6276,53.3374],[12.6277,53.3364],[12.627,53.3374]],[[12.634,53.3377],[12.6332,53.3375],[12.6324,53.3385],[12.634,53.3377]],[[12.6359,53.3382],[12.635,53.3379],[12.6341,53.3392],[12.6359,53.3382]],[[12.6381,53.3394],[12.6393,53.3392],[12.6385,53.3389],[12.6381,53.3394]],[[12.6776,53.3417],[12.6795,53.3413],[12.6791,53.3407],[12.6776,53.3417]],[[12.6496,53.3434],[12.6483,53.3419],[12.6471,53.3425],[12.6496,53.3434]],[[12.6721,53.3419],[12.6733,53.3423],[12.6729,53.3417],[12.6721,53.3419]],[[12.6736,53.3421],[12.674,53.3427],[12.6751,53.3424],[12.6736,53.3421]],[[12.685,53.3431],[12.6853,53.3426],[12.6847,53.3428],[12.685,53.3431]],[[12.6696,53.3445],[12.6687,53.3462],[12.6725,53.3449],[12.6696,53.3445]],[[12.6477,53.3465],[12.6464,53.3483],[12.6541,53.3459],[12.6477,53.3465]],[[12.588,53.3533],[12.5943,53.3506],[12.5859,53.3483],[12.588,53.3533]],[[12.661,53.3481],[12.662,53.3477],[12.6604,53.3475],[12.661,53.3481]],[[12.6927,53.3492],[12.6945,53.3472],[12.6904,53.3479],[12.6927,53.3492]],[[12.6542,53.3488],[12.6532,53.3491],[12.6553,53.35],[12.6542,53.3488]],[[12.6444,53.3544],[12.642,53.3546],[12.6438,53.3552],[12.6444,53.3544]],[[12.6894,53.3577],[12.6913,53.3556],[12.6891,53.3529],[12.6894,53.3577]],[[12.6652,53.358],[12.6638,53.3578],[12.6642,53.3583],[12.6652,53.358]],[[12.6557,53.3614],[12.6568,53.3595],[12.6546,53.3603],[12.6557,53.3614]],[[12.6152,53.3643],[12.6166,53.3658],[12.6198,53.3648],[12.6152,53.3643]],[[12.6711,53.3718],[12.6725,53.3715],[12.6713,53.3713],[12.6711,53.3718]],[[12.6363,53.3728],[12.6359,53.3722],[12.6341,53.373],[12.6363,53.3728]],[[12.6397,53.3767],[12.6408,53.3729],[12.637,53.3736],[12.6397,53.3767]],[[12.6741,53.3815],[12.6689,53.3755],[12.6567,53.3784],[12.6741,53.3815]],[[12.6792,53.386],[12.6847,53.3845],[12.6884,53.3795],[12.6792,53.386]],[[12.6374,53.3848],[12.6368,53.3846],[12.6366,53.3851],[12.6374,53.3848]],[[12.635,53.3892],[12.64,53.3874],[12.6362,53.3866],[12.635,53.3892]],[[12.6132,53.4281],[12.6226,53.4276],[12.6279,53.4186],[12.6149,53.4199],[12.6136,53.4271],[12.6039,53.4266],[12.6132,53.4281]],[[12.5843,53.4233],[12.5826,53.423],[12.5822,53.4239],[12.5843,53.4233]]]]},"properties":{"code":"DE2642401","name":"M\u00fcritz-Seenland und Neustrelitzer Kleinseenplatte","country":"Germany","designation":"SPA","area_ha":45885.7}},{"type":"Feature","geometry":{"type":"MultiPolygon","coordinates":[[[[18.3916,45.8736],[18.392,45.8742],[18.3901,45.8737],[18.3916,45.8736]]],[[[18.3991,45.87],[18.3981,45.8707],[18.3959,45.8709],[18.3991,45.87]]],[[[18.4061,45.8686],[18.4133,45.8741],[18.4429,45.877],[18.4199,45.88],[18.4134,45.8769],[18.3976,45.8819],[18.4065,45.8836],[18.3886,45.883],[18.3916,45.8723],[18.4061,45.8686]],[[18.3923,45.8723],[18.3927,45.8733],[18.3928,45.8732],[18.3923,45.8723]]]]},"properties":{"code":"HUDD20003","name":"Vill\u00e1nyk\u00f6vesdi Fekete-hegy","country":"Hungary","designation":"SAC","area_ha":290.8}},{"type":"Feature","geometry":{"type":"MultiPolygon","coordinates":[[[[18.1596,45.9389],[18.169,45.9659],[18.1616,45.959],[18.16,45.9684],[18.1631,45.9509],[18.1596,45.9389]]],[[[18.1308,45.9361],[18.1355,45.9435],[18.1316,45.9377],[18.1354,45.9579],[18.1312,45.9582],[18.1289,45.9685],[18.1308,45.9361]]],[[[18.1558,45.9333],[18.1587,45.9365],[18.1584,45.9393],[18.1558,45.9333]]],[[[18.1331,45.9344],[18.1334,45.9373],[18.1309,45.936],[18.1331,45.9344]]],[[[18.0983,45.8995],[18.1091,45.9054],[18.1025,45.9064],[18.1086,45.908],[18.1085,45.913],[18.1293,45.9103],[18.1548,45.93],[18.148,45.9269],[18.1484,45.9344],[18.1355,45.9205],[18.1317,45.9344],[18.134,45.9217],[18.1301,45.9128],[18.1229,45.9147],[18.1244,45.9267],[18.1218,45.9145],[18.1085,45.9152],[18.0983,45.8995]],[[18.13,45.9111],[18.1303,45.9116],[18.1322,45.9136],[18.13,45.9111]]],[[[18.1006,45.8987],[18.1063,45.8987],[18.1014,45.8994],[18.1035,45.9027],[18.1006,45.8987]]]]},"properties":{"code":"HUDD20010","name":"\u00d3cs\u00e1rd-hegyszentm\u00e1rtomi v\u00f6lgyek","country":"Hungary","designation":"SAC","area_ha":259.7}},{"type":"Feature","geometry":{"type":"MultiPolygon","coordinates":[[[[17.9029,46.3608],[17.9071,46.3611],[17.9043,46.3619],[17.9029,46.3608]]],[[[17.8859,46.3452],[17.886,46.3454],[17.8857,46.3454],[17.8859,46.3452]]],[[[17.8888,46.3415],[17.894,46.342],[17.886,46.343],[17.8888,46.3415]]],[[[17.8923,46.325],[17.8953,46.3302],[17.9066,46.3298],[17.9087,46.338],[17.9004,46.335],[17.8987,46.3388],[17.8965,46.3346],[17.8962,46.3414],[17.8858,46.3431],[17.8923,46.325]]],[[[17.8807,46.32],[17.8799,46.3214],[17.8796,46.321],[17.8807,46.32]]],[[[17.9017,46.3183],[17.9026,46.3252],[17.8998,46.3276],[17.9017,46.3183]]],[[[17.9531,46.2919],[17.958,46.2956],[17.9537,46.3],[17.9593,46.3006],[17.9622,46.3082],[17.9536,46.3092],[17.9421,46.2947],[17.9531,46.2919]]],[[[17.7616,46.3017],[17.7703,46.3062],[17.7683,46.3121],[17.765,46.3083],[17.763,46.3111],[17.7616,46.3017]]],[[[17.8186,46.2891],[17.8276,46.2926],[17.8332,46.3028],[17.8217,46.3013],[17.8172,46.3064],[17.8186,46.2891]]],[[[17.8977,46.2758],[17.8832,46.291],[17.8884,46.3253],[17.883,46.2911],[17.8977,46.2758]]],[[[17.6792,46.2896],[17.6808,46.2953],[17.6784,46.2899],[17.6792,46.2896]]],[[[17.8678,46.2674],[17.869,46.2677],[17.8688,46.2681],[17.8678,46.2674]]],[[[17.6672,46.2818],[17.6795,46.2909],[17.6857,46.3086],[17.6825,46.305],[17.6768,46.3078],[17.6739,46.3023],[17.6739,46.3082],[17.6621,46.3087],[17.662,46.2981],[17.6553,46.3037],[17.6508,46.2991],[17.6525,46.2864],[17.6672,46.2818]]],[[[17.8516,46.336],[17.8501,46.3421],[17.841,46.3418],[17.8391,46.3121],[17.8412,46.3318],[17.8321,46.3302],[17.8337,46.3113],[17.8397,46.3106],[17.841,46.2979],[17.8364,46.3036],[17.8303,46.297],[17.8401,46.2819],[17.8358,46.2746],[17.8419,46.27],[17.8389,46.2735],[17.8467,46.2754],[17.8517,46.2681],[17.8505,46.2555],[17.8707,46.2471],[17.8781,46.2536],[17.873,46.2525],[17.8651,46.2666],[17.8745,46.2701],[17.8796,46.2784],[17.8626,46.2709],[17.8679,46.2766],[17.8591,46.2795],[17.8731,46.2903],[17.8849,46.2848],[17.8799,46.2939],[17.8813,46.304],[17.875,46.3082],[17.881,46.311],[17.8778,46.3153],[17.8735,46.3127],[17.8699,46.3245],[17.8779,46.3248],[17.8833,46.3194],[17.8869,46.3265],[17.8843,46.3311],[17.8723,46.3292],[17.8727,46.3347],[17.8642,46.3333],[17.8615,46.3486],[17.865,46.3469],[17.8648,46.3544],[17.8675,46.3512],[17.8589,46.3578],[17.8538,46.3571],[17.8538,46.3452],[17.851,46.3505],[17.8478,46.348],[17.8516,46.336]],[[17.8516,46.336],[17.8525,46.3349],[17.8516,46.336],[17.8516,46.336]]],[[[17.8905,46.2815],[17.9021,46.2764],[17.9023,46.2839],[17.9132,46.2967],[17.9212,46.2946],[17.9231,46.298],[17.9292,46.2882],[17.9193,46.2818],[17.9284,46.2738],[17.9141,46.2795],[17.9182,46.2752],[17.9132,46.271],[17.9214,46.2656],[17.9102,46.2659],[17.9095,46.251],[17.917,46.2463],[17.9264,46.2481],[17.9314,46.238],[17.9337,46.2426],[17.9384,46.2404],[17.9337,46.2352],[17.9399,46.2338],[17.9443,46.2363],[17.944,46.2476],[17.952,46.2465],[17.9549,46.2517],[17.9578,46.249],[17.9538,46.2594],[17.9465,46.255],[17.9526,46.2593],[17.9437,46.2688],[17.9323,46.2624],[17.9487,46.274],[17.9547,46.2732],[17.9481,46.2773],[17.9356,46.2704],[17.9427,46.2779],[17.9396,46.282],[17.9515,46.278],[17.9456,46.2872],[17.9479,46.2933],[17.9396,46.2932],[17.9519,46.3087],[17.9412,46.3089],[17.948,46.3207],[17.9465,46.344],[17.9405,46.3492],[17.9342,46.3362],[17.9252,46.3417],[17.9236,46.3305],[17.931,46.3366],[17.9261,46.3268],[17.9318,46.3191],[17.9207,46.3177],[17.9255,46.3232],[17.9224,46.3404],[17.9144,46.3495],[17.9196,46.3487],[17.9178,46.3631],[17.903,46.3608],[17.8988,46.3534],[17.8891,46.3526],[17.885,46.3464],[17.8904,46.3508],[17.894,46.342],[17.9005,46.346],[17.9012,46.3415],[17.9089,46.3403],[17.9055,46.3456],[17.9089,46.3457],[17.909,46.3537],[17.9132,46.3191],[17.9046,46.3186],[17.9039,46.3286],[17.9017,46.3181],[17.9195,46.3171],[17.9163,46.3152],[17.9271,46.3032],[17.9171,46.3148],[17.894,46.3155],[17.8852,46.292],[17.8905,46.2815]],[[17.8905,46.2815],[17.8902,46.2824],[17.8914,46.2817],[17.8905,46.2815]],[[17.9326,46.243],[17.9319,46.2436],[17.9313,46.2447],[17.9326,46.243]],[[17.9226,46.2484],[17.9222,46.2495],[17.923,46.2492],[17.9226,46.2484]],[[17.9233,46.2484],[17.9248,46.2488],[17.9248,46.2486],[17.9233,46.2484]],[[17.9136,46.3168],[17.9136,46.319],[17.9189,46.3174],[17.9136,46.3168]]],[[[17.8057,46.1889],[17.8038,46.1983],[17.8088,46.2023],[17.8025,46.1987],[17.8057,46.1889]]],[[[17.8071,46.1835],[17.8117,46.1939],[17.8073,46.1965],[17.8071,46.1835]]],[[[17.8154,46.1806],[17.8203,46.1813],[17.8189,46.1891],[17.8111,46.1896],[17.8072,46.1833],[17.8154,46.1806]]],[[[17.7771,46.2083],[17.7835,46.1949],[17.7768,46.1966],[17.78,46.1842],[17.7881,46.1755],[17.7943,46.182],[17.7986,46.178],[17.7969,46.188],[17.8008,46.1884],[17.7969,46.1966],[17.8018,46.1992],[17.7963,46.2066],[17.8013,46.2167],[17.797,46.221],[17.8078,46.2221],[17.8065,46.2142],[17.8094,46.2159],[17.8092,46.2093],[17.813,46.2117],[17.8095,46.222],[17.8123,46.229],[17.8024,46.2332],[17.799,46.242],[17.8161,46.2444],[17.8201,46.2505],[17.815,46.2577],[17.8216,46.2552],[17.8283,46.2592],[17.8162,46.2849],[17.8164,46.2709],[17.8126,46.2734],[17.8125,46.2984],[17.8059,46.2977],[17.8059,46.29],[17.8002,46.2908],[17.8013,46.2972],[17.7925,46.2975],[17.7906,46.3043],[17.7878,46.2816],[17.7854,46.2944],[17.7699,46.2989],[17.7734,46.3005],[17.7683,46.3053],[17.758,46.3009],[17.7603,46.2887],[17.7546,46.2976],[17.7489,46.2961],[17.7483,46.2873],[17.7547,46.2859],[17.7678,46.2691],[17.7499,46.2696],[17.7434,46.2607],[17.7466,46.2575],[17.739,46.257],[17.7472,46.2464],[17.7336,46.2541],[17.7369,46.246],[17.7314,46.244],[17.734,46.2405],[17.7231,46.2517],[17.7178,46.243],[17.7171,46.2569],[17.7168,46.2519],[17.7134,46.2532],[17.7156,46.2471],[17.7063,46.246],[17.7138,46.2483],[17.7101,46.256],[17.7041,46.2464],[17.7064,46.2554],[17.6992,46.2597],[17.6975,46.2682],[17.7061,46.2591],[17.7034,46.2671],[17.7075,46.2679],[17.7019,46.2699],[17.7078,46.273],[17.7047,46.2773],[17.7114,46.272],[17.7088,46.2776],[17.7151,46.2824],[17.7124,46.2878],[17.726,46.2883],[17.7259,46.292],[17.7197,46.2956],[17.7017,46.2942],[17.6989,46.3017],[17.6858,46.3086],[17.6793,46.2896],[17.6923,46.2816],[17.6839,46.2779],[17.6792,46.2678],[17.6923,46.2504],[17.6879,46.2552],[17.6878,46.2466],[17.6822,46.2429],[17.6856,46.2449],[17.6892,46.2334],[17.7263,46.2181],[17.7296,46.2096],[17.7359,46.211],[17.7248,46.2038],[17.7303,46.1876],[17.7394,46.1797],[17.747,46.1835],[17.738,46.1934],[17.7585,46.1786],[17.7558,46.2042],[17.7483,46.2111],[17.7612,46.2016],[17.7598,46.1848],[17.7742,46.2004],[17.7681,46.1976],[17.7671,46.2008],[17.7762,46.2026],[17.7771,46.2083]],[[17.7771,46.2083],[17.7772,46.2089],[17.7776,46.2096],[17.7771,46.2083]],[[17.7562,46.183],[17.7559,46.1839],[17.7574,46.1841],[17.7562,46.183]],[[17.7503,46.1875],[17.7516,46.1882],[17.7518,46.1874],[17.7503,46.1875]],[[17.752,46.1895],[17.7536,46.1898],[17.7564,46.19],[17.752,46.1895]],[[17.7498,46.1946],[17.7493,46.1959],[17.7519,46.1954],[17.7498,46.1946]],[[17.7447,46.2081],[17.7317,46.2187],[17.7483,46.2111],[17.7447,46.2081]],[[17.7367,46.2102],[17.736,46.2111],[17.7371,46.2105],[17.7367,46.2102]],[[17.782,46.2126],[17.782,46.2125],[17.779,46.2115],[17.782,46.2126]],[[17.782,46.2126],[17.7829,46.2129],[17.7824,46.2127],[17.782,46.2126]],[[17.7835,46.2211],[17.7836,46.2218],[17.7843,46.2222],[17.7835,46.2211]],[[17.7845,46.2161],[17.7843,46.2155],[17.7832,46.2133],[17.7845,46.2161]],[[17.7845,46.2161],[17.7835,46.2211],[17.7841,46.2197],[17.7845,46.2161]],[[17.7006,46.2718],[17.699,46.2742],[17.7027,46.275],[17.7006,46.2718]]]]},"properties":{"code":"HUDD20016","name":"\u00c9szak-zselici erd\u0151s\u00e9gek","country":"Hungary","designation":"SAC","area_ha":16246.7}},{"type":"Feature","geometry":{"type":"MultiPolygon","coordinates":[[[[18.2692,46.279],[18.2704,46.2806],[18.2686,46.2811],[18.2692,46.279]]],[[[18.3179,46.27],[18.3202,46.2727],[18.3163,46.2719],[18.3179,46.27]],[[18.3192,46.2725],[18.3191,46.2728],[18.3195,46.2728],[18.3192,46.2725]]],[[[18.3336,46.266],[18.3337,46.2665],[18.3334,46.2665],[18.3336,46.266]]],[[[18.2417,46.2218],[18.2485,46.23],[18.2683,46.2205],[18.2643,46.2285],[18.2708,46.2295],[18.2836,46.244],[18.2787,46.2486],[18.2873,46.2506],[18.2856,46.2601],[18.299,46.2674],[18.2894,46.2809],[18.2845,46.277],[18.2652,46.2812],[18.2598,46.2776],[18.2321,46.2965],[18.2244,46.2958],[18.2251,46.2821],[18.2204,46.2778],[18.2329,46.2743],[18.2292,46.2707],[18.2206,46.2729],[18.216,46.2671],[18.208,46.2761],[18.1842,46.2749],[18.1799,46.2792],[18.1841,46.2666],[18.2116,46.2393],[18.2047,46.2277],[18.2417,46.2218]],[[18.2127,46.266],[18.2123,46.2672],[18.2135,46.2674],[18.2127,46.266]],[[18.202,46.2723],[18.2038,46.274],[18.2045,46.2741],[18.202,46.2723]],[[18.2258,46.2714],[18.2254,46.2714],[18.2256,46.2715],[18.2258,46.2714]],[[18.2254,46.2714],[18.2246,46.2715],[18.2232,46.272],[18.2254,46.2714]]],[[[18.3544,46.1697],[18.3569,46.1699],[18.3552,46.1702],[18.3544,46.1697]]],[[[18.3603,46.1673],[18.3613,46.1689],[18.3587,46.1679],[18.3603,46.1673]]],[[[18.3984,46.1619],[18.3986,46.162],[18.3978,46.1632],[18.3984,46.1619]]],[[[18.3227,46.1634],[18.3203,46.1686],[18.326,46.1746],[18.3185,46.1799],[18.3131,46.1667],[18.3227,46.1634]]],[[[18.2862,46.162],[18.2865,46.1626],[18.286,46.1623],[18.2862,46.162]]],[[[18.3672,46.1519],[18.3683,46.1522],[18.3658,46.1534],[18.3672,46.1519]]],[[[18.383,46.1502],[18.3844,46.1558],[18.3815,46.1553],[18.383,46.1502]]],[[[18.3876,46.1486],[18.3865,46.1529],[18.3933,46.1504],[18.3962,46.1569],[18.393,46.1599],[18.4023,46.16],[18.3975,46.1634],[18.4066,46.1648],[18.4047,46.1681],[18.4195,46.172],[18.4272,46.169],[18.4248,46.1747],[18.4307,46.1806],[18.4246,46.1859],[18.4437,46.1936],[18.4526,46.1919],[18.4528,46.2049],[18.4641,46.2178],[18.4407,46.2256],[18.4275,46.2217],[18.4416,46.2256],[18.4294,46.2324],[18.4535,46.2432],[18.4458,46.2465],[18.4437,46.2536],[18.4315,46.2447],[18.4201,46.2586],[18.4209,46.248],[18.4123,46.2458],[18.4199,46.251],[18.4059,46.2521],[18.4052,46.2615],[18.3987,46.2642],[18.3982,46.2586],[18.3831,46.2508],[18.3809,46.2538],[18.3853,46.2555],[18.3741,46.2555],[18.3726,46.2474],[18.3735,46.251],[18.3557,46.2535],[18.3686,46.2649],[18.3606,46.2629],[18.362,46.2684],[18.3529,46.2681],[18.3526,46.2642],[18.3495,46.2685],[18.3395,46.2642],[18.3359,46.2647],[18.3383,46.2684],[18.3273,46.2671],[18.3219,46.2607],[18.3334,46.2464],[18.3233,46.2382],[18.3316,46.2437],[18.3264,46.2392],[18.299,46.2288],[18.2958,46.2388],[18.2843,46.2428],[18.2711,46.2321],[18.273,46.2282],[18.2656,46.2265],[18.2684,46.2205],[18.2802,46.2239],[18.2741,46.2145],[18.2762,46.2042],[18.2877,46.1986],[18.2821,46.1953],[18.292,46.1902],[18.2972,46.1996],[18.3074,46.1854],[18.3206,46.1867],[18.3184,46.1939],[18.3052,46.1964],[18.2998,46.2039],[18.3017,46.2119],[18.3,46.204],[18.3054,46.1964],[18.3203,46.1919],[18.323,46.1827],[18.3189,46.1797],[18.3249,46.172],[18.339,46.1691],[18.3388,46.1726],[18.3489,46.175],[18.3573,46.1711],[18.3542,46.17],[18.3674,46.1696],[18.3619,46.1671],[18.3821,46.1681],[18.3829,46.1579],[18.3919,46.1561],[18.3836,46.1525],[18.3876,46.1486]],[[18.3695,46.1683],[18.3691,46.1686],[18.3693,46.1687],[18.3695,46.1683]],[[18.3675,46.1691],[18.3674,46.1694],[18.3679,46.1692],[18.3675,46.1691]],[[18.4247,46.1775],[18.4248,46.1779],[18.4251,46.1776],[18.4247,46.1775]],[[18.4255,46.1776],[18.4252,46.1782],[18.4258,46.178],[18.4255,46.1776]],[[18.4259,46.178],[18.4257,46.1781],[18.426,46.178],[18.4259,46.178]],[[18.4289,46.179],[18.4291,46.1799],[18.4293,46.1791],[18.4289,46.179]],[[18.4286,46.179],[18.4274,46.1813],[18.4291,46.1799],[18.4286,46.179]],[[18.4287,46.1806],[18.4258,46.1819],[18.4285,46.1813],[18.4287,46.1806]],[[18.4591,46.2149],[18.4574,46.2157],[18.4578,46.216],[18.4591,46.2149]],[[18.3197,46.2366],[18.3184,46.2371],[18.32,46.2375],[18.3197,46.2366]],[[18.355,46.2546],[18.3548,46.2555],[18.3553,46.2547],[18.355,46.2546]],[[18.4159,46.2512],[18.4149,46.2514],[18.4167,46.2515],[18.4159,46.2512]],[[18.3442,46.2639],[18.3422,46.2664],[18.3458,46.2654],[18.3442,46.2639]],[[18.4002,46.2602],[18.4002,46.2607],[18.4029,46.2608],[18.4002,46.2602]],[[18.3458,46.2654],[18.3456,46.2669],[18.3485,46.2669],[18.3458,46.2654]]],[[[18.3719,46.1492],[18.3715,46.1515],[18.3679,46.1504],[18.3719,46.1492]]],[[[18.377,46.1458],[18.3834,46.1484],[18.3803,46.1572],[18.3698,46.1545],[18.3756,46.1496],[18.3632,46.1557],[18.3734,46.1524],[18.377,46.1458]],[[18.3776,46.1469],[18.3769,46.1485],[18.3797,46.1481],[18.3776,46.1469]]],[[[18.1312,46.1648],[18.1349,46.171],[18.1291,46.1791],[18.1078,46.1763],[18.1042,46.1713],[18.1232,46.1769],[18.1312,46.1648]],[[18.1215,46.1791],[18.1217,46.1792],[18.1219,46.1793],[18.1215,46.1791]]],[[[18.1063,46.1657],[18.1075,46.1691],[18.1053,46.1696],[18.1063,46.1657]]],[[[18.3691,46.1379],[18.3729,46.1484],[18.3673,46.1418],[18.3691,46.1379]]],[[[18.0924,46.1557],[18.0962,46.1564],[18.0896,46.1606],[18.0924,46.1557]]],[[[18.0802,46.1527],[18.0802,46.153],[18.08,46.1529],[18.0802,46.1527]]],[[[18.3138,46.1337],[18.3206,46.1362],[18.3179,46.1412],[18.3067,46.1394],[18.3152,46.1383],[18.3138,46.1337]]],[[[18.2508,46.1371],[18.2761,46.1447],[18.2839,46.1532],[18.2987,46.1574],[18.2981,46.1612],[18.2905,46.1593],[18.276,46.1663],[18.2611,46.1631],[18.2745,46.1599],[18.259,46.1632],[18.2535,46.1587],[18.246,46.1599],[18.2513,46.1573],[18.2436,46.1577],[18.2434,46.1477],[18.2494,46.1469],[18.2508,46.1371]],[[18.2515,46.1573],[18.2512,46.1573],[18.2515,46.1574],[18.2515,46.1573]],[[18.2553,46.162],[18.2551,46.1622],[18.2551,46.1622],[18.2553,46.162]],[[18.2899,46.1599],[18.2894,46.1603],[18.2901,46.1606],[18.2899,46.1599]]],[[[18.1394,46.1403],[18.1522,46.142],[18.1433,46.1451],[18.1394,46.1403]]],[[[18.1099,46.1406],[18.1134,46.1417],[18.1118,46.1445],[18.1099,46.1406]]],[[[18.0454,46.1266],[18.0487,46.1314],[18.0445,46.1273],[18.0454,46.1266]]],[[[18.2179,46.0883],[18.2219,46.089],[18.2177,46.0907],[18.2179,46.0883]]],[[[18.2201,46.0877],[18.2227,46.0879],[18.2233,46.0902],[18.2201,46.0877]]],[[[18.1095,46.084],[18.112,46.0918],[18.1048,46.0877],[18.1095,46.084]]],[[[18.1299,46.065],[18.1297,46.0657],[18.1295,46.0656],[18.1299,46.065]]],[[[18.1299,46.0648],[18.132,46.0649],[18.1315,46.0654],[18.1299,46.0648]]],[[[18.1194,46.0629],[18.1197,46.0635],[18.1191,46.0641],[18.1194,46.0629]]],[[[18.128,46.062],[18.133,46.0645],[18.1297,46.0671],[18.1551,46.0707],[18.1827,46.0857],[18.1778,46.108],[18.1834,46.1058],[18.1822,46.1011],[18.1967,46.1047],[18.2111,46.0939],[18.2208,46.0931],[18.2205,46.089],[18.2309,46.099],[18.2274,46.0881],[18.2371,46.0884],[18.2315,46.0992],[18.236,46.0933],[18.2352,46.1004],[18.2303,46.1005],[18.2345,46.1086],[18.2283,46.1127],[18.2316,46.1142],[18.2264,46.125],[18.2405,46.1238],[18.2324,46.1337],[18.2209,46.1249],[18.2322,46.1337],[18.2515,46.1332],[18.2427,46.1563],[18.2156,46.1605],[18.2122,46.1568],[18.2153,46.1606],[18.2113,46.1555],[18.2127,46.1603],[18.2039,46.1602],[18.1911,46.1533],[18.1893,46.1585],[18.1556,46.1597],[18.1528,46.1547],[18.1585,46.1481],[18.1545,46.1455],[18.1619,46.1389],[18.1511,46.1312],[18.1379,46.1405],[18.115,46.1364],[18.11,46.1409],[18.0988,46.1339],[18.1104,46.1413],[18.1105,46.1478],[18.099,46.1498],[18.0935,46.146],[18.0854,46.1541],[18.0654,46.1494],[18.0613,46.1366],[18.0489,46.1329],[18.0504,46.1238],[18.07,46.1293],[18.0784,46.1247],[18.0699,46.1293],[18.0518,46.1232],[18.0333,46.1212],[18.0388,46.1247],[18.0343,46.1265],[18.0274,46.1227],[18.03,46.1122],[18.0504,46.1107],[18.044,46.1075],[18.0259,46.1115],[18.0245,46.1073],[18.0334,46.1053],[18.0291,46.0988],[18.0585,46.0997],[18.0571,46.1082],[18.068,46.0971],[18.1115,46.1041],[18.1118,46.0843],[18.1195,46.0946],[18.12,46.091],[18.1251,46.0929],[18.1385,46.0863],[18.1316,46.0781],[18.1385,46.0821],[18.1469,46.0785],[18.1319,46.0723],[18.1264,46.0762],[18.1191,46.0642],[18.1279,46.0654],[18.1297,46.0705],[18.128,46.062]],[[18.1357,46.0674],[18.1359,46.0689],[18.1363,46.0675],[18.1357,46.0674]],[[18.1418,46.0714],[18.1407,46.0724],[18.1421,46.0728],[18.1418,46.0714]],[[18.2306,46.0909],[18.2302,46.091],[18.2321,46.091],[18.2306,46.0909]],[[18.2262,46.0933],[18.2262,46.0933],[18.2262,46.0933],[18.2262,46.0933]],[[18.2192,46.0989],[18.2203,46.0999],[18.2215,46.0994],[18.2192,46.0989]],[[18.2345,46.0985],[18.2339,46.0992],[18.234,46.0992],[18.2345,46.0985]],[[18.2037,46.1087],[18.2022,46.1106],[18.2036,46.1106],[18.2037,46.1087]],[[18.0296,46.1228],[18.0295,46.123],[18.0298,46.123],[18.0296,46.1228]],[[18.0294,46.1229],[18.0308,46.1239],[18.031,46.1236],[18.0294,46.1229]],[[18.0308,46.1233],[18.0307,46.1234],[18.0311,46.1235],[18.0308,46.1233]],[[18.1372,46.1322],[18.1424,46.1342],[18.1418,46.1327],[18.1372,46.1322]],[[18.1543,46.1525],[18.1543,46.1526],[18.1544,46.1525],[18.1543,46.1525]]]]},"properties":{"code":"HUDD20030","name":"Mecsek","country":"Hungary","designation":"SAC","area_ha":26177.3}},{"type":"Feature","geometry":{"type":"MultiPolygon","coordinates":[[[[17.7161,46.047],[17.7145,46.0523],[17.7124,46.0532],[17.7161,46.047]]],[[[17.7314,46.0391],[17.7339,46.0495],[17.7277,46.0563],[17.7314,46.0391]]],[[[17.7218,46.0377],[17.7243,46.0394],[17.7168,46.0474],[17.7218,46.0377]]],[[[17.6798,45.9094],[17.6919,45.909],[17.6924,45.9139],[17.6686,45.917],[17.6798,45.9094]]],[[[17.9103,45.8885],[17.9253,45.8914],[17.8964,45.8954],[17.8957,45.8911],[17.9103,45.8885]]],[[[17.9129,45.8845],[17.9211,45.8843],[17.9271,45.8915],[17.8984,45.8898],[17.9129,45.8845]]],[[[17.6822,45.9009],[17.6837,45.9008],[17.6853,45.9019],[17.6822,45.9009]]],[[[17.7524,45.894],[17.7868,45.8979],[17.7753,45.897],[17.7752,45.9021],[17.7446,45.9007],[17.7524,45.894]]],[[[17.8418,45.8785],[17.8423,45.8842],[17.8274,45.8865],[17.8418,45.8785]]],[[[17.7391,45.8857],[17.7396,45.8888],[17.7381,45.8889],[17.7391,45.8857]]],[[[17.8244,45.8783],[17.835,45.8792],[17.817,45.8908],[17.8114,45.8821],[17.8244,45.8783]]],[[[17.9817,45.8654],[17.9855,45.8667],[17.9846,45.8671],[17.9817,45.8654]]],[[[17.7919,45.8793],[17.7994,45.88],[17.7911,45.8806],[17.7919,45.8793]]],[[[17.7896,45.8792],[17.8,45.8804],[17.7887,45.882],[17.7896,45.8792]]],[[[17.7942,45.8784],[17.7947,45.8791],[17.7942,45.8791],[17.7942,45.8784]]],[[[17.988,45.8638],[17.9898,45.866],[17.986,45.8683],[17.988,45.8638]]],[[[17.8079,45.8765],[17.8129,45.8793],[17.8076,45.8799],[17.8079,45.8765]]],[[[17.7514,45.8713],[17.7615,45.8799],[17.7583,45.8817],[17.7581,45.8761],[17.7488,45.8835],[17.7563,45.8741],[17.7514,45.8713]]],[[[17.7274,45.8725],[17.7278,45.8938],[17.7411,45.8887],[17.7339,45.8973],[17.7191,45.8953],[17.726,45.8855],[17.7161,45.8912],[17.719,45.8953],[17.7068,45.8957],[17.706,45.8888],[17.6893,45.8879],[17.6847,45.8806],[17.6912,45.8784],[17.6895,45.8849],[17.7043,45.887],[17.7149,45.8836],[17.7173,45.875],[17.7151,45.8835],[17.7218,45.8871],[17.7292,45.8784],[17.7274,45.8725]],[[17.7152,45.8854],[17.7075,45.8887],[17.7101,45.8955],[17.7192,45.8876],[17.7152,45.8854]]],[[[17.8348,45.8632],[17.8403,45.8656],[17.8384,45.8702],[17.827,45.8707],[17.8356,45.8672],[17.8348,45.8632]]],[[[17.7106,45.8716],[17.7094,45.8737],[17.7092,45.8722],[17.7106,45.8716]]],[[[17.7559,45.8592],[17.7672,45.8623],[17.7554,45.8615],[17.7559,45.8592]]],[[[17.9024,45.8472],[17.9023,45.8508],[17.9019,45.8484],[17.9024,45.8472]]],[[[17.7487,45.8546],[17.7559,45.858],[17.7444,45.8643],[17.7499,45.8647],[17.7495,45.8722],[17.7361,45.8704],[17.7459,45.8698],[17.7421,45.8624],[17.7524,45.8596],[17.7487,45.8546]]],[[[17.7621,45.8445],[17.7752,45.8557],[17.7681,45.8623],[17.7718,45.855],[17.7621,45.8445]]],[[[17.8692,45.8314],[17.8768,45.8378],[17.8745,45.8463],[17.8595,45.8473],[17.8531,45.8342],[17.8666,45.845],[17.867,45.8378],[17.8757,45.8405],[17.8692,45.8314]]],[[[17.8801,45.8301],[17.8762,45.8364],[17.8783,45.831],[17.8801,45.8301]]],[[[17.8984,45.8186],[17.9013,45.8392],[17.8905,45.8381],[17.8899,45.8431],[17.8773,45.8399],[17.8764,45.8368],[17.8878,45.8396],[17.8984,45.8186]],[[17.8982,45.8243],[17.8923,45.8316],[17.8987,45.8326],[17.8982,45.8243]]],[[[17.8841,45.8151],[17.8849,45.8366],[17.8891,45.8378],[17.8852,45.8398],[17.8802,45.8304],[17.8817,45.8377],[17.8882,45.8379],[17.8844,45.8361],[17.8841,45.8151]]]]},"properties":{"code":"HUDD20052","name":"Orm\u00e1ns\u00e1gi vizes \u00e9l\u0151helyek \u00e9s gyepek","country":"Hungary","designation":"SAC","area_ha":1413.9}},{"type":"Feature","geometry":{"type":"MultiPolygon","coordinates":[[[[17.4605,46.0494],[17.4588,46.0591],[17.4541,46.0606],[17.4526,46.0552],[17.4605,46.0494]]],[[[17.4629,46.0372],[17.4883,46.0366],[17.4848,46.0566],[17.483,46.048],[17.4765,46.0528],[17.4756,46.0471],[17.4664,46.0524],[17.4609,46.0494],[17.4598,46.0565],[17.4629,46.0372]]],[[[17.4569,46.0274],[17.4618,46.0283],[17.4605,46.0487],[17.4524,46.0551],[17.4486,46.0526],[17.4501,46.0442],[17.4435,46.0394],[17.4556,46.0418],[17.4569,46.0274]]]]},"properties":{"code":"HUDD20053","name":"Csokonyavisontai f\u00e1s legel\u0151","country":"Hungary","designation":"SAC","area_ha":497.0}},{"type":"Feature","geometry":{"type":"MultiPolygon","coordinates":[[[[18.0209,46.1962],[18.0219,46.1964],[18.0218,46.1985],[18.0209,46.1962]]],[[[17.9525,46.1886],[17.9482,46.1952],[17.9493,46.1914],[17.9525,46.1886]]],[[[17.904,46.1845],[17.9045,46.1845],[17.9032,46.1856],[17.904,46.1845]]],[[[17.8902,46.1752],[17.8946,46.1872],[17.8987,46.1853],[17.8946,46.1907],[17.8957,46.2015],[17.8793,46.2059],[17.8603,46.2199],[17.8529,46.2142],[17.8555,46.2177],[17.8603,46.22],[17.8797,46.2059],[17.8899,46.2046],[17.8838,46.2123],[17.9006,46.2009],[17.905,46.2195],[17.911,46.219],[17.9011,46.197],[17.9046,46.1845],[17.9136,46.1933],[17.9052,46.1764],[17.9264,46.2041],[17.9309,46.1996],[17.9399,46.2005],[17.9497,46.1834],[17.9525,46.1886],[17.9451,46.2048],[17.9362,46.2035],[17.949,46.2131],[17.9399,46.2158],[17.9434,46.2196],[17.9382,46.2228],[17.9238,46.2202],[17.9221,46.2157],[17.9189,46.2245],[17.9067,46.2286],[17.8985,46.2209],[17.878,46.224],[17.8744,46.2323],[17.8559,46.2281],[17.8541,46.2208],[17.8499,46.2261],[17.8395,46.2201],[17.8391,46.2141],[17.8463,46.2163],[17.8515,46.2073],[17.862,46.2099],[17.8645,46.1994],[17.8877,46.1824],[17.8902,46.1752]],[[17.8499,46.2213],[17.8503,46.2217],[17.8502,46.2213],[17.8499,46.2213]]],[[[17.8037,46.1756],[17.8118,46.1917],[17.8121,46.1951],[17.8071,46.1835],[17.8021,46.1957],[17.8091,46.2119],[17.7991,46.1972],[17.8054,46.1835],[17.8007,46.1778],[17.8056,46.1833],[17.8037,46.1756]]],[[[17.7593,46.168],[17.7666,46.1932],[17.7598,46.1848],[17.7612,46.2016],[17.7547,46.2043],[17.7585,46.1786],[17.7379,46.1934],[17.7557,46.1779],[17.7593,46.168]],[[17.7594,46.1686],[17.7596,46.1706],[17.7598,46.1698],[17.7594,46.1686]]],[[[17.9182,46.1547],[17.9241,46.1563],[17.9205,46.1572],[17.9182,46.1547]]],[[[17.7204,46.1682],[17.7214,46.1688],[17.7178,46.1746],[17.7204,46.1682]]],[[[17.6929,46.1634],[17.7112,46.1864],[17.7066,46.1822],[17.7047,46.1853],[17.7002,46.1735],[17.696,46.179],[17.6929,46.1634]]],[[[17.9142,46.1427],[17.9129,46.1499],[17.9225,46.1496],[17.9227,46.1443],[17.9295,46.1493],[17.918,46.1546],[17.9105,46.1525],[17.8896,46.165],[17.8753,46.1563],[17.9001,46.1591],[17.9089,46.1512],[17.9011,46.1462],[17.9142,46.1427]],[[17.9163,46.1486],[17.9151,46.1496],[17.9171,46.1496],[17.9163,46.1486]]],[[[17.9212,46.1417],[17.9167,46.151],[17.9129,46.1499],[17.9212,46.1417]],[[17.9147,46.1463],[17.9141,46.1476],[17.9151,46.1476],[17.9147,46.1463]],[[17.9133,46.1488],[17.9132,46.1493],[17.9134,46.1488],[17.9133,46.1488]]],[[[17.9933,46.1286],[18.0014,46.1341],[17.9809,46.1359],[18.0011,46.1356],[17.9967,46.1358],[17.9968,46.1445],[17.9907,46.1423],[17.9915,46.1517],[17.9826,46.1592],[18.0016,46.1423],[18.0015,46.1357],[18.0057,46.1425],[17.9962,46.1802],[18.0003,46.1666],[18.0081,46.1684],[18.0037,46.174],[18.0113,46.1702],[18.0155,46.1756],[18.0172,46.1624],[18.0217,46.1718],[18.0138,46.1885],[18.0309,46.1787],[18.0257,46.1863],[18.039,46.1892],[18.0438,46.2004],[18.0618,46.2074],[18.0517,46.2089],[18.0439,46.2025],[18.0443,46.2093],[18.0347,46.2004],[18.0374,46.1953],[18.0209,46.1962],[18.0138,46.1885],[18.0256,46.2025],[18.0179,46.2018],[18.0158,46.2076],[18.0015,46.1953],[18.0014,46.2036],[17.9895,46.1993],[17.9932,46.2002],[17.9887,46.2009],[17.9917,46.2064],[17.9841,46.2083],[17.9847,46.1955],[17.9841,46.2083],[17.9771,46.2076],[17.9755,46.2001],[17.9627,46.1997],[17.9586,46.1946],[17.9618,46.1901],[17.9564,46.194],[17.9507,46.1882],[17.9494,46.1833],[17.9612,46.1735],[17.9517,46.1712],[17.9505,46.1661],[17.9568,46.1613],[17.9404,46.1638],[17.9228,46.1579],[17.9435,46.1588],[17.9511,46.1538],[17.9526,46.1448],[17.9629,46.1474],[17.9699,46.1413],[17.9686,46.1367],[17.9933,46.1286]],[[18.0169,46.1642],[18.0164,46.1648],[18.0171,46.1657],[18.0169,46.1642]]],[[[17.7203,46.1359],[17.7218,46.137],[17.7199,46.1372],[17.7203,46.1359]]],[[[17.7217,46.1357],[17.7241,46.137],[17.7203,46.1358],[17.7217,46.1357]]],[[[17.7122,46.1363],[17.7167,46.1362],[17.7132,46.1428],[17.7225,46.1561],[17.72,46.1609],[17.7258,46.1743],[17.7165,46.1632],[17.7175,46.1515],[17.7082,46.1447],[17.7122,46.1363]]],[[[17.876,46.1187],[17.877,46.1206],[17.8754,46.1202],[17.876,46.1187]]],[[[17.8787,46.1176],[17.8852,46.1222],[17.8858,46.1287],[17.8787,46.1176]]],[[[17.8657,46.1103],[17.876,46.1187],[17.8719,46.1197],[17.8708,46.1284],[17.8657,46.1103]]],[[[17.7142,46.1175],[17.713,46.1295],[17.7219,46.1354],[17.7156,46.1328],[17.7119,46.1362],[17.7098,46.1281],[17.7048,46.1315],[17.7142,46.1175]]]]},"properties":{"code":"HUDD20004","name":"D\u00e9l-Zselic","country":"Hungary","designation":"SAC","area_ha":6803.8}},{"type":"Feature","geometry":{"type":"MultiPolygon","coordinates":[[[[18.448,45.8745],[18.4559,45.8762],[18.446,45.8762],[18.448,45.8745]]],[[[18.4456,45.8742],[18.4474,45.8747],[18.4466,45.876],[18.4456,45.8742]]],[[[18.4244,45.8643],[18.4206,45.8668],[18.4205,45.8656],[18.4244,45.8643]]],[[[18.4177,45.8512],[18.4176,45.8523],[18.4162,45.8518],[18.4177,45.8512]]],[[[18.4015,45.8494],[18.4316,45.8559],[18.4181,45.8661],[18.3927,45.8531],[18.4035,45.8551],[18.4015,45.8494]]]]},"properties":{"code":"HUDD20006","name":"Sz\u00e1rsomly\u00f3","country":"Hungary","designation":"SAC","area_ha":269.9}},{"type":"Feature","geometry":{"type":"MultiPolygon","coordinates":[[[[18.5311,46.2495],[18.5377,46.252],[18.5357,46.2555],[18.5262,46.2568],[18.5311,46.2495]],[[18.532,46.2549],[18.5265,46.2565],[18.5271,46.2569],[18.532,46.2549]]],[[[18.5765,46.2362],[18.5772,46.2436],[18.5637,46.243],[18.575,46.2424],[18.5765,46.2362]]],[[[18.5761,46.2358],[18.5835,46.2416],[18.5838,46.2516],[18.5783,46.2513],[18.5761,46.2358]]],[[[18.5281,46.2338],[18.5373,46.241],[18.5388,46.2517],[18.5304,46.2495],[18.5296,46.2412],[18.5214,46.2403],[18.5281,46.2338]]],[[[18.5076,46.2288],[18.5286,46.2317],[18.5221,46.2392],[18.4975,46.2422],[18.5019,46.2359],[18.5049,46.2377],[18.5076,46.2288]]],[[[18.5593,46.2229],[18.5618,46.2232],[18.5617,46.2239],[18.5593,46.2229]]],[[[18.5164,46.2237],[18.5174,46.2243],[18.5171,46.2243],[18.5164,46.2237]]],[[[18.6084,46.2056],[18.6052,46.2203],[18.5997,46.2209],[18.6084,46.2056]]],[[[18.5921,46.2067],[18.5927,46.2067],[18.5922,46.2074],[18.5921,46.2067]]],[[[18.4749,46.2154],[18.469,46.2196],[18.4725,46.2109],[18.4749,46.2154]],[[18.4749,46.2154],[18.4712,46.2171],[18.4725,46.2176],[18.4749,46.2154]]],[[[18.6205,46.1866],[18.6235,46.1921],[18.632,46.19],[18.6366,46.1966],[18.6307,46.2074],[18.6241,46.2071],[18.6059,46.219],[18.6098,46.2081],[18.607,46.1984],[18.6205,46.1866]]],[[[18.4734,46.196],[18.4762,46.2094],[18.4667,46.21],[18.4723,46.2054],[18.4734,46.196]]],[[[18.6414,46.1822],[18.6641,46.1809],[18.6616,46.1899],[18.6706,46.1945],[18.6538,46.2061],[18.64,46.2011],[18.6318,46.1906],[18.6414,46.1822]]],[[[18.5195,46.1735],[18.5245,46.1654],[18.5237,46.1758],[18.5294,46.1771],[18.5347,46.1641],[18.5378,46.1719],[18.5515,46.1726],[18.5498,46.1787],[18.5562,46.1733],[18.5426,46.1938],[18.5567,46.1724],[18.5713,46.1771],[18.5703,46.1834],[18.5714,46.1771],[18.5625,46.1749],[18.5699,46.1743],[18.5717,46.1637],[18.5762,46.1657],[18.5759,46.1622],[18.5816,46.1614],[18.5769,46.1668],[18.5823,46.175],[18.5793,46.1785],[18.5885,46.1688],[18.5937,46.1701],[18.5842,46.1798],[18.5938,46.1701],[18.6148,46.1758],[18.6205,46.1722],[18.6158,46.1762],[18.6234,46.1721],[18.6261,46.1763],[18.6168,46.1823],[18.6069,46.1984],[18.6079,46.2083],[18.5987,46.2168],[18.5992,46.2063],[18.5907,46.2069],[18.5905,46.2023],[18.5914,46.2084],[18.5784,46.2109],[18.5701,46.1989],[18.5596,46.1955],[18.5699,46.1994],[18.5637,46.2044],[18.5697,46.2054],[18.5641,46.2139],[18.5677,46.2177],[18.5629,46.221],[18.5821,46.2329],[18.5759,46.2312],[18.576,46.2357],[18.5624,46.2226],[18.5448,46.221],[18.5433,46.2152],[18.5391,46.2216],[18.5204,46.2133],[18.4973,46.2182],[18.5224,46.2277],[18.5178,46.2293],[18.501,46.2301],[18.4845,46.2211],[18.48,46.2154],[18.4852,46.2139],[18.4781,46.2056],[18.5001,46.1885],[18.5016,46.1922],[18.5082,46.1895],[18.5137,46.193],[18.5195,46.1735]],[[18.5195,46.1735],[18.5216,46.1733],[18.5215,46.1731],[18.5195,46.1735]],[[18.5751,46.2328],[18.5761,46.2338],[18.5763,46.2337],[18.5751,46.2328]]],[[[18.5339,46.1558],[18.5363,46.1564],[18.534,46.1642],[18.5339,46.1558]]],[[[18.525,46.1535],[18.5268,46.154],[18.5237,46.1654],[18.525,46.1535]]],[[[18.5172,46.148],[18.518,46.1492],[18.5166,46.1488],[18.5172,46.148]]],[[[18.5321,46.1339],[18.5381,46.1402],[18.533,46.1517],[18.5206,46.1523],[18.5224,46.1363],[18.5321,46.1339]]],[[[18.4966,46.127],[18.4995,46.1287],[18.4956,46.1297],[18.4966,46.127]]],[[[18.491,46.124],[18.4955,46.1366],[18.4952,46.1308],[18.5013,46.1282],[18.5037,46.1315],[18.5076,46.1283],[18.5073,46.1344],[18.5115,46.1356],[18.5154,46.131],[18.515,46.1359],[18.523,46.1279],[18.5229,46.1333],[18.5124,46.1408],[18.5172,46.1423],[18.5224,46.1362],[18.5174,46.149],[18.4985,46.1453],[18.488,46.131],[18.491,46.124]]]]},"properties":{"code":"HUDD20012","name":"Geresdi-dombvid\u00e9k","country":"Hungary","designation":"SAC","area_ha":6566.5}},{"type":"Feature","geometry":{"type":"MultiPolygon","coordinates":[[[[18.2711,45.9102],[18.2726,45.9115],[18.2696,45.9123],[18.2711,45.9102]]],[[[18.2747,45.9024],[18.2738,45.9056],[18.2741,45.9027],[18.2747,45.9024]]],[[[18.2798,45.8815],[18.2801,45.8815],[18.2797,45.8817],[18.2798,45.8815]]],[[[18.2808,45.8813],[18.2811,45.8813],[18.2801,45.8819],[18.2808,45.8813]]],[[[18.2802,45.8812],[18.2805,45.8812],[18.2799,45.882],[18.2802,45.8812]]],[[[18.2792,45.8803],[18.2793,45.8817],[18.2788,45.8811],[18.2792,45.8803]]],[[[18.2432,45.8804],[18.2952,45.8818],[18.2912,45.8844],[18.299,45.8844],[18.3018,45.8898],[18.304,45.8871],[18.3046,45.8919],[18.2982,45.895],[18.3022,45.8978],[18.307,45.8895],[18.3127,45.8934],[18.3077,45.8982],[18.3155,45.8966],[18.3104,45.8864],[18.3132,45.8932],[18.3304,45.8908],[18.3313,45.8945],[18.3232,45.9033],[18.3002,45.8997],[18.3038,45.902],[18.2868,45.8933],[18.2977,45.9077],[18.2902,45.9065],[18.2915,45.9102],[18.2804,45.9174],[18.2719,45.9113],[18.2766,45.9029],[18.2719,45.8991],[18.2628,45.8983],[18.2667,45.9015],[18.249,45.9057],[18.2477,45.8993],[18.2447,45.905],[18.2448,45.9017],[18.2336,45.9006],[18.2332,45.8939],[18.2434,45.8951],[18.2383,45.8878],[18.2434,45.8864],[18.2432,45.8804]],[[18.2579,45.8825],[18.2582,45.883],[18.2582,45.883],[18.2579,45.8825]],[[18.3225,45.8942],[18.3221,45.8948],[18.3238,45.8948],[18.3225,45.8942]],[[18.3156,45.8961],[18.3162,45.8974],[18.3182,45.8984],[18.3156,45.8961]],[[18.3153,45.8973],[18.3164,45.8985],[18.318,45.8984],[18.3153,45.8973]],[[18.2871,45.912],[18.2846,45.9135],[18.2878,45.913],[18.2871,45.912]]],[[[18.2135,45.8796],[18.231,45.8817],[18.2339,45.8866],[18.2153,45.8845],[18.2107,45.8824],[18.2135,45.8796]]],[[[18.2978,45.8728],[18.3034,45.8767],[18.2998,45.8799],[18.2978,45.8728]]]]},"properties":{"code":"HUDD20001","name":"Tenkes","country":"Hungary","designation":"SAC","area_ha":1558.2}},{"type":"Feature","geometry":{"type":"Polygon","coordinates":[[[17.5391,45.9367],[17.554,45.9411],[17.5652,45.9386],[17.5541,45.9413],[17.5541,45.9459],[17.5765,45.9533],[17.579,45.9593],[17.5626,45.9646],[17.5749,45.9632],[17.5827,45.9696],[17.5827,45.9813],[17.587,45.9857],[17.5827,45.9905],[17.5899,45.9915],[17.5879,46.0018],[17.5933,46.0066],[17.6007,46.0053],[17.6023,46.0213],[17.5844,46.0356],[17.5686,46.0346],[17.569,46.0111],[17.5397,46.0058],[17.5301,45.9835],[17.5309,45.9723],[17.5251,45.9702],[17.5347,45.9704],[17.5265,45.968],[17.5334,45.9562],[17.5308,45.9468],[17.5217,45.9482],[17.5243,45.9408],[17.5391,45.9367]]]},"properties":{"code":"HUDD20051","name":"Dar\u00e1nyi bor\u00f3k\u00e1s","country":"Hungary","designation":"SAC","area_ha":3478.5}},{"type":"Feature","geometry":{"type":"MultiPolygon","coordinates":[[[[18.5847,45.9278],[18.5881,45.931],[18.5826,45.9388],[18.5731,45.932],[18.5847,45.9278]]],[[[18.5098,45.9044],[18.5162,45.9148],[18.5077,45.9139],[18.5098,45.9044]]],[[[18.5714,45.8953],[18.572,45.8953],[18.5664,45.8973],[18.5714,45.8953]]],[[[18.4886,45.9012],[18.4954,45.9029],[18.4952,45.912],[18.5081,45.9204],[18.4958,45.9258],[18.4796,45.92],[18.4912,45.9107],[18.4886,45.9012]]],[[[18.5723,45.8817],[18.5825,45.8871],[18.5663,45.8973],[18.5664,45.8863],[18.5723,45.8817]],[[18.5713,45.889],[18.571,45.8898],[18.5718,45.8893],[18.5713,45.889]]],[[[18.5496,45.8815],[18.5583,45.8828],[18.5577,45.8959],[18.5349,45.9028],[18.528,45.9161],[18.5165,45.9147],[18.5102,45.9045],[18.5151,45.8952],[18.5239,45.8971],[18.5496,45.8815]]]]},"properties":{"code":"HUDD20065","name":"T\u00f6tt\u00f6si-erd\u0151","country":"Hungary","designation":"SAC","area_ha":1188.8}},{"type":"Feature","geometry":{"type":"MultiPolygon","coordinates":[[[[18.2584,46.3835],[18.2592,46.3838],[18.259,46.3839],[18.2584,46.3835]]],[[[18.2578,46.3824],[18.2674,46.3878],[18.2795,46.3812],[18.2852,46.3832],[18.2803,46.3834],[18.2767,46.3919],[18.2847,46.3957],[18.2844,46.4053],[18.2752,46.4065],[18.262,46.3987],[18.248,46.3977],[18.2506,46.3867],[18.2616,46.3881],[18.2512,46.3852],[18.2578,46.3824]]]]},"properties":{"code":"HUDD20033","name":"Nagyhajm\u00e1si dombok","country":"Hungary","designation":"SAC","area_ha":456.7}},{"type":"Feature","geometry":{"type":"MultiPolygon","coordinates":[[[[17.6767,45.9013],[17.6852,45.9019],[17.6743,45.9021],[17.6767,45.9013]]],[[[17.6724,45.883],[17.6812,45.8834],[17.6782,45.8854],[17.6724,45.883]]],[[[17.6691,45.8805],[17.6717,45.8828],[17.6691,45.8826],[17.6691,45.8805]]],[[[17.7355,45.8427],[17.7368,45.8443],[17.733,45.8435],[17.7355,45.8427]]],[[[17.7406,45.84],[17.733,45.8433],[17.7303,45.8417],[17.7406,45.84]]],[[[17.7304,45.8407],[17.7318,45.8408],[17.7303,45.8415],[17.7304,45.8407]]],[[[17.7337,45.8376],[17.7317,45.8406],[17.7304,45.8407],[17.7337,45.8376]]],[[[18.0395,45.8119],[18.0401,45.8153],[18.0389,45.8172],[18.0395,45.8119]]],[[[18.1049,45.7988],[18.1044,45.8002],[18.1023,45.8],[18.1049,45.7988]]],[[[18.0968,45.7945],[18.1079,45.7968],[18.1049,45.7988],[18.0968,45.7945]]],[[[17.8312,45.812],[17.8326,45.8124],[17.8316,45.8127],[17.8312,45.812]]],[[[18.0348,45.7898],[18.038,45.7896],[18.0386,45.8016],[18.0451,45.8032],[18.0445,45.8098],[18.0318,45.8119],[18.0363,45.8167],[18.0394,45.8117],[18.0388,45.8172],[18.0334,45.8177],[18.0309,45.8124],[18.0274,45.8206],[18.0221,45.8178],[18.0063,45.8238],[18.0071,45.8175],[17.9966,45.8208],[18.0195,45.8003],[18.0324,45.7966],[18.0348,45.7898]],[[18.0191,45.8053],[18.0185,45.8058],[18.0193,45.806],[18.0191,45.8053]],[[18.0179,45.8059],[18.0104,45.8141],[18.0141,45.8209],[18.028,45.8119],[18.0179,45.8059]],[[18.0257,45.8202],[18.0265,45.8204],[18.0267,45.8203],[18.0257,45.8202]]],[[[18.0652,45.7741],[18.0754,45.7812],[18.0675,45.7802],[18.0652,45.7741]]],[[[17.8649,45.7668],[17.8755,45.7789],[17.9002,45.7913],[17.9288,45.786],[17.9491,45.7923],[17.9727,45.7889],[17.9945,45.7954],[18.0267,45.7773],[18.0813,45.7644],[18.1062,45.7704],[18.1233,45.7891],[18.1497,45.7874],[18.1694,45.7759],[18.1914,45.7874],[18.205,45.7813],[18.2302,45.7788],[18.2435,45.7611],[18.2759,45.7555],[18.2966,45.7608],[18.3332,45.754],[18.3379,45.7471],[18.3419,45.748],[18.328,45.7583],[18.2516,45.7671],[18.2565,45.7734],[18.2533,45.7775],[18.2486,45.7784],[18.2545,45.7732],[18.2499,45.7682],[18.2312,45.7864],[18.2142,45.7851],[18.2046,45.7909],[18.2019,45.7841],[18.1987,45.7912],[18.1666,45.7865],[18.1473,45.7948],[18.1262,45.7954],[18.1017,45.7756],[18.1019,45.7876],[18.0926,45.7935],[18.0966,45.7986],[18.0885,45.8012],[18.0784,45.7968],[18.0866,45.788],[18.0669,45.7804],[18.0845,45.7837],[18.091,45.7918],[18.1001,45.7858],[18.0994,45.7742],[18.0742,45.7708],[18.0604,45.7757],[18.0593,45.7958],[18.0482,45.8096],[18.0448,45.8098],[18.0454,45.8033],[18.0556,45.7954],[18.0539,45.7771],[18.0377,45.7798],[18.038,45.7894],[18.0324,45.7817],[17.996,45.8002],[17.9725,45.7928],[17.9547,45.7998],[17.9321,45.7933],[17.9261,45.8036],[17.9143,45.8019],[17.9132,45.8058],[17.9176,45.7959],[17.9023,45.7957],[17.8726,45.7849],[17.8579,45.7856],[17.8631,45.7982],[17.8518,45.8022],[17.8462,45.795],[17.8413,45.8044],[17.8313,45.8096],[17.8477,45.8043],[17.842,45.8104],[17.8255,45.8113],[17.8191,45.817],[17.805,45.8174],[17.7868,45.8257],[17.7815,45.8235],[17.7833,45.8184],[17.7775,45.8184],[17.7798,45.8307],[17.7736,45.8372],[17.762,45.834],[17.7557,45.827],[17.7509,45.8377],[17.7318,45.8406],[17.7352,45.8355],[17.7426,45.8378],[17.7227,45.8374],[17.7037,45.8483],[17.6869,45.8423],[17.6674,45.843],[17.6644,45.8479],[17.6682,45.8522],[17.652,45.8687],[17.6558,45.8878],[17.6719,45.883],[17.6727,45.8972],[17.6662,45.8999],[17.6388,45.8954],[17.6234,45.9158],[17.5932,45.9216],[17.6283,45.8969],[17.6475,45.8665],[17.6513,45.8488],[17.663,45.8378],[17.6731,45.8347],[17.6883,45.8388],[17.7068,45.8317],[17.7403,45.8293],[17.7599,45.8118],[17.7832,45.8168],[17.8096,45.8038],[17.8263,45.8095],[17.8333,45.7912],[17.8516,45.7833],[17.8559,45.7702],[17.8649,45.7668]],[[17.8548,45.7867],[17.8482,45.7916],[17.853,45.8008],[17.8621,45.7983],[17.8548,45.7867]],[[17.8996,45.7937],[17.9001,45.7948],[17.9025,45.7954],[17.8996,45.7937]],[[17.9027,45.7949],[17.9026,45.7953],[17.9033,45.7949],[17.9027,45.7949]],[[17.9035,45.795],[17.9027,45.7954],[17.9031,45.7954],[17.9035,45.795]],[[17.9127,45.7952],[17.9123,45.796],[17.9175,45.7954],[17.9127,45.7952]],[[17.765,45.8237],[17.759,45.8245],[17.7625,45.8301],[17.7757,45.8329],[17.7761,45.8236],[17.765,45.8237]],[[17.7622,45.8323],[17.767,45.8363],[17.774,45.8368],[17.7622,45.8323]]]]},"properties":{"code":"HUDD20007","name":"Kelet-Dr\u00e1va","country":"Hungary","designation":"SAC","area_ha":6620.8}},{"type":"Feature","geometry":{"type":"MultiPolygon","coordinates":[[[[17.6817,46.0348],[17.6969,46.035],[17.6961,46.0372],[17.6817,46.0348]]],[[[17.6771,46.0348],[17.6847,46.0367],[17.6785,46.038],[17.6799,46.0453],[17.675,46.0444],[17.6771,46.0348]]],[[[17.6862,46.0177],[17.6854,46.0237],[17.6983,46.0318],[17.697,46.0348],[17.6777,46.0344],[17.6862,46.0177]]],[[[17.6916,46.0122],[17.6919,46.0147],[17.6898,46.0136],[17.6916,46.0122]]],[[[17.662,45.9978],[17.6748,46.0017],[17.6712,46.0073],[17.6751,46.001],[17.6873,46.0044],[17.6939,46.001],[17.6877,46.0103],[17.6907,46.0112],[17.6982,46.003],[17.7074,46.0021],[17.6979,46.0169],[17.678,46.0112],[17.6817,46.008],[17.6749,46.0143],[17.6667,46.012],[17.6547,46.0214],[17.6384,46.0187],[17.6529,46.0107],[17.6566,46.0072],[17.6531,46.0025],[17.662,45.9978]],[[17.6874,46.0018],[17.6863,46.0024],[17.6871,46.0024],[17.6874,46.0018]]],[[[17.6858,45.9908],[17.6893,45.9926],[17.6856,45.9995],[17.6894,46.0005],[17.6848,46.0013],[17.679,45.9959],[17.6858,45.9908]]],[[[17.826,45.9566],[17.8241,45.9664],[17.8123,45.9699],[17.812,45.9748],[17.8176,45.9748],[17.8171,45.9919],[17.8088,46.0063],[17.8,46.0104],[17.7982,46.0052],[17.8043,46.0022],[17.7932,45.9915],[17.7823,45.9961],[17.7706,45.9881],[17.7734,45.9837],[17.7607,45.9842],[17.7857,45.9617],[17.826,45.9566]]],[[[17.8277,45.9564],[17.8295,45.966],[17.8242,45.9664],[17.8277,45.9564]]],[[[17.8066,45.9568],[17.8067,45.9582],[17.804,45.957],[17.8066,45.9568]]],[[[17.8461,45.9324],[17.8485,45.9325],[17.8473,45.9334],[17.8461,45.9324]]],[[[17.843,45.931],[17.8532,45.9393],[17.8328,45.9559],[17.8275,45.9561],[17.8234,45.9387],[17.8037,45.9403],[17.7996,45.9472],[17.7833,45.9452],[17.8057,45.9349],[17.843,45.931]],[[17.843,45.931],[17.8425,45.9313],[17.8437,45.9322],[17.843,45.931]]],[[[17.7227,45.925],[17.7271,45.9259],[17.7268,45.9292],[17.7227,45.925]]],[[[17.7374,45.9231],[17.7388,45.9276],[17.7358,45.9277],[17.7374,45.9231]]],[[[17.8425,45.9134],[17.8475,45.9144],[17.8471,45.9155],[17.8425,45.9134]]],[[[17.8464,45.9085],[17.8521,45.9158],[17.8425,45.9133],[17.8464,45.9085]]],[[[17.8484,45.9083],[17.8506,45.9101],[17.8478,45.9093],[17.8484,45.9083]]],[[[17.9943,45.8972],[17.9993,45.8999],[17.9933,45.9],[17.9943,45.8972]]],[[[17.6216,45.9186],[17.621,45.9216],[17.6129,45.9216],[17.6216,45.9186]]],[[[17.9926,45.8913],[17.9984,45.8914],[17.9911,45.9007],[17.9866,45.8992],[17.9926,45.8913]]],[[[17.849,45.9005],[17.8496,45.9005],[17.8493,45.9013],[17.849,45.9005]]],[[[17.8735,45.8957],[17.874,45.8962],[17.8745,45.8987],[17.8735,45.8957]]],[[[17.8594,45.8962],[17.8744,45.8986],[17.8624,45.9005],[17.8594,45.8962]]],[[[17.9142,45.8916],[17.9227,45.9033],[17.8972,45.9112],[17.8943,45.9048],[17.8891,45.906],[17.8969,45.9042],[17.895,45.9001],[17.9115,45.8979],[17.9103,45.8925],[17.9142,45.8916]]],[[[17.9164,45.8911],[17.9423,45.8924],[17.9286,45.9062],[17.9398,45.9021],[17.9484,45.9057],[17.9434,45.901],[17.9822,45.9002],[17.9872,45.9127],[17.9729,45.915],[17.9704,45.9087],[17.9564,45.9092],[17.9575,45.9121],[17.9425,45.9144],[17.952,45.9124],[17.9426,45.9155],[17.943,45.92],[17.9499,45.9197],[17.9347,45.919],[17.918,45.9133],[17.9171,45.9046],[17.9311,45.9015],[17.9221,45.9031],[17.9164,45.8911]],[[17.9569,45.9022],[17.9541,45.9024],[17.9572,45.9036],[17.9569,45.9022]]],[[[17.9164,45.8906],[17.9426,45.8887],[17.9164,45.891],[17.8868,45.901],[17.9164,45.8906]]],[[[17.8801,45.8886],[17.8846,45.8963],[17.8659,45.892],[17.8801,45.8886]]],[[[17.6768,45.9013],[17.6851,45.902],[17.6674,45.9177],[17.6426,45.9211],[17.6389,45.9082],[17.6742,45.9079],[17.6768,45.9013]]],[[[18.0029,45.876],[18.0015,45.8792],[18.0003,45.8767],[18.0029,45.876]]],[[[17.7114,45.896],[17.7126,45.9018],[17.7209,45.8992],[17.7205,45.904],[17.7441,45.9006],[17.7386,45.9169],[17.73,45.9189],[17.7372,45.9229],[17.7357,45.9271],[17.7167,45.9254],[17.7159,45.9196],[17.7053,45.9222],[17.7034,45.9109],[17.6943,45.9046],[17.712,45.9019],[17.7114,45.896]]],[[[17.9825,45.8731],[17.983,45.8798],[17.992,45.8762],[17.9948,45.8796],[17.9897,45.8799],[17.9962,45.8812],[17.9925,45.8824],[18.0039,45.8835],[17.994,45.8912],[17.9626,45.8929],[17.9573,45.8844],[17.9825,45.8731]]],[[[17.9844,45.8703],[17.9898,45.8769],[17.9818,45.8721],[17.9844,45.8703]]],[[[17.8113,45.882],[17.8184,45.8894],[17.8122,45.896],[17.8444,45.8906],[17.8537,45.8922],[17.8528,45.9006],[17.8251,45.8986],[17.8459,45.9088],[17.8404,45.9149],[17.8268,45.9161],[17.8118,45.9098],[17.8005,45.9143],[17.7999,45.9206],[17.7942,45.9199],[17.7917,45.9252],[17.7914,45.9216],[17.7766,45.9181],[17.759,45.9189],[17.7525,45.9203],[17.7499,45.9324],[17.7416,45.9327],[17.7474,45.9244],[17.739,45.9233],[17.7475,45.921],[17.7415,45.9153],[17.7468,45.9142],[17.7517,45.9021],[17.7497,45.9047],[17.7848,45.9042],[17.7895,45.9085],[17.7889,45.9049],[17.7938,45.9107],[17.7998,45.9082],[17.8027,45.9118],[17.8117,45.8965],[17.8032,45.8979],[17.805,45.8922],[17.8162,45.8875],[17.8076,45.8918],[17.8086,45.8855],[17.8041,45.8833],[17.8113,45.882]]],[[[18.0161,45.8624],[18.0371,45.8614],[18.0303,45.8689],[18.043,45.8681],[18.0385,45.8704],[18.0487,45.8821],[18.0443,45.884],[18.057,45.8914],[18.0534,45.8922],[18.0566,45.896],[18.0481,45.8979],[18.0534,45.892],[18.0473,45.8913],[18.0398,45.8956],[18.0385,45.8892],[18.018,45.8801],[18.0043,45.8835],[18.001,45.8796],[18.0135,45.8748],[18.0066,45.8659],[18.0174,45.8661],[18.0161,45.8624]]],[[[17.8256,45.8611],[17.8267,45.8615],[17.8266,45.8625],[17.8256,45.8611]]],[[[17.8247,45.8611],[17.8231,45.866],[17.8283,45.869],[17.8253,45.873],[17.8209,45.8657],[17.8247,45.8611]]],[[[17.8995,45.8532],[17.902,45.8572],[17.8999,45.8594],[17.8995,45.8532]]],[[[17.8724,45.852],[17.8732,45.8523],[17.8716,45.8542],[17.8724,45.852]]],[[[17.8541,45.8526],[17.8532,45.8558],[17.8504,45.855],[17.8541,45.8526]]],[[[17.859,45.8511],[17.8723,45.8518],[17.8661,45.8569],[17.859,45.8511]]],[[[17.6829,45.8638],[17.6878,45.8683],[17.6948,45.8667],[17.6871,45.8699],[17.6829,45.8638]]],[[[17.8925,45.8466],[17.9024,45.8472],[17.8996,45.8594],[17.8701,45.8566],[17.8749,45.8509],[17.8904,45.8529],[17.8925,45.8466]]],[[[17.693,45.858],[17.7031,45.8682],[17.7278,45.8645],[17.7339,45.8677],[17.7269,45.8713],[17.7394,45.8777],[17.7281,45.8817],[17.7274,45.8725],[17.7292,45.8784],[17.7227,45.8868],[17.7151,45.8835],[17.7172,45.875],[17.7149,45.8836],[17.6909,45.8856],[17.6877,45.883],[17.6912,45.8784],[17.6859,45.8782],[17.6951,45.8667],[17.693,45.858]],[[17.7136,45.8671],[17.7124,45.8678],[17.7122,45.8691],[17.7136,45.8671]],[[17.7106,45.8716],[17.7092,45.8722],[17.7094,45.8737],[17.7106,45.8716]]],[[[17.6917,45.8578],[17.6904,45.8627],[17.6838,45.8616],[17.6908,45.8618],[17.6917,45.8578]]],[[[17.9713,45.8357],[17.9767,45.8425],[17.9664,45.847],[17.9646,45.8427],[17.9713,45.8357]]],[[[17.8533,45.8434],[17.8595,45.8471],[17.8545,45.8523],[17.8533,45.8434]]],[[[17.9898,45.8308],[18.0065,45.8296],[18.0207,45.8327],[18.0219,45.8375],[18.0074,45.8442],[18.0057,45.8521],[18.0039,45.8444],[17.9861,45.845],[17.9744,45.8402],[17.9741,45.8368],[17.99,45.8341],[17.9898,45.8308]]],[[[18.0036,45.8295],[18.0073,45.83],[18.0036,45.8301],[18.0036,45.8295]]],[[[17.8074,45.8422],[17.8069,45.8432],[17.8061,45.8426],[17.8074,45.8422]]],[[[17.8049,45.8418],[17.8035,45.8498],[17.8128,45.8576],[17.8258,45.8564],[17.8268,45.8611],[17.8149,45.8619],[17.8128,45.8576],[17.8074,45.8628],[17.7853,45.863],[17.7895,45.8577],[17.7866,45.8531],[17.8049,45.8418]]],[[[17.8386,45.8383],[17.8527,45.8448],[17.8541,45.8524],[17.8362,45.8524],[17.8386,45.8383]]],[[[17.789,45.8357],[17.8048,45.8417],[17.7919,45.8435],[17.786,45.8393],[17.789,45.8357]]],[[[17.8194,45.8304],[17.8184,45.8374],[17.8075,45.8421],[17.8009,45.8364],[17.8194,45.8304]]],[[[17.8286,45.8285],[17.8186,45.8375],[17.8195,45.8319],[17.8286,45.8285]]],[[[17.8379,45.8239],[17.8394,45.8265],[17.8322,45.8294],[17.8379,45.8239]]],[[[17.8362,45.821],[17.8379,45.8239],[17.8296,45.83],[17.8362,45.821]]],[[[17.8482,45.8137],[17.8522,45.8236],[17.843,45.8187],[17.8367,45.8208],[17.8352,45.8153],[17.8482,45.8137]]]]},"properties":{"code":"HUDD20008","name":"Orm\u00e1ns\u00e1gi erd\u0151k","country":"Hungary","designation":"SAC","area_ha":10528.6}},{"type":"Feature","geometry":{"type":"MultiPolygon","coordinates":[[[[18.5943,46.0545],[18.5992,46.0569],[18.5971,46.0651],[18.5838,46.0642],[18.5943,46.0545]]],[[[18.5828,46.0428],[18.5898,46.0435],[18.5877,46.0467],[18.5934,46.051],[18.589,46.0532],[18.595,46.0537],[18.5838,46.0636],[18.5728,46.0567],[18.5828,46.0428]]]]},"properties":{"code":"HUDD20067","name":"Sz\u00e9kelyszabari erd\u0151","country":"Hungary","designation":"SAC","area_ha":287.5}},{"type":"Feature","geometry":{"type":"MultiPolygon","coordinates":[[[[18.2097,46.0425],[18.2124,46.0435],[18.2112,46.0464],[18.2097,46.0425]]],[[[18.1855,46.0441],[18.1662,46.0506],[18.1569,46.0567],[18.1598,46.0607],[18.1548,46.0599],[18.1548,46.0526],[18.1855,46.0441]]],[[[18.1645,46.0437],[18.1716,46.0445],[18.1656,46.0458],[18.1645,46.0437]]],[[[18.1745,46.0402],[18.1745,46.0403],[18.1742,46.0403],[18.1745,46.0402]]],[[[18.1754,46.0395],[18.1829,46.0431],[18.1645,46.0436],[18.1754,46.0395]]],[[[18.1231,46.0383],[18.142,46.0529],[18.1546,46.0545],[18.1546,46.0594],[18.1282,46.0555],[18.1231,46.0383]]],[[[18.2549,46.0262],[18.2614,46.0294],[18.2534,46.0363],[18.2497,46.0313],[18.2549,46.0262]]],[[[18.1942,46.028],[18.1922,46.0438],[18.1758,46.0394],[18.1866,46.0344],[18.1867,46.0401],[18.1942,46.028]],[[18.1933,46.0365],[18.1904,46.0399],[18.1931,46.0407],[18.1933,46.0365]],[[18.1909,46.0387],[18.191,46.0389],[18.1911,46.0388],[18.1909,46.0387]]],[[[18.0985,46.0055],[18.1191,46.0278],[18.1161,46.0293],[18.0985,46.0055]]]]},"properties":{"code":"HUDD20066","name":"P\u00e9csi-s\u00edk","country":"Hungary","designation":"SAC","area_ha":505.1}},{"type":"Feature","geometry":{"type":"MultiPolygon","coordinates":[[[[18.7688,46.0717],[18.7684,46.0721],[18.7682,46.0721],[18.7688,46.0717]]],[[[18.8178,46.0654],[18.8144,46.0703],[18.8239,46.0741],[18.8086,46.0717],[18.8178,46.0654]]],[[[18.8185,46.0484],[18.8216,46.054],[18.8165,46.0652],[18.8185,46.0484]]],[[[18.8446,46.0384],[18.8677,46.046],[18.8747,46.0417],[18.881,46.0561],[18.8879,46.0563],[18.879,46.0565],[18.8739,46.0423],[18.8661,46.0546],[18.8446,46.052],[18.839,46.0587],[18.8416,46.0739],[18.8345,46.088],[18.8473,46.093],[18.8533,46.0837],[18.8814,46.0962],[18.8634,46.0928],[18.8552,46.0847],[18.8461,46.0938],[18.8335,46.0881],[18.8407,46.0544],[18.8488,46.0502],[18.8628,46.0533],[18.8355,46.0463],[18.8446,46.0384]]],[[[18.8122,46.0375],[18.8189,46.0482],[18.8098,46.0502],[18.808,46.0446],[18.8171,46.0429],[18.8122,46.0375]]],[[[18.8225,46.033],[18.8208,46.0337],[18.8208,46.0336],[18.8225,46.033]]],[[[18.8232,46.0329],[18.8376,46.0411],[18.836,46.0456],[18.8197,46.0343],[18.8232,46.0329]]],[[[18.8205,46.0323],[18.8231,46.0329],[18.8183,46.0337],[18.8205,46.0323]]],[[[18.7694,45.9973],[18.7703,45.998],[18.7685,46.0009],[18.7694,45.9973]]],[[[18.7506,45.9987],[18.7392,46.0072],[18.7421,45.9995],[18.7506,45.9987]]],[[[18.7506,45.9979],[18.7527,45.9993],[18.7492,45.9989],[18.7506,45.9979]]],[[[18.7698,45.9937],[18.7704,45.9973],[18.7693,45.9939],[18.7698,45.9937]]],[[[18.7727,45.9923],[18.7773,46.0014],[18.7718,46.0111],[18.755,46.0141],[18.7405,46.0078],[18.7673,46.0092],[18.7717,46.0058],[18.7636,46.0074],[18.7727,45.9923]]],[[[18.7839,45.9653],[18.7843,45.9669],[18.7824,45.9669],[18.7839,45.9653]]],[[[18.8575,45.9459],[18.8579,45.9463],[18.8574,45.9461],[18.8575,45.9459]]],[[[18.6787,45.9407],[18.6828,45.941],[18.6824,45.9416],[18.6787,45.9407]]],[[[18.6604,45.93],[18.6805,45.9323],[18.6785,45.9412],[18.6696,45.9411],[18.6604,45.93]]],[[[18.84,45.9093],[18.8416,45.9094],[18.8368,45.9103],[18.84,45.9093]]],[[[18.6626,45.9169],[18.6747,45.9182],[18.6688,45.9308],[18.6603,45.9299],[18.6626,45.9169]]],[[[18.6757,45.9152],[18.6748,45.9182],[18.6729,45.918],[18.6757,45.9152]]],[[[18.6696,45.9107],[18.6758,45.915],[18.6627,45.9169],[18.6696,45.9107]]],[[[18.7973,45.8864],[18.8017,45.8866],[18.8023,45.8869],[18.7973,45.8864]]],[[[18.8564,45.9431],[18.8112,45.9657],[18.8176,45.9667],[18.7977,45.9678],[18.7944,45.972],[18.7996,45.9663],[18.8106,45.9656],[18.7999,45.9646],[18.8073,45.9606],[18.8143,45.9647],[18.7885,45.9542],[18.7768,45.9707],[18.7318,45.9774],[18.7026,45.9976],[18.6993,45.9962],[18.702,45.9933],[18.6986,45.9948],[18.695,45.9991],[18.7022,45.9978],[18.6904,46.0111],[18.6957,46.0224],[18.7109,46.0333],[18.738,46.0389],[18.748,46.0493],[18.7674,46.058],[18.7672,46.0806],[18.7727,46.0917],[18.8004,46.0998],[18.8078,46.1079],[18.8207,46.1089],[18.7803,46.1088],[18.7659,46.0961],[18.7526,46.0675],[18.7218,46.0536],[18.6829,46.0267],[18.6803,46.0125],[18.6871,46.0003],[18.7062,45.9775],[18.7322,45.961],[18.716,45.9485],[18.723,45.9432],[18.7047,45.927],[18.7049,45.9181],[18.7177,45.9072],[18.7502,45.9003],[18.7605,45.8931],[18.7602,45.8886],[18.7735,45.8878],[18.7884,45.8788],[18.8089,45.8795],[18.8126,45.8908],[18.8072,45.9032],[18.8216,45.9146],[18.8276,45.9048],[18.8682,45.9112],[18.8646,45.9205],[18.8791,45.9164],[18.9078,45.9385],[18.8974,45.9447],[18.8644,45.9446],[18.858,45.9507],[18.8639,45.9444],[18.8582,45.9422],[18.8551,45.9494],[18.8429,45.9565],[18.8503,45.9636],[18.8419,45.9605],[18.8429,45.9544],[18.8564,45.9431]],[[18.8564,45.9431],[18.8566,45.9432],[18.857,45.9433],[18.8564,45.9431]],[[18.7913,45.8794],[18.7933,45.882],[18.7671,45.8913],[18.7601,45.8902],[18.7571,45.8969],[18.7498,45.899],[18.7576,45.9143],[18.7727,45.9195],[18.774,45.902],[18.7838,45.8979],[18.8001,45.8994],[18.794,45.8937],[18.8071,45.8889],[18.8009,45.8906],[18.798,45.8873],[18.8045,45.887],[18.7913,45.8794]],[[18.7299,45.9034],[18.7222,45.9055],[18.7138,45.9103],[18.7299,45.9034]],[[18.7106,45.9125],[18.7094,45.9133],[18.7084,45.9145],[18.7106,45.9125]],[[18.8281,45.906],[18.8096,45.9239],[18.8094,45.9302],[18.8525,45.9415],[18.8609,45.9357],[18.8679,45.9392],[18.8654,45.9409],[18.8752,45.9371],[18.8617,45.9252],[18.864,45.9132],[18.8512,45.9162],[18.8586,45.9107],[18.8449,45.9115],[18.8382,45.9071],[18.8315,45.9115],[18.8263,45.9097],[18.8281,45.906]],[[18.7046,45.921],[18.705,45.9214],[18.7051,45.9211],[18.7046,45.921]],[[18.8038,45.9264],[18.8033,45.9267],[18.8038,45.9271],[18.8038,45.9264]],[[18.706,45.9906],[18.7015,45.9931],[18.702,45.9937],[18.706,45.9906]]]]},"properties":{"code":"HUDD20045","name":"B\u00e9da-Karapancsa","country":"Hungary","designation":"SAC","area_ha":10794.5}},{"type":"Feature","geometry":{"type":"MultiPolygon","coordinates":[[[[18.3458,46.2654],[18.3516,46.2682],[18.3413,46.2673],[18.3458,46.2654]]],[[[18.3336,46.266],[18.3337,46.2665],[18.3334,46.2665],[18.3336,46.266]]],[[[18.3444,46.2641],[18.3458,46.2654],[18.3423,46.2664],[18.3444,46.2641]]],[[[18.3312,46.2648],[18.3335,46.2663],[18.3301,46.2664],[18.3312,46.2648]]],[[[18.3428,46.2571],[18.3412,46.2668],[18.3383,46.2601],[18.3428,46.2571]]],[[[18.4656,46.2331],[18.467,46.233],[18.467,46.2341],[18.4656,46.2331]]],[[[18.4701,46.2289],[18.4722,46.2296],[18.4715,46.2304],[18.4701,46.2289]]],[[[18.4329,46.2311],[18.4355,46.2314],[18.4316,46.2313],[18.4329,46.2311]]],[[[18.278,46.2418],[18.286,46.2432],[18.2897,46.252],[18.2571,46.2663],[18.2466,46.285],[18.2319,46.292],[18.2274,46.289],[18.2391,46.2853],[18.2332,46.2722],[18.244,46.2712],[18.2404,46.272],[18.2517,46.2539],[18.2716,46.2486],[18.278,46.2418]],[[18.2544,46.257],[18.254,46.2573],[18.2545,46.2576],[18.2544,46.257]]],[[[18.4425,46.2287],[18.4419,46.2297],[18.4414,46.2295],[18.4425,46.2287]]],[[[18.4456,46.2256],[18.4415,46.2306],[18.4355,46.2315],[18.4456,46.2256]]],[[[18.4455,46.2254],[18.4455,46.2255],[18.4454,46.2255],[18.4455,46.2254]]],[[[18.4458,46.2252],[18.4454,46.227],[18.443,46.2282],[18.4458,46.2252]]],[[[18.4499,46.2238],[18.4714,46.2304],[18.4416,46.2305],[18.4499,46.2238]],[[18.4496,46.2268],[18.4496,46.2268],[18.4496,46.2268],[18.4496,46.2268]],[[18.4498,46.2268],[18.45,46.2269],[18.4503,46.227],[18.4498,46.2268]],[[18.4603,46.2303],[18.4606,46.2309],[18.461,46.2304],[18.4603,46.2303]],[[18.4653,46.2313],[18.4654,46.2313],[18.4654,46.2313],[18.4653,46.2313]],[[18.4689,46.2321],[18.4689,46.2321],[18.4689,46.2322],[18.4689,46.2321]]],[[[18.2605,46.2376],[18.2614,46.2377],[18.2601,46.2387],[18.2605,46.2376]]],[[[18.2645,46.2342],[18.2639,46.2372],[18.2613,46.2376],[18.2645,46.2342]]],[[[18.2706,46.2303],[18.2698,46.2325],[18.2622,46.2375],[18.2706,46.2303]]],[[[18.2741,46.2145],[18.2769,46.2172],[18.2743,46.2156],[18.2741,46.2145]]],[[[18.3121,46.1883],[18.32,46.1864],[18.3201,46.1918],[18.3054,46.1961],[18.2998,46.2039],[18.3015,46.2119],[18.3,46.204],[18.3054,46.1964],[18.3203,46.1919],[18.3183,46.1859],[18.323,46.1827],[18.3189,46.1797],[18.3252,46.1718],[18.339,46.1691],[18.3414,46.1733],[18.3554,46.1715],[18.3626,46.1754],[18.3621,46.1709],[18.3823,46.1681],[18.3833,46.1622],[18.393,46.1631],[18.3903,46.165],[18.4072,46.1669],[18.4012,46.1837],[18.4067,46.1874],[18.4173,46.1769],[18.4224,46.1789],[18.4254,46.1685],[18.4291,46.1799],[18.4189,46.1836],[18.4437,46.1936],[18.4498,46.1898],[18.4551,46.2118],[18.4396,46.2127],[18.4335,46.2078],[18.4395,46.2127],[18.4317,46.22],[18.4396,46.2127],[18.4513,46.2109],[18.4644,46.2171],[18.4557,46.2199],[18.451,46.2144],[18.4509,46.2221],[18.4375,46.2252],[18.4399,46.2278],[18.4355,46.2314],[18.424,46.2288],[18.4535,46.2432],[18.445,46.247],[18.4265,46.2385],[18.4316,46.2435],[18.4166,46.2507],[18.4211,46.2513],[18.4197,46.2571],[18.4139,46.252],[18.4084,46.2534],[18.4157,46.2524],[18.4189,46.2568],[18.4095,46.2587],[18.4059,46.2521],[18.4076,46.2619],[18.4046,46.258],[18.3987,46.2642],[18.3999,46.2605],[18.3911,46.254],[18.3935,46.2589],[18.3785,46.258],[18.3734,46.2523],[18.3917,46.258],[18.3734,46.2523],[18.3726,46.2474],[18.3708,46.2519],[18.3516,46.2525],[18.3569,46.2582],[18.3632,46.2566],[18.3686,46.2649],[18.3606,46.2629],[18.362,46.2684],[18.3462,46.2658],[18.3367,46.2511],[18.3428,46.2571],[18.3383,46.26],[18.3404,46.268],[18.3308,46.2645],[18.3344,46.2583],[18.3273,46.2671],[18.3219,46.2607],[18.3323,46.2478],[18.3075,46.2359],[18.3117,46.2366],[18.307,46.234],[18.31,46.233],[18.3013,46.2119],[18.2949,46.2172],[18.299,46.2289],[18.2906,46.2292],[18.293,46.222],[18.2741,46.2145],[18.2773,46.2092],[18.2795,46.218],[18.2758,46.2048],[18.2803,46.1998],[18.2944,46.2054],[18.2949,46.1975],[18.3121,46.1883]],[[18.3121,46.1883],[18.3125,46.1886],[18.3126,46.1882],[18.3121,46.1883]],[[18.3763,46.1779],[18.3515,46.1801],[18.3763,46.1869],[18.3763,46.1779]],[[18.3548,46.185],[18.3551,46.1975],[18.3494,46.202],[18.3551,46.1975],[18.3548,46.185]],[[18.3578,46.187],[18.3635,46.1915],[18.3697,46.1887],[18.3578,46.187]],[[18.3021,46.1999],[18.3004,46.202],[18.3029,46.2002],[18.3021,46.1999]],[[18.3823,46.202],[18.3838,46.2038],[18.3864,46.2062],[18.3823,46.202]],[[18.3658,46.2047],[18.3677,46.2082],[18.3627,46.2096],[18.3668,46.2144],[18.3795,46.2103],[18.3658,46.2047]],[[18.389,46.2136],[18.3858,46.2139],[18.4077,46.2254],[18.4163,46.2201],[18.4027,46.2212],[18.389,46.2136]],[[18.3645,46.2189],[18.3594,46.2252],[18.3607,46.228],[18.3645,46.2189]],[[18.3207,46.2239],[18.3217,46.2279],[18.3222,46.2247],[18.3207,46.2239]],[[18.4254,46.221],[18.4272,46.222],[18.427,46.2216],[18.4254,46.221]],[[18.434,46.2214],[18.4338,46.2224],[18.4363,46.2241],[18.434,46.2214]],[[18.436,46.2243],[18.4349,46.2251],[18.4358,46.2247],[18.436,46.2243]],[[18.3682,46.251],[18.3682,46.2512],[18.3686,46.2511],[18.3682,46.251]],[[18.3633,46.2598],[18.363,46.2604],[18.3636,46.2604],[18.3633,46.2598]]],[[[18.2267,46.1594],[18.2297,46.1607],[18.2255,46.1597],[18.2267,46.1594]]],[[[18.2508,46.1371],[18.2761,46.1447],[18.2909,46.1608],[18.276,46.1663],[18.2611,46.1631],[18.2745,46.1599],[18.259,46.1632],[18.2385,46.158],[18.2431,46.1565],[18.2438,46.1471],[18.2495,46.1467],[18.2508,46.1371]],[[18.2727,46.1439],[18.2725,46.1441],[18.2733,46.1441],[18.2727,46.1439]],[[18.2495,46.1581],[18.2461,46.1595],[18.2491,46.1586],[18.2495,46.1581]],[[18.2654,46.1588],[18.2651,46.1611],[18.2659,46.1604],[18.2654,46.1588]],[[18.2553,46.162],[18.2551,46.1622],[18.2551,46.1622],[18.2553,46.162]],[[18.2899,46.1599],[18.2894,46.1603],[18.2901,46.1606],[18.2899,46.1599]]],[[[18.0127,46.1515],[18.0107,46.1585],[18.01,46.1546],[18.0127,46.1515]]],[[[18.1099,46.1406],[18.1121,46.1417],[18.1109,46.1425],[18.1099,46.1406]]],[[[18.0174,46.1465],[18.0164,46.1494],[18.0156,46.1487],[18.0174,46.1465]]],[[[18.0592,46.142],[18.0595,46.151],[18.0547,46.1458],[18.0592,46.142]]],[[[18.104,46.1378],[18.1086,46.1397],[18.11,46.1409],[18.104,46.1378]]],[[[18.1026,46.1372],[18.104,46.1378],[18.1033,46.138],[18.1026,46.1372]]],[[[18.0236,46.1429],[18.0122,46.1512],[18.0159,46.1469],[18.0236,46.1429]]],[[[18.0247,46.1425],[18.0263,46.1467],[18.0234,46.1437],[18.0247,46.1425]]],[[[18.0596,46.1391],[18.067,46.152],[18.0781,46.1535],[18.0654,46.1534],[18.0596,46.1391]]],[[[18.0505,46.1372],[18.0583,46.1393],[18.0524,46.1386],[18.0505,46.1372]]],[[[18.0096,46.1253],[18.0113,46.1257],[18.0089,46.126],[18.0096,46.1253]]],[[[18.0055,46.1244],[18.0091,46.1256],[18.0088,46.126],[18.0055,46.1244]]],[[[18.0059,46.123],[18.0096,46.125],[18.0065,46.124],[18.0059,46.123]]],[[[18.1469,46.109],[18.1473,46.1128],[18.1458,46.1148],[18.1469,46.109]]],[[[18.1904,46.105],[18.1911,46.1062],[18.1903,46.1063],[18.1904,46.105]]],[[[18.2312,46.1007],[18.2317,46.1016],[18.2307,46.1009],[18.2312,46.1007]]],[[[18.1836,46.1036],[18.1846,46.1061],[18.1832,46.1056],[18.1836,46.1036]]],[[[18.1938,46.1023],[18.194,46.1062],[18.1922,46.1027],[18.1938,46.1023]]],[[[18.1917,46.1024],[18.1939,46.1062],[18.19,46.1042],[18.1917,46.1024]]],[[[18.1891,46.102],[18.186,46.1109],[18.1905,46.1063],[18.1959,46.1122],[18.1923,46.1218],[18.1853,46.119],[18.1847,46.1061],[18.1866,46.109],[18.1891,46.102]]],[[[18.1891,46.102],[18.1872,46.1075],[18.187,46.1026],[18.1891,46.102]]],[[[18.2184,46.0986],[18.2176,46.0997],[18.2169,46.0994],[18.2184,46.0986]],[[18.2177,46.0993],[18.2173,46.0994],[18.2174,46.0995],[18.2177,46.0993]]],[[[18.1851,46.101],[18.1866,46.109],[18.1836,46.1035],[18.1851,46.101]]],[[[18.1853,46.1009],[18.187,46.1027],[18.187,46.1035],[18.1853,46.1009]]],[[[18.185,46.1007],[18.1832,46.1054],[18.1822,46.1011],[18.185,46.1007]]],[[[18.2207,46.0976],[18.2239,46.0981],[18.2167,46.0988],[18.2207,46.0976]],[[18.2185,46.0981],[18.2185,46.0981],[18.2185,46.0981],[18.2185,46.0981]]],[[[18.2254,46.0932],[18.2265,46.1004],[18.219,46.0978],[18.2254,46.0932]],[[18.2242,46.0961],[18.2241,46.0965],[18.2246,46.0966],[18.2242,46.0961]]],[[[18.1804,46.0966],[18.1797,46.106],[18.1749,46.1061],[18.1804,46.0966]]],[[[18.2125,46.094],[18.2128,46.094],[18.2106,46.0958],[18.2125,46.094]]],[[[18.1807,46.0965],[18.1823,46.0971],[18.1794,46.0987],[18.1807,46.0965]]],[[[18.2136,46.0933],[18.2019,46.101],[18.2022,46.0984],[18.2136,46.0933]]],[[[18.0526,46.1028],[18.0574,46.1077],[18.0489,46.1168],[18.0368,46.1153],[18.0328,46.1217],[18.0388,46.1247],[18.0358,46.1262],[18.0274,46.1227],[18.03,46.1122],[18.0504,46.1107],[18.0441,46.1074],[18.0262,46.1116],[18.0288,46.1066],[18.0245,46.1073],[18.0526,46.1028]],[[18.0296,46.1228],[18.0295,46.123],[18.0298,46.123],[18.0296,46.1228]],[[18.0294,46.1229],[18.0308,46.1239],[18.031,46.1236],[18.0294,46.1229]],[[18.0308,46.1233],[18.0307,46.1234],[18.0311,46.1235],[18.0308,46.1233]]],[[[18.1183,46.0957],[18.1174,46.0973],[18.1172,46.0959],[18.1183,46.0957]]],[[[18.1181,46.0949],[18.1204,46.0958],[18.1185,46.0967],[18.1181,46.0949]]],[[[18.1258,46.0909],[18.1261,46.0915],[18.1255,46.092],[18.1258,46.0909]]],[[[17.9867,46.0825],[17.9872,46.0855],[17.9868,46.0845],[17.9867,46.0825]]],[[[18.2313,46.0997],[18.2308,46.1081],[18.2147,46.1112],[18.2173,46.1247],[18.213,46.1221],[18.2243,46.1246],[18.2322,46.1337],[18.2515,46.1332],[18.2492,46.1465],[18.2435,46.1466],[18.2429,46.1563],[18.2344,46.1603],[18.2254,46.1595],[18.2301,46.1561],[18.2215,46.1603],[18.2113,46.1555],[18.2121,46.1606],[18.1964,46.1584],[18.1888,46.1369],[18.1944,46.146],[18.1899,46.1564],[18.1805,46.154],[18.1688,46.1603],[18.156,46.1595],[18.1528,46.1547],[18.1585,46.1481],[18.1545,46.1455],[18.1636,46.1415],[18.1552,46.1303],[18.1555,46.1342],[18.1461,46.1313],[18.1375,46.1401],[18.1229,46.1362],[18.1086,46.1396],[18.104,46.1378],[18.11,46.1337],[18.124,46.1342],[18.1109,46.1334],[18.104,46.1378],[18.0988,46.1339],[18.1106,46.1415],[18.1093,46.1494],[18.0935,46.146],[18.0854,46.1541],[18.0722,46.1519],[18.0648,46.1489],[18.0613,46.1366],[18.0537,46.1365],[18.057,46.1339],[18.0491,46.1241],[18.07,46.1293],[18.0784,46.1247],[18.0699,46.1293],[18.0331,46.1224],[18.0369,46.1155],[18.0492,46.1169],[18.0676,46.0972],[18.1098,46.105],[18.1091,46.0981],[18.1146,46.0982],[18.1141,46.0933],[18.1147,46.102],[18.1358,46.0851],[18.1454,46.0876],[18.134,46.0801],[18.1412,46.0841],[18.152,46.0776],[18.1567,46.0819],[18.1406,46.0744],[18.1435,46.07],[18.1749,46.0792],[18.1827,46.0857],[18.1744,46.1056],[18.18,46.1096],[18.1846,46.1069],[18.1846,46.1154],[18.1721,46.1245],[18.1842,46.1167],[18.1849,46.1115],[18.1877,46.1157],[18.1801,46.1219],[18.1928,46.1218],[18.1935,46.1162],[18.1981,46.1219],[18.1906,46.1063],[18.1949,46.1046],[18.1966,46.1113],[18.1983,46.1003],[18.2021,46.0985],[18.1975,46.1033],[18.2011,46.1047],[18.2136,46.0933],[18.2167,46.0934],[18.2105,46.0965],[18.2253,46.0932],[18.2155,46.1],[18.2266,46.1005],[18.2274,46.0947],[18.2309,46.099],[18.2274,46.0881],[18.2371,46.0884],[18.2313,46.0997]],[[18.2313,46.0997],[18.2312,46.0997],[18.2313,46.0997],[18.2313,46.0997]],[[18.1353,46.0805],[18.1349,46.0806],[18.1351,46.0808],[18.1353,46.0805]],[[18.1406,46.0871],[18.1405,46.0873],[18.141,46.0873],[18.1406,46.0871]],[[18.1513,46.0864],[18.1469,46.0884],[18.1558,46.0871],[18.1513,46.0864]],[[18.1727,46.0883],[18.1724,46.0889],[18.1733,46.0891],[18.1727,46.0883]],[[18.1826,46.0876],[18.1825,46.0877],[18.1826,46.0878],[18.1826,46.0876]],[[18.1822,46.0879],[18.1821,46.0881],[18.1823,46.0882],[18.1822,46.0879]],[[18.1649,46.0893],[18.1646,46.0894],[18.1671,46.09],[18.1649,46.0893]],[[18.0765,46.098],[18.0758,46.0983],[18.0769,46.0985],[18.0765,46.098]],[[18.1431,46.0931],[18.1431,46.0932],[18.1431,46.0941],[18.1431,46.0931]],[[18.1379,46.0937],[18.1276,46.0997],[18.1419,46.0946],[18.1379,46.0937]],[[18.1518,46.0954],[18.1504,46.0956],[18.1522,46.0954],[18.1518,46.0954]],[[18.157,46.0953],[18.1579,46.0954],[18.1594,46.0953],[18.157,46.0953]],[[18.1791,46.0938],[18.1789,46.0944],[18.1798,46.094],[18.1791,46.0938]],[[18.2306,46.0909],[18.2302,46.091],[18.2321,46.091],[18.2306,46.0909]],[[18.1773,46.0956],[18.1763,46.0973],[18.1773,46.0976],[18.1773,46.0956]],[[18.0724,46.1041],[18.0721,46.105],[18.074,46.1053],[18.0724,46.1041]],[[18.2262,46.0933],[18.2262,46.0933],[18.2262,46.0933],[18.2262,46.0933]],[[18.1418,46.1024],[18.1475,46.1057],[18.1535,46.1062],[18.1418,46.1024]],[[18.1662,46.1021],[18.1645,46.1052],[18.1667,46.1029],[18.1662,46.1021]],[[18.2115,46.0991],[18.2105,46.1017],[18.2119,46.1],[18.2115,46.0991]],[[18.2138,46.0993],[18.2138,46.0993],[18.214,46.0993],[18.2138,46.0993]],[[18.2121,46.1],[18.2119,46.1002],[18.2121,46.1002],[18.2121,46.1]],[[18.1119,46.1086],[18.1083,46.1129],[18.1119,46.1109],[18.1119,46.1086]],[[18.1137,46.1098],[18.1103,46.1132],[18.1144,46.1122],[18.1137,46.1098]],[[18.1356,46.109],[18.1324,46.1112],[18.1349,46.1136],[18.1356,46.109]],[[18.147,46.1089],[18.1457,46.1149],[18.1483,46.1121],[18.147,46.1089]],[[18.203,46.1086],[18.2025,46.1089],[18.2032,46.1088],[18.203,46.1086]],[[18.2037,46.1087],[18.2022,46.1106],[18.2036,46.1106],[18.2037,46.1087]],[[18.0894,46.1178],[18.0944,46.1218],[18.0945,46.119],[18.0894,46.1178]],[[18.1993,46.111],[18.1975,46.1118],[18.1993,46.1122],[18.1993,46.111]],[[18.1108,46.1181],[18.111,46.1239],[18.1122,46.1224],[18.1108,46.1181]],[[18.0543,46.1274],[18.0583,46.1332],[18.0596,46.1314],[18.0543,46.1274]],[[18.213,46.1166],[18.2139,46.1186],[18.2144,46.1173],[18.213,46.1166]],[[18.2041,46.1184],[18.2012,46.1214],[18.2041,46.1208],[18.2041,46.1184]],[[18.1812,46.1233],[18.1812,46.1237],[18.1816,46.1235],[18.1812,46.1233]],[[18.0591,46.1344],[18.0588,46.136],[18.061,46.1355],[18.0591,46.1344]],[[18.1892,46.1279],[18.1894,46.1294],[18.1908,46.1314],[18.1892,46.1279]],[[18.1372,46.1322],[18.1424,46.1342],[18.1418,46.1327],[18.1372,46.1322]],[[18.1987,46.1297],[18.1966,46.1318],[18.1945,46.135],[18.1987,46.1297]],[[18.1663,46.1502],[18.1643,46.1538],[18.1703,46.1513],[18.1643,46.1538],[18.1663,46.1502]],[[18.1543,46.1525],[18.1543,46.1526],[18.1544,46.1525],[18.1543,46.1525]],[[18.155,46.1572],[18.157,46.1581],[18.1622,46.1569],[18.155,46.1572]],[[18.2158,46.1585],[18.2152,46.1587],[18.2156,46.1591],[18.2158,46.1585]],[[18.224,46.1589],[18.2238,46.1592],[18.2242,46.159],[18.224,46.1589]]],[[[18.134,46.0691],[18.1365,46.0692],[18.1371,46.0715],[18.134,46.0691]]],[[[17.9836,46.0793],[17.9865,46.0857],[17.9845,46.0862],[17.9836,46.0793]]],[[[18.1364,46.0674],[18.1424,46.0697],[18.1422,46.0732],[18.1364,46.0674]]],[[[17.9839,46.0673],[17.9876,46.0722],[17.9874,46.0847],[17.9839,46.0673]]],[[[17.9949,46.0634],[17.9965,46.0662],[17.9937,46.0638],[17.9949,46.0634]]],[[[17.9909,46.0616],[17.996,46.066],[17.9949,46.0664],[17.9909,46.0616]]],[[[17.9909,46.0607],[17.9947,46.0631],[17.9934,46.0636],[17.9909,46.0607]]]]},"properties":{"code":"HUDD10007","name":"Mecsek","country":"Hungary","designation":"SPA","area_ha":20632.1}},{"type":"Feature","geometry":{"type":"MultiPolygon","coordinates":[[[[18.7493,45.9989],[18.7524,46.0],[18.7394,46.0071],[18.7415,46.0014],[18.7493,45.9989]]],[[[18.7727,45.9923],[18.7773,46.0014],[18.7718,46.0111],[18.755,46.0141],[18.7405,46.0078],[18.7673,46.0092],[18.7717,46.0058],[18.7636,46.0074],[18.7727,45.9923]]],[[[18.6604,45.93],[18.6731,45.9315],[18.6707,45.942],[18.6815,45.9452],[18.6633,45.939],[18.6604,45.93]]],[[[18.7436,45.9007],[18.7574,45.9089],[18.7311,45.9096],[18.7261,45.93],[18.7055,45.9289],[18.7043,45.9213],[18.7107,45.9125],[18.7436,45.9007]]],[[[18.791,45.8782],[18.8089,45.8795],[18.8126,45.8908],[18.8072,45.9032],[18.8216,45.9146],[18.8282,45.9049],[18.8197,45.9175],[18.8044,45.9265],[18.8168,45.9347],[18.8533,45.9416],[18.8609,45.9357],[18.8679,45.9392],[18.8654,45.9409],[18.8731,45.9382],[18.8758,45.9344],[18.8617,45.9252],[18.8657,45.911],[18.8646,45.9205],[18.8791,45.9164],[18.9075,45.9385],[18.8966,45.9446],[18.8582,45.9422],[18.8551,45.9493],[18.8429,45.9565],[18.8506,45.9633],[18.8422,45.9562],[18.857,45.9433],[18.8405,45.9534],[18.825,45.9566],[18.8176,45.9667],[18.7977,45.9678],[18.7945,45.972],[18.7982,45.964],[18.8075,45.9606],[18.8143,45.9647],[18.8073,45.9605],[18.8001,45.9634],[18.7925,45.9577],[18.7731,45.9721],[18.7318,45.9774],[18.698,46.001],[18.6899,46.0152],[18.7118,46.0338],[18.738,46.0389],[18.7347,46.0435],[18.7291,46.0483],[18.7007,46.0333],[18.699,46.0361],[18.6876,46.0312],[18.6801,46.0181],[18.6847,46.0036],[18.7062,45.9775],[18.7322,45.961],[18.716,45.9485],[18.7231,45.9431],[18.7058,45.9287],[18.7263,45.9301],[18.7313,45.9097],[18.7575,45.909],[18.758,45.9147],[18.7728,45.9194],[18.7705,45.9035],[18.7839,45.8978],[18.7974,45.9006],[18.794,45.8937],[18.8108,45.8866],[18.8027,45.886],[18.7964,45.8789],[18.7885,45.8798],[18.7671,45.8913],[18.76,45.8903],[18.7506,45.9005],[18.7221,45.9055],[18.7054,45.9184],[18.6767,45.9153],[18.6687,45.9308],[18.6603,45.9299],[18.6596,45.9188],[18.6696,45.9107],[18.7048,45.9181],[18.7218,45.9052],[18.7502,45.9003],[18.7605,45.8931],[18.7602,45.8886],[18.7735,45.8878],[18.791,45.8782]],[[18.7806,45.9202],[18.7807,45.9212],[18.7817,45.9208],[18.7806,45.9202]],[[18.7579,45.9257],[18.7565,45.9263],[18.758,45.9268],[18.7579,45.9257]],[[18.7535,45.9263],[18.7542,45.9267],[18.7543,45.9264],[18.7535,45.9263]],[[18.8038,45.9264],[18.8033,45.9267],[18.8038,45.9271],[18.8038,45.9264]],[[18.7396,45.9553],[18.7345,45.9559],[18.7476,45.9588],[18.7396,45.9553]],[[18.8957,45.9424],[18.8942,45.9426],[18.8942,45.9429],[18.8957,45.9424]],[[18.7339,45.9562],[18.7366,45.9581],[18.7433,45.9613],[18.7339,45.9562]],[[18.7916,45.9555],[18.7967,45.9583],[18.7939,45.9565],[18.7916,45.9555]],[[18.7284,45.9773],[18.6986,45.9948],[18.6883,46.012],[18.6952,45.9992],[18.7284,45.9773]],[[18.7073,45.9795],[18.7071,45.9795],[18.7106,45.9811],[18.7073,45.9795]]]]},"properties":{"code":"HUDD10004","name":"B\u00e9da-Karapancsa","country":"Hungary","designation":"SPA","area_ha":8719.3}},{"type":"Feature","geometry":{"type":"MultiPolygon","coordinates":[[[[17.9029,46.3608],[17.9071,46.3611],[17.9043,46.3619],[17.9029,46.3608]]],[[[17.8859,46.3452],[17.886,46.3454],[17.8857,46.3454],[17.8859,46.3452]]],[[[17.8888,46.3415],[17.894,46.342],[17.886,46.343],[17.8888,46.3415]]],[[[17.8923,46.325],[17.8953,46.3302],[17.9066,46.3298],[17.9087,46.338],[17.9004,46.335],[17.8987,46.3388],[17.8965,46.3346],[17.8962,46.3414],[17.8858,46.3431],[17.8923,46.325]]],[[[17.8807,46.32],[17.8799,46.3214],[17.8796,46.321],[17.8807,46.32]]],[[[17.9017,46.3183],[17.9026,46.3252],[17.8998,46.3276],[17.9017,46.3183]]],[[[17.9531,46.2919],[17.958,46.2956],[17.9537,46.3],[17.9593,46.3006],[17.9622,46.3082],[17.9536,46.3092],[17.9421,46.2947],[17.9531,46.2919]]],[[[17.7616,46.3017],[17.7703,46.3062],[17.7683,46.3121],[17.765,46.3083],[17.763,46.3111],[17.7616,46.3017]]],[[[17.8186,46.2891],[17.8276,46.2926],[17.8332,46.3028],[17.8217,46.3013],[17.8172,46.3064],[17.8186,46.2891]]],[[[17.8977,46.2758],[17.8832,46.291],[17.8884,46.3253],[17.883,46.2911],[17.8977,46.2758]]],[[[17.6792,46.2896],[17.6808,46.2953],[17.6784,46.2899],[17.6792,46.2896]]],[[[17.8678,46.2674],[17.869,46.2677],[17.8688,46.2681],[17.8678,46.2674]]],[[[17.6672,46.2818],[17.6795,46.2909],[17.6857,46.3086],[17.6825,46.305],[17.6768,46.3078],[17.6739,46.3023],[17.6739,46.3082],[17.6621,46.3087],[17.662,46.2981],[17.6553,46.3037],[17.6508,46.2991],[17.6525,46.2864],[17.6672,46.2818]]],[[[17.8516,46.336],[17.8501,46.3421],[17.841,46.3418],[17.8391,46.3121],[17.8412,46.3318],[17.8321,46.3302],[17.8337,46.3113],[17.8397,46.3106],[17.841,46.2979],[17.8364,46.3036],[17.8303,46.297],[17.8401,46.2819],[17.8358,46.2746],[17.8419,46.27],[17.8389,46.2735],[17.8467,46.2754],[17.8517,46.2681],[17.8505,46.2555],[17.8707,46.2471],[17.8781,46.2536],[17.873,46.2525],[17.8651,46.2666],[17.8745,46.2701],[17.8796,46.2784],[17.8626,46.2709],[17.8679,46.2766],[17.8591,46.2795],[17.8731,46.2903],[17.8849,46.2848],[17.8799,46.2939],[17.8813,46.304],[17.875,46.3082],[17.881,46.311],[17.8778,46.3153],[17.8735,46.3127],[17.8699,46.3245],[17.8779,46.3248],[17.8833,46.3194],[17.8869,46.3265],[17.8843,46.3311],[17.8723,46.3292],[17.8727,46.3347],[17.8642,46.3333],[17.8615,46.3486],[17.865,46.3469],[17.8648,46.3544],[17.8675,46.3512],[17.8589,46.3578],[17.8538,46.3571],[17.8538,46.3452],[17.851,46.3505],[17.8478,46.348],[17.8516,46.336]],[[17.8516,46.336],[17.8525,46.3349],[17.8516,46.336],[17.8516,46.336]]],[[[17.8905,46.2815],[17.9021,46.2764],[17.9023,46.2839],[17.9132,46.2967],[17.9212,46.2946],[17.9231,46.298],[17.9292,46.2882],[17.9193,46.2818],[17.9284,46.2738],[17.9141,46.2795],[17.9182,46.2752],[17.9132,46.271],[17.9214,46.2656],[17.9102,46.2659],[17.9095,46.251],[17.917,46.2463],[17.9264,46.2481],[17.9314,46.238],[17.9337,46.2426],[17.9384,46.2404],[17.9337,46.2352],[17.9399,46.2338],[17.9443,46.2363],[17.944,46.2476],[17.952,46.2465],[17.9549,46.2517],[17.9578,46.249],[17.9538,46.2594],[17.9465,46.255],[17.9526,46.2593],[17.9437,46.2688],[17.9323,46.2624],[17.9487,46.274],[17.9547,46.2732],[17.9481,46.2773],[17.9356,46.2704],[17.9427,46.2779],[17.9396,46.282],[17.9515,46.278],[17.9456,46.2872],[17.9479,46.2933],[17.9396,46.2932],[17.9519,46.3087],[17.9412,46.3089],[17.948,46.3207],[17.9465,46.344],[17.9405,46.3492],[17.9342,46.3362],[17.9252,46.3417],[17.9236,46.3305],[17.931,46.3366],[17.9261,46.3268],[17.9318,46.3191],[17.9207,46.3177],[17.9255,46.3232],[17.9224,46.3404],[17.9144,46.3495],[17.9196,46.3487],[17.9178,46.3631],[17.903,46.3608],[17.8988,46.3534],[17.8891,46.3526],[17.885,46.3464],[17.8904,46.3508],[17.894,46.342],[17.9005,46.346],[17.9012,46.3415],[17.9089,46.3403],[17.9055,46.3456],[17.9089,46.3457],[17.909,46.3537],[17.9132,46.3191],[17.9046,46.3186],[17.9039,46.3286],[17.9017,46.3181],[17.9195,46.3171],[17.9163,46.3152],[17.9271,46.3032],[17.9171,46.3148],[17.894,46.3155],[17.8852,46.292],[17.8905,46.2815]],[[17.8905,46.2815],[17.8902,46.2824],[17.8914,46.2817],[17.8905,46.2815]],[[17.9326,46.243],[17.9319,46.2436],[17.9313,46.2447],[17.9326,46.243]],[[17.9226,46.2484],[17.9222,46.2495],[17.923,46.2492],[17.9226,46.2484]],[[17.9233,46.2484],[17.9248,46.2488],[17.9248,46.2486],[17.9233,46.2484]],[[17.9136,46.3168],[17.9136,46.319],[17.9189,46.3174],[17.9136,46.3168]]],[[[18.0209,46.1962],[18.0219,46.1964],[18.0218,46.1985],[18.0209,46.1962]]],[[[17.9525,46.1886],[17.9482,46.1952],[17.9493,46.1914],[17.9525,46.1886]]],[[[17.904,46.1845],[17.9045,46.1845],[17.9032,46.1856],[17.904,46.1845]]],[[[17.8902,46.1752],[17.8946,46.1872],[17.8987,46.1853],[17.8946,46.1907],[17.8957,46.2015],[17.8793,46.2059],[17.8603,46.2199],[17.8529,46.2142],[17.8555,46.2177],[17.8603,46.22],[17.8797,46.2059],[17.8899,46.2046],[17.8838,46.2123],[17.9006,46.2009],[17.905,46.2195],[17.911,46.219],[17.9011,46.197],[17.9046,46.1845],[17.9136,46.1933],[17.9052,46.1764],[17.9264,46.2041],[17.9309,46.1996],[17.9399,46.2005],[17.9497,46.1834],[17.9525,46.1886],[17.9451,46.2048],[17.9362,46.2035],[17.949,46.2131],[17.9399,46.2158],[17.9434,46.2196],[17.9382,46.2228],[17.9238,46.2202],[17.9221,46.2157],[17.9189,46.2245],[17.9067,46.2286],[17.8985,46.2209],[17.878,46.224],[17.8744,46.2323],[17.8559,46.2281],[17.8541,46.2208],[17.8499,46.2261],[17.8395,46.2201],[17.8391,46.2141],[17.8463,46.2163],[17.8515,46.2073],[17.862,46.2099],[17.8645,46.1994],[17.8877,46.1824],[17.8902,46.1752]],[[17.8499,46.2213],[17.8503,46.2217],[17.8502,46.2213],[17.8499,46.2213]]],[[[17.7771,46.2083],[17.7835,46.1949],[17.7768,46.1966],[17.78,46.1842],[17.7881,46.1755],[17.7943,46.182],[17.7986,46.178],[17.7969,46.188],[17.8008,46.1884],[17.7969,46.1966],[17.8018,46.1992],[17.7963,46.2066],[17.8013,46.2167],[17.797,46.221],[17.8078,46.2221],[17.8084,46.208],[17.7991,46.1972],[17.8054,46.1835],[17.8007,46.1778],[17.8056,46.1833],[17.8037,46.1756],[17.8074,46.1833],[17.8203,46.1813],[17.8189,46.1891],[17.8111,46.1896],[17.8121,46.1951],[17.8108,46.1897],[17.8073,46.1965],[17.8062,46.1859],[17.8038,46.1983],[17.813,46.2117],[17.8095,46.222],[17.8124,46.2285],[17.8024,46.2332],[17.799,46.242],[17.8161,46.2444],[17.8201,46.2505],[17.815,46.2577],[17.8216,46.2552],[17.8283,46.2592],[17.8162,46.2849],[17.8164,46.2709],[17.8126,46.2734],[17.8125,46.2984],[17.8059,46.2977],[17.8059,46.29],[17.8002,46.2908],[17.8013,46.2972],[17.7925,46.2975],[17.7906,46.3043],[17.7878,46.2816],[17.7854,46.2944],[17.7699,46.2989],[17.7734,46.3005],[17.7683,46.3053],[17.758,46.3009],[17.7603,46.2887],[17.7546,46.2976],[17.7489,46.2961],[17.7483,46.2873],[17.7547,46.2859],[17.7678,46.2691],[17.7499,46.2696],[17.7434,46.2607],[17.7466,46.2575],[17.739,46.257],[17.7472,46.2464],[17.7336,46.2541],[17.7369,46.246],[17.7314,46.244],[17.734,46.2405],[17.7231,46.2517],[17.7178,46.243],[17.7171,46.2569],[17.7168,46.2519],[17.7134,46.2532],[17.7156,46.2471],[17.7063,46.246],[17.7138,46.2483],[17.7101,46.256],[17.7041,46.2464],[17.7064,46.2554],[17.6992,46.2597],[17.6975,46.2682],[17.7061,46.2591],[17.7034,46.2671],[17.7075,46.2679],[17.7019,46.2699],[17.7078,46.273],[17.7047,46.2773],[17.7114,46.272],[17.7088,46.2776],[17.7151,46.2824],[17.7124,46.2878],[17.726,46.2883],[17.7259,46.292],[17.7197,46.2956],[17.7017,46.2942],[17.6989,46.3017],[17.6858,46.3086],[17.6793,46.2896],[17.6923,46.2816],[17.6839,46.2779],[17.6792,46.2678],[17.6923,46.2504],[17.6879,46.2552],[17.6878,46.2466],[17.6822,46.2429],[17.6856,46.2449],[17.6892,46.2334],[17.7263,46.2181],[17.7296,46.2096],[17.7359,46.211],[17.7248,46.2038],[17.7303,46.1876],[17.7391,46.1798],[17.747,46.1835],[17.7557,46.1779],[17.7593,46.168],[17.7597,46.1785],[17.7666,46.1842],[17.7612,46.1853],[17.7742,46.2004],[17.7681,46.1976],[17.7671,46.2008],[17.7762,46.2026],[17.7771,46.2083]],[[17.7771,46.2083],[17.7772,46.2089],[17.7776,46.2096],[17.7771,46.2083]],[[17.7594,46.1686],[17.7596,46.1706],[17.7598,46.1698],[17.7594,46.1686]],[[17.7562,46.183],[17.7559,46.1839],[17.7574,46.1841],[17.7562,46.183]],[[17.7503,46.1875],[17.7516,46.1882],[17.7518,46.1874],[17.7503,46.1875]],[[17.752,46.1895],[17.7536,46.1898],[17.7564,46.19],[17.752,46.1895]],[[17.7498,46.1946],[17.7493,46.1959],[17.7519,46.1954],[17.7498,46.1946]],[[17.7585,46.2015],[17.761,46.2016],[17.7595,46.2015],[17.7585,46.2015]],[[17.7539,46.2042],[17.7483,46.2111],[17.7558,46.2044],[17.7539,46.2042]],[[17.7447,46.2081],[17.7317,46.2187],[17.7483,46.2111],[17.7447,46.2081]],[[17.7367,46.2102],[17.736,46.2111],[17.7371,46.2105],[17.7367,46.2102]],[[17.782,46.2126],[17.782,46.2125],[17.779,46.2115],[17.782,46.2126]],[[17.782,46.2126],[17.7829,46.2129],[17.7824,46.2127],[17.782,46.2126]],[[17.7835,46.2211],[17.7836,46.2218],[17.7843,46.2222],[17.7835,46.2211]],[[17.7845,46.2161],[17.7843,46.2155],[17.7832,46.2133],[17.7845,46.2161]],[[17.7845,46.2161],[17.7835,46.2211],[17.7841,46.2197],[17.7845,46.2161]],[[17.7006,46.2718],[17.699,46.2742],[17.7027,46.275],[17.7006,46.2718]]],[[[17.9182,46.1547],[17.9241,46.1563],[17.9205,46.1572],[17.9182,46.1547]]],[[[17.7204,46.1682],[17.7214,46.1688],[17.7178,46.1746],[17.7204,46.1682]]],[[[17.6929,46.1634],[17.7112,46.1864],[17.7066,46.1822],[17.7047,46.1853],[17.7002,46.1735],[17.696,46.179],[17.6929,46.1634]]],[[[17.9142,46.1427],[17.9129,46.1499],[17.9225,46.1496],[17.9227,46.1443],[17.9295,46.1493],[17.918,46.1546],[17.9105,46.1525],[17.8896,46.165],[17.8753,46.1563],[17.9001,46.1591],[17.9089,46.1512],[17.9011,46.1462],[17.9142,46.1427]],[[17.9163,46.1486],[17.9151,46.1496],[17.9171,46.1496],[17.9163,46.1486]]],[[[17.9212,46.1417],[17.9167,46.151],[17.9129,46.1499],[17.9212,46.1417]],[[17.9147,46.1463],[17.9141,46.1476],[17.9151,46.1476],[17.9147,46.1463]],[[17.9133,46.1488],[17.9132,46.1493],[17.9134,46.1488],[17.9133,46.1488]]],[[[17.9933,46.1286],[18.0014,46.1341],[17.9809,46.1359],[18.0011,46.1356],[17.9967,46.1358],[17.9968,46.1445],[17.9907,46.1423],[17.9915,46.1517],[17.9826,46.1592],[18.0016,46.1423],[18.0015,46.1357],[18.0057,46.1425],[17.9962,46.1802],[18.0003,46.1666],[18.0081,46.1684],[18.0037,46.174],[18.0113,46.1702],[18.0155,46.1756],[18.0172,46.1624],[18.0217,46.1718],[18.0138,46.1885],[18.0309,46.1787],[18.0257,46.1863],[18.039,46.1892],[18.0438,46.2004],[18.0618,46.2074],[18.0517,46.2089],[18.0439,46.2025],[18.0443,46.2093],[18.0347,46.2004],[18.0374,46.1953],[18.0209,46.1962],[18.0138,46.1885],[18.0256,46.2025],[18.0179,46.2018],[18.0158,46.2076],[18.0015,46.1953],[18.0014,46.2036],[17.9895,46.1993],[17.9932,46.2002],[17.9887,46.2009],[17.9917,46.2064],[17.9841,46.2083],[17.9847,46.1955],[17.9841,46.2083],[17.9771,46.2076],[17.9755,46.2001],[17.9627,46.1997],[17.9586,46.1946],[17.9618,46.1901],[17.9564,46.194],[17.9507,46.1882],[17.9494,46.1833],[17.9612,46.1735],[17.9517,46.1712],[17.9505,46.1661],[17.9568,46.1613],[17.9404,46.1638],[17.9228,46.1579],[17.9435,46.1588],[17.9511,46.1538],[17.9526,46.1448],[17.9629,46.1474],[17.9699,46.1413],[17.9686,46.1367],[17.9933,46.1286]],[[18.0169,46.1642],[18.0164,46.1648],[18.0171,46.1657],[18.0169,46.1642]]],[[[17.7203,46.1359],[17.7218,46.137],[17.7199,46.1372],[17.7203,46.1359]]],[[[17.7217,46.1357],[17.7241,46.137],[17.7203,46.1358],[17.7217,46.1357]]],[[[17.7122,46.1363],[17.7167,46.1362],[17.7132,46.1428],[17.7225,46.1561],[17.72,46.1609],[17.7258,46.1743],[17.7165,46.1632],[17.7175,46.1515],[17.7082,46.1447],[17.7122,46.1363]]],[[[17.876,46.1187],[17.877,46.1206],[17.8754,46.1202],[17.876,46.1187]]],[[[17.8787,46.1176],[17.8852,46.1222],[17.8858,46.1287],[17.8787,46.1176]]],[[[17.8657,46.1103],[17.876,46.1187],[17.8719,46.1197],[17.8708,46.1284],[17.8657,46.1103]]],[[[17.7142,46.1175],[17.713,46.1295],[17.7219,46.1354],[17.7156,46.1328],[17.7119,46.1362],[17.7098,46.1281],[17.7048,46.1315],[17.7142,46.1175]]]]},"properties":{"code":"HUDD10013","name":"Zselic","country":"Hungary","designation":"SPA","area_ha":23050.5}},{"type":"Feature","geometry":{"type":"MultiPolygon","coordinates":[[[[11.8046,46.5981],[11.8148,46.5983],[11.816,46.6044],[11.8453,46.6157],[11.8419,46.6205],[11.8239,46.6159],[11.8351,46.6313],[11.8241,46.6344],[11.8362,46.6369],[11.8331,46.6422],[11.8218,46.6415],[11.8205,46.6458],[11.8386,46.6492],[11.8393,46.6547],[11.8504,46.6621],[11.8401,46.6675],[11.8189,46.6648],[11.8153,46.6707],[11.8049,46.6645],[11.7959,46.6654],[11.7945,46.6609],[11.7861,46.6662],[11.7679,46.6667],[11.7501,46.6624],[11.7516,46.6597],[11.7431,46.6587],[11.7458,46.6562],[11.7409,46.6506],[11.7308,46.6493],[11.7355,46.6405],[11.7644,46.6385],[11.7811,46.6254],[11.7387,46.6087],[11.7266,46.6085],[11.7363,46.6015],[11.7557,46.6036],[11.7843,46.6158],[11.7842,46.6034],[11.8046,46.5981]],[[11.823,46.6647],[11.823,46.6648],[11.823,46.6648],[11.823,46.6647]]],[[[11.6748,46.589],[11.6785,46.5985],[11.691,46.5992],[11.7041,46.5912],[11.7243,46.5981],[11.7233,46.612],[11.7277,46.6129],[11.7189,46.6171],[11.6909,46.6132],[11.6752,46.6036],[11.655,46.6038],[11.6476,46.5907],[11.6748,46.589]]]]},"properties":{"code":"IT3110026","name":"Valle di Funes - Sas De Putia - Rasciesa nel Parco Naturale Puez-Odle","country":"Italy","designation":"SAC","area_ha":5275.1}},{"type":"Feature","geometry":{"type":"Polygon","coordinates":[[[11.6099,46.0106],[11.6129,46.0128],[11.6089,46.0179],[11.6022,46.0193],[11.6001,46.0147],[11.6099,46.0106]]]},"properties":{"code":"IT3120030","name":"Fontanazzo","country":"Italy","designation":"SAC","area_ha":53.6}},{"type":"Feature","geometry":{"type":"Polygon","coordinates":[[[11.6175,46.4407],[11.628,46.4634],[11.6259,46.4707],[11.6429,46.4757],[11.645,46.4725],[11.6499,46.4829],[11.6318,46.4991],[11.638,46.5019],[11.6535,46.4979],[11.6602,46.5113],[11.6661,46.5138],[11.6629,46.5254],[11.652,46.5228],[11.6395,46.5119],[11.627,46.5299],[11.6095,46.5263],[11.5908,46.5348],[11.5848,46.5314],[11.5726,46.5404],[11.5192,46.5301],[11.5164,46.5253],[11.5219,46.5206],[11.5182,46.5155],[11.5258,46.5131],[11.5235,46.5065],[11.5301,46.5003],[11.5113,46.5006],[11.5069,46.4939],[11.5137,46.4832],[11.5067,46.4796],[11.5377,46.4685],[11.5618,46.4799],[11.5605,46.4749],[11.5691,46.4782],[11.5772,46.4744],[11.5736,46.4692],[11.5919,46.4652],[11.6036,46.4496],[11.5988,46.4477],[11.6175,46.4407]]]},"properties":{"code":"IT3110029","name":"Parco Naturale Sciliar-Catinaccio","country":"Italy","designation":"SAC","area_ha":7290.9}},{"type":"Feature","geometry":{"type":"Polygon","coordinates":[[[12.4207,46.6571],[12.4338,46.6694],[12.4022,46.6774],[12.3991,46.6734],[12.4207,46.6571]]]},"properties":{"code":"IT3110020","name":"Biotopo Monte Covolo - Alpe di Nemes","country":"Italy","designation":"SAC","area_ha":277.3}},{"type":"Feature","geometry":{"type":"Polygon","coordinates":[[[11.4125,46.4287],[11.4142,46.4308],[11.4073,46.4299],[11.4125,46.4287]]]},"properties":{"code":"IT3110031","name":"Biotopo Torbiera W\u00f6lfl","country":"Italy","designation":"SAC","area_ha":10.1}},{"type":"Feature","geometry":{"type":"Polygon","coordinates":[[[11.6725,46.3072],[11.6746,46.3093],[11.6679,46.3099],[11.6725,46.3072]]]},"properties":{"code":"IT3120023","name":"Sorte di Bellamonte","country":"Italy","designation":"SAC","area_ha":10.8}},{"type":"Feature","geometry":{"type":"Polygon","coordinates":[[[11.8243,46.5528],[11.8442,46.5607],[11.8507,46.5683],[11.8686,46.5577],[11.8799,46.5616],[11.8745,46.5661],[11.8864,46.5912],[11.8712,46.6025],[11.8675,46.6179],[11.8517,46.6102],[11.8459,46.6169],[11.816,46.6044],[11.8136,46.5981],[11.7847,46.6031],[11.7813,46.6082],[11.7843,46.6158],[11.7557,46.6036],[11.7374,46.6019],[11.7445,46.5894],[11.7595,46.5874],[11.75,46.5726],[11.7595,46.5614],[11.7726,46.5644],[11.7896,46.5552],[11.8243,46.5528]]]},"properties":{"code":"IT3110027","name":"Gardena - Valle Lunga - Puez nel Parco Naturale Puez-Odle","country":"Italy","designation":"SAC","area_ha":5393.9}},{"type":"Feature","geometry":{"type":"Polygon","coordinates":[[[11.6073,46.2709],[11.6084,46.2728],[11.6062,46.2719],[11.6073,46.2709]]]},"properties":{"code":"IT3120027","name":"Canzenagol","country":"Italy","designation":"SAC","area_ha":3.4}},{"type":"Feature","geometry":{"type":"Polygon","coordinates":[[[11.6595,46.0055],[11.6619,46.0069],[11.6574,46.0068],[11.6595,46.0055]]]},"properties":{"code":"IT3120029","name":"Sorgente Resenzuola","country":"Italy","designation":"SAC","area_ha":4.7}},{"type":"Feature","geometry":{"type":"Polygon","coordinates":[[[12.227,46.6125],[12.241,46.6156],[12.2431,46.6234],[12.2611,46.6299],[12.284,46.6175],[12.3155,46.6241],[12.3145,46.6308],[12.3271,46.6276],[12.3395,46.6312],[12.36,46.619],[12.3825,46.62],[12.3897,46.6276],[12.378,46.637],[12.3787,46.6411],[12.406,46.6437],[12.4169,46.6577],[12.4043,46.6607],[12.3873,46.6733],[12.3828,46.6639],[12.3736,46.6586],[12.3517,46.6634],[12.3636,46.6785],[12.3608,46.6871],[12.3478,46.6964],[12.3413,46.6952],[12.3408,46.702],[12.3308,46.7095],[12.3021,46.7197],[12.2946,46.7216],[12.279,46.7121],[12.2667,46.7254],[12.2302,46.7223],[12.2207,46.7071],[12.2246,46.6922],[12.2212,46.6706],[12.2326,46.6457],[12.2287,46.6284],[12.2193,46.6206],[12.227,46.6125]]]},"properties":{"code":"IT3110050","name":"Parco Naturale Tre Cime","country":"Italy","designation":"SAC","area_ha":11882.5}},{"type":"Feature","geometry":{"type":"Polygon","coordinates":[[[11.7938,46.2621],[11.7938,46.2644],[11.7872,46.2653],[11.7938,46.2621]]]},"properties":{"code":"IT3120028","name":"Pra delle Nasse","country":"Italy","designation":"SAC","area_ha":8.1}},{"type":"Feature","geometry":{"type":"Polygon","coordinates":[[[11.6299,46.4011],[11.6332,46.4014],[11.6323,46.4028],[11.6299,46.4011]]]},"properties":{"code":"IT3120084","name":"Roncon","country":"Italy","designation":"SAC","area_ha":2.9}},{"type":"Feature","geometry":{"type":"Polygon","coordinates":[[[11.4606,46.1691],[11.4822,46.1708],[11.5055,46.1791],[11.5368,46.2006],[11.5347,46.2061],[11.5526,46.2063],[11.5586,46.2142],[11.5739,46.2179],[11.5895,46.2285],[11.6034,46.2302],[11.6087,46.2399],[11.6439,46.2522],[11.6448,46.2606],[11.6399,46.2672],[11.629,46.2661],[11.604,46.2565],[11.5832,46.238],[11.564,46.2393],[11.5487,46.2221],[11.4937,46.1981],[11.4873,46.1862],[11.4789,46.1871],[11.4524,46.1742],[11.4532,46.1695],[11.4606,46.1691]]]},"properties":{"code":"IT3120097","name":"Catena di Lagorai","country":"Italy","designation":"SAC","area_ha":2855.0}},{"type":"Feature","geometry":{"type":"Polygon","coordinates":[[[11.6915,46.1141],[11.6894,46.119],[11.695,46.1251],[11.6753,46.131],[11.6622,46.1317],[11.6643,46.1284],[11.6564,46.1227],[11.6611,46.1163],[11.681,46.1186],[11.6915,46.1141]]]},"properties":{"code":"IT3120092","name":"Passo del Broccon","country":"Italy","designation":"SAC","area_ha":344.7}},{"type":"Feature","geometry":{"type":"Polygon","coordinates":[[[12.2195,46.7174],[12.2222,46.7197],[12.2168,46.7249],[12.2195,46.7174]]]},"properties":{"code":"IT3110022","name":"Biotopo Ontaneto della Rienza - Dobbiaco","country":"Italy","designation":"SAC","area_ha":16.9}},{"type":"Feature","geometry":{"type":"Polygon","coordinates":[[[11.8002,46.404],[11.8129,46.413],[11.7793,46.4304],[11.7405,46.4357],[11.7291,46.4254],[11.73,46.4216],[11.7517,46.4259],[11.7817,46.4195],[11.7934,46.4056],[11.8002,46.404]]]},"properties":{"code":"IT3120108","name":"Val San Nicol\u00f2","country":"Italy","designation":"SAC","area_ha":715.1}},{"type":"Feature","geometry":{"type":"Polygon","coordinates":[[[11.5698,46.3487],[11.5838,46.3497],[11.5925,46.356],[11.6147,46.3524],[11.624,46.3599],[11.6262,46.3723],[11.6328,46.3749],[11.6027,46.3958],[11.6018,46.3898],[11.5926,46.3836],[11.5649,46.3816],[11.5567,46.3525],[11.5698,46.3487]]]},"properties":{"code":"IT3120106","name":"Nodo del Latemar","country":"Italy","designation":"SAC","area_ha":1862.0}},{"type":"Feature","geometry":{"type":"Polygon","coordinates":[[[11.9244,46.6135],[11.9389,46.6164],[11.9284,46.631],[11.9349,46.6346],[11.9304,46.6417],[11.9169,46.6364],[11.9221,46.6313],[11.9157,46.6295],[11.9179,46.6254],[11.9131,46.6197],[11.9244,46.6135]]]},"properties":{"code":"IT3110048","name":"Prati Armentara","country":"Italy","designation":"SAC","area_ha":341.7}},{"type":"Feature","geometry":{"type":"Polygon","coordinates":[[[11.9974,46.5335],[12.0252,46.5595],[12.0353,46.5778],[12.0462,46.584],[12.0495,46.5999],[12.0444,46.6076],[12.0521,46.6106],[12.0525,46.6185],[12.0639,46.6216],[12.069,46.6403],[12.0748,46.6429],[12.0663,46.6537],[12.0713,46.6603],[12.0703,46.675],[12.1068,46.659],[12.1254,46.6448],[12.1379,46.6421],[12.144,46.6332],[12.1617,46.6368],[12.1725,46.6338],[12.1828,46.6204],[12.1905,46.6244],[12.216,46.6202],[12.2246,46.6235],[12.2322,46.6449],[12.2222,46.6628],[12.2241,46.6857],[12.2198,46.7061],[12.1992,46.7114],[12.1905,46.7071],[12.1918,46.7019],[12.1659,46.6902],[12.1579,46.6954],[12.1512,46.6928],[12.151,46.707],[12.137,46.718],[12.0908,46.7083],[12.0836,46.6968],[12.0664,46.708],[12.0653,46.715],[12.0779,46.724],[12.0773,46.7314],[12.0473,46.7417],[12.0484,46.7346],[12.0426,46.7304],[12.03,46.7325],[12.0264,46.7281],[12.0126,46.7273],[12.0016,46.7312],[11.9759,46.7257],[11.9699,46.7137],[11.9596,46.7148],[11.9425,46.706],[11.9533,46.7009],[11.9461,46.6978],[11.9466,46.6925],[11.9626,46.6826],[11.9588,46.6658],[11.9686,46.6491],[11.9595,46.6433],[11.9449,46.6451],[11.9284,46.6311],[11.9395,46.6133],[11.9368,46.5986],[11.9259,46.586],[11.9305,46.5787],[11.9404,46.5775],[11.9646,46.5591],[11.978,46.5588],[11.9737,46.5448],[11.9882,46.5456],[11.9974,46.5335]]]},"properties":{"code":"IT3110049","name":"Parco Naturale Fanes - Senes - Braies","country":"Italy","designation":"SAC","area_ha":25439.2}},{"type":"Feature","geometry":{"type":"Polygon","coordinates":[[[11.4555,46.1763],[11.4567,46.1796],[11.4504,46.1815],[11.4555,46.1763]]]},"properties":{"code":"IT3120021","name":"Lago delle Buse","country":"Italy","designation":"SAC","area_ha":18.0}},{"type":"Feature","geometry":{"type":"Polygon","coordinates":[[[11.6967,46.2962],[11.6958,46.2995],[11.6922,46.2992],[11.6967,46.2962]]]},"properties":{"code":"IT3120022","name":"Palu' dei Mugheri","country":"Italy","designation":"SAC","area_ha":9.1}},{"type":"Feature","geometry":{"type":"Polygon","coordinates":[[[11.3905,46.1884],[11.4196,46.1971],[11.4241,46.2113],[11.4178,46.221],[11.4185,46.2394],[11.4122,46.2472],[11.3929,46.2328],[11.3882,46.2077],[11.3936,46.2058],[11.3996,46.2141],[11.398,46.2069],[11.4041,46.208],[11.3891,46.1958],[11.3905,46.1884]]]},"properties":{"code":"IT3120107","name":"Val Cadino","country":"Italy","designation":"SAC","area_ha":1109.9}},{"type":"Feature","geometry":{"type":"MultiPolygon","coordinates":[[[[11.503,46.1197],[11.5352,46.1339],[11.5437,46.1295],[11.5503,46.133],[11.531,46.1475],[11.5183,46.1477],[11.5025,46.1359],[11.4981,46.1202],[11.503,46.1197]]],[[[11.477,46.0978],[11.4829,46.0993],[11.4867,46.108],[11.5038,46.1072],[11.4815,46.1227],[11.4533,46.1124],[11.477,46.0978]]]]},"properties":{"code":"IT3120142","name":"Val Campelle","country":"Italy","designation":"SAC","area_ha":1136.0}},{"type":"Feature","geometry":{"type":"Polygon","coordinates":[[[11.5486,46.2908],[11.5671,46.2951],[11.5752,46.3078],[11.5598,46.3262],[11.5367,46.3397],[11.5134,46.3254],[11.5095,46.3197],[11.5115,46.3096],[11.5156,46.2981],[11.5265,46.2949],[11.5389,46.3014],[11.5486,46.2908]]]},"properties":{"code":"IT3120128","name":"Alta Val Stava","country":"Italy","designation":"SAC","area_ha":1775.0}},{"type":"Feature","geometry":{"type":"Polygon","coordinates":[[[11.8653,46.4333],[11.89,46.4451],[11.8801,46.4432],[11.8772,46.4499],[11.8653,46.4496],[11.8643,46.4428],[11.8452,46.45],[11.8331,46.442],[11.8504,46.4341],[11.8653,46.4333]]]},"properties":{"code":"IT3120129","name":"Ghiacciaio Marmolada","country":"Italy","designation":"SAC","area_ha":462.6}},{"type":"Feature","geometry":{"type":"Polygon","coordinates":[[[11.6751,46.478],[11.6821,46.4792],[11.6842,46.4859],[11.702,46.4837],[11.7042,46.4917],[11.6924,46.493],[11.6894,46.5033],[11.6661,46.4974],[11.6386,46.5025],[11.6319,46.499],[11.6437,46.4876],[11.6751,46.478]]]},"properties":{"code":"IT3120119","name":"Val Duron","country":"Italy","designation":"SAC","area_ha":811.3}},{"type":"Feature","geometry":{"type":"Polygon","coordinates":[[[11.6152,46.0867],[11.6151,46.0874],[11.6142,46.087],[11.6152,46.0867]]]},"properties":{"code":"IT3120130","name":"Il Colo","country":"Italy","designation":"SAC","area_ha":0.3}},{"type":"Feature","geometry":{"type":"Polygon","coordinates":[[[11.6617,46.1058],[11.6613,46.107],[11.6603,46.1064],[11.6617,46.1058]]]},"properties":{"code":"IT3120131","name":"Grotta Uvada","country":"Italy","designation":"SAC","area_ha":1.2}},{"type":"Feature","geometry":{"type":"Polygon","coordinates":[[[11.6331,46.1676],[11.6578,46.1742],[11.6811,46.1686],[11.6941,46.177],[11.6872,46.1878],[11.6583,46.2066],[11.6705,46.2021],[11.6752,46.2151],[11.6606,46.2236],[11.6461,46.2253],[11.6275,46.2139],[11.6123,46.2154],[11.5977,46.2107],[11.5977,46.1806],[11.6156,46.1706],[11.6331,46.1676]]]},"properties":{"code":"IT3120143","name":"Valle del Vanoi","country":"Italy","designation":"SAC","area_ha":3246.3}},{"type":"Feature","geometry":{"type":"Polygon","coordinates":[[[11.81,46.102],[11.8197,46.108],[11.8842,46.117],[11.8928,46.1227],[11.8629,46.1235],[11.861,46.1312],[11.8422,46.1339],[11.8435,46.1208],[11.8123,46.1131],[11.8055,46.1038],[11.81,46.102]]]},"properties":{"code":"IT3120126","name":"Val Noana","country":"Italy","designation":"SAC","area_ha":729.5}},{"type":"Feature","geometry":{"type":"Polygon","coordinates":[[[11.5368,46.2811],[11.539,46.2818],[11.5234,46.2843],[11.5368,46.2811]]]},"properties":{"code":"IT3120118","name":"Lago (Val di Fiemme)","country":"Italy","designation":"SAC","area_ha":12.0}},{"type":"Feature","geometry":{"type":"MultiPolygon","coordinates":[[[[11.4841,46.3622],[11.4866,46.3625],[11.4811,46.3636],[11.4841,46.3622]]],[[[11.4878,46.3539],[11.4904,46.3559],[11.4825,46.3576],[11.4878,46.3539]]]]},"properties":{"code":"IT3120169","name":"Torbiere del Lavaze'","country":"Italy","designation":"SAC","area_ha":19.1}},{"type":"Feature","geometry":{"type":"Polygon","coordinates":[[[11.6184,46.0084],[11.6186,46.0095],[11.6174,46.0088],[11.6184,46.0084]]]},"properties":{"code":"IT3120134","name":"Grotta del Calgeron","country":"Italy","designation":"SAC","area_ha":0.9}},{"type":"Feature","geometry":{"type":"Polygon","coordinates":[[[11.5824,46.0169],[11.5833,46.018],[11.5824,46.0182],[11.5824,46.0169]]]},"properties":{"code":"IT3120135","name":"Grotta della Bigonda","country":"Italy","designation":"SAC","area_ha":1.2}},{"type":"Feature","geometry":{"type":"Polygon","coordinates":[[[11.657,45.9788],[11.6575,45.9795],[11.6562,45.9799],[11.657,45.9788]]]},"properties":{"code":"IT3120132","name":"Grotta di Ernesto","country":"Italy","designation":"SAC","area_ha":1.1}},{"type":"Feature","geometry":{"type":"Polygon","coordinates":[[[11.813,46.4891],[11.8426,46.499],[11.857,46.5124],[11.8571,46.5185],[11.8282,46.5089],[11.8231,46.5016],[11.8154,46.5002],[11.813,46.4891]]]},"properties":{"code":"IT3230003","name":"Gruppo del Sella","country":"Italy","designation":"SAC","area_ha":449.1}},{"type":"Feature","geometry":{"type":"Polygon","coordinates":[[[12.2892,46.0295],[12.3277,46.0717],[12.3163,46.1032],[12.311,46.1041],[12.3071,46.0936],[12.2976,46.0864],[12.3025,46.0756],[12.2902,46.0605],[12.2824,46.0563],[12.2704,46.0589],[12.2738,46.0537],[12.2713,46.042],[12.2832,46.0313],[12.29,46.035],[12.2892,46.0295]]]},"properties":{"code":"IT3230025","name":"Gruppo del Visentin: M. Faverghera - M. Cor","country":"Italy","designation":"SAC","area_ha":1561.0}},{"type":"Feature","geometry":{"type":"Polygon","coordinates":[[[11.7301,46.0421],[11.7307,46.0483],[11.7448,46.0547],[11.7427,46.0587],[11.7514,46.0636],[11.7609,46.0613],[11.7638,46.0857],[11.7514,46.1047],[11.7187,46.1033],[11.703,46.0903],[11.685,46.0935],[11.6823,46.0775],[11.6875,46.0643],[11.6966,46.0612],[11.6992,46.0673],[11.7108,46.0668],[11.7142,46.062],[11.7098,46.0603],[11.7094,46.0491],[11.7204,46.0447],[11.7232,46.0478],[11.7301,46.0421]]]},"properties":{"code":"IT3230035","name":"Valli del Cismon - Vanoi: Monte Coppolo","country":"Italy","designation":"SAC","area_ha":2843.7}},{"type":"Feature","geometry":{"type":"Polygon","coordinates":[[[11.9854,46.2334],[11.9953,46.2405],[11.9912,46.2415],[11.9854,46.2334]]]},"properties":{"code":"IT3230063","name":"Torbiere di Lac Torond","country":"Italy","designation":"SAC","area_ha":37.8}},{"type":"Feature","geometry":{"type":"Polygon","coordinates":[[[11.8603,46.4017],[11.8674,46.4115],[11.8755,46.4115],[11.884,46.4227],[11.9043,46.4325],[11.9073,46.4381],[11.901,46.448],[11.8876,46.4524],[11.8893,46.442],[11.8756,46.4347],[11.8476,46.4321],[11.8384,46.415],[11.8435,46.4104],[11.8393,46.4038],[11.8532,46.407],[11.8603,46.4017]]]},"properties":{"code":"IT3230005","name":"Gruppo Marmolada","country":"Italy","designation":"SAC","area_ha":1304.2}},{"type":"Feature","geometry":{"type":"Polygon","coordinates":[[[11.7494,46.4391],[11.7541,46.4424],[11.7506,46.445],[11.7415,46.4401],[11.7494,46.4391]]]},"properties":{"code":"IT3120179","name":"Val Jumela","country":"Italy","designation":"SAC","area_ha":36.1}},{"type":"Feature","geometry":{"type":"Polygon","coordinates":[[[12.1931,46.3887],[12.2159,46.3956],[12.211,46.4004],[12.2197,46.4039],[12.2257,46.4162],[12.2215,46.4227],[12.1979,46.4316],[12.1992,46.4398],[12.193,46.4455],[12.1991,46.4485],[12.2004,46.4649],[12.1896,46.484],[12.177,46.4933],[12.1663,46.4958],[12.1393,46.4799],[12.1254,46.4773],[12.1216,46.4672],[12.1079,46.4687],[12.1086,46.4835],[12.099,46.5018],[12.0934,46.4995],[12.0831,46.5068],[12.0629,46.5085],[12.0652,46.5162],[12.0452,46.5143],[12.0389,46.5211],[12.0037,46.52],[12.001,46.513],[12.0198,46.5035],[12.0208,46.497],[12.0409,46.4993],[12.0478,46.4921],[12.0439,46.4869],[12.0535,46.4842],[12.0425,46.4706],[12.0286,46.4804],[12.0311,46.4856],[12.0257,46.4877],[12.0104,46.4682],[12.0176,46.4654],[12.0137,46.4625],[12.0185,46.4547],[12.0351,46.4537],[12.0506,46.4568],[12.051,46.4619],[12.0662,46.4619],[12.0665,46.4532],[12.0748,46.4488],[12.0733,46.4453],[12.0969,46.4444],[12.1068,46.4375],[12.1139,46.4283],[12.1037,46.4203],[12.1201,46.4051],[12.1414,46.4015],[12.1594,46.4124],[12.1684,46.4028],[12.1643,46.4006],[12.1712,46.3948],[12.1672,46.3902],[12.1884,46.3923],[12.1931,46.3887]]]},"properties":{"code":"IT3230017","name":"Monte Pelmo - Mondeval - Formin","country":"Italy","designation":"SAC","area_ha":11105.7}},{"type":"Feature","geometry":{"type":"Polygon","coordinates":[[[12.2069,46.0396],[12.219,46.047],[12.2292,46.0422],[12.2236,46.0512],[12.2115,46.0468],[12.207,46.0513],[12.2069,46.0396]]]},"properties":{"code":"IT3230067","name":"Aree palustri di Melere - Monte Gal e boschi di Col d'Ongia","country":"Italy","designation":"SAC","area_ha":110.6}},{"type":"Feature","geometry":{"type":"Polygon","coordinates":[[[12.4726,46.5492],[12.4868,46.5566],[12.4806,46.5661],[12.4837,46.5693],[12.4792,46.5746],[12.48,46.587],[12.4655,46.5905],[12.4672,46.598],[12.4591,46.6008],[12.4676,46.6079],[12.4663,46.6164],[12.4533,46.6243],[12.4333,46.6277],[12.4352,46.6309],[12.4202,46.6328],[12.4268,46.6361],[12.4221,46.6375],[12.4269,46.638],[12.4219,46.6408],[12.4239,46.6447],[12.4155,46.6432],[12.4114,46.6479],[12.4053,46.6425],[12.3801,46.6432],[12.378,46.637],[12.3895,46.6263],[12.37,46.6197],[12.346,46.6245],[12.3379,46.6331],[12.3358,46.6285],[12.3152,46.6304],[12.3165,46.6242],[12.3072,46.6191],[12.2844,46.6174],[12.2706,46.6211],[12.2607,46.6298],[12.2439,46.6249],[12.2413,46.6169],[12.2258,46.6134],[12.246,46.6012],[12.2575,46.5997],[12.2667,46.6046],[12.2882,46.592],[12.2963,46.5985],[12.3169,46.6],[12.3303,46.5982],[12.3603,46.5823],[12.3914,46.5842],[12.397,46.5755],[12.4389,46.5599],[12.4459,46.5534],[12.4514,46.5565],[12.4542,46.5532],[12.467,46.5651],[12.4635,46.5516],[12.4726,46.5492]]]},"properties":{"code":"IT3230078","name":"Gruppo del Popera - Dolomiti di Auronzo e di Val Comelico","country":"Italy","designation":"SAC","area_ha":8916.3}},{"type":"Feature","geometry":{"type":"Polygon","coordinates":[[[12.2787,46.4274],[12.3304,46.453],[12.356,46.4529],[12.3762,46.4772],[12.3715,46.4893],[12.3847,46.5057],[12.4035,46.5129],[12.4049,46.5235],[12.4007,46.5291],[12.3763,46.542],[12.3937,46.5667],[12.3885,46.5723],[12.3828,46.5755],[12.3576,46.5731],[12.3522,46.5668],[12.3538,46.5586],[12.3416,46.5592],[12.324,46.5424],[12.2841,46.5303],[12.2641,46.5321],[12.2485,46.5468],[12.2225,46.5502],[12.2141,46.5562],[12.1782,46.5424],[12.1782,46.5337],[12.1735,46.5319],[12.1788,46.527],[12.1621,46.5114],[12.1711,46.5021],[12.1968,46.4893],[12.2127,46.4702],[12.2258,46.468],[12.223,46.4524],[12.2325,46.4409],[12.2578,46.4381],[12.2697,46.4278],[12.2787,46.4274]]]},"properties":{"code":"IT3230081","name":"Gruppo Antelao - Marmarole - Sorapis","country":"Italy","designation":"SAC","area_ha":17055.8}},{"type":"Feature","geometry":{"type":"Polygon","coordinates":[[[11.8468,46.1943],[11.8553,46.1956],[11.8747,46.2115],[11.8976,46.2089],[11.9291,46.2488],[11.9214,46.2479],[11.9045,46.2562],[11.892,46.2526],[11.885,46.2607],[11.8884,46.2725],[11.885,46.2789],[11.8629,46.2713],[11.8381,46.2703],[11.8263,46.285],[11.8415,46.3062],[11.8314,46.3134],[11.8319,46.3251],[11.8028,46.3332],[11.797,46.3402],[11.7894,46.3279],[11.7796,46.3224],[11.781,46.3184],[11.768,46.3157],[11.7652,46.3032],[11.7727,46.2956],[11.789,46.298],[11.8099,46.2705],[11.8219,46.2716],[11.815,46.2618],[11.8189,46.2535],[11.8258,46.2526],[11.8225,46.2413],[11.8297,46.2365],[11.8259,46.234],[11.8282,46.2243],[11.823,46.2252],[11.8321,46.2138],[11.8272,46.2083],[11.8323,46.2008],[11.8406,46.2012],[11.8468,46.1943]]]},"properties":{"code":"IT3120178","name":"Pale di San Martino","country":"Italy","designation":"SAC","area_ha":7330.4}},{"type":"Feature","geometry":{"type":"Polygon","coordinates":[[[12.3482,46.2924],[12.3562,46.2938],[12.3523,46.3074],[12.3573,46.3128],[12.353,46.3188],[12.3773,46.3311],[12.4095,46.3301],[12.4209,46.3422],[12.4177,46.3548],[12.4285,46.3517],[12.4549,46.3648],[12.4515,46.3706],[12.4633,46.3694],[12.455,46.3915],[12.4683,46.3899],[12.4811,46.4038],[12.4993,46.4125],[12.4944,46.4265],[12.5043,46.4398],[12.5212,46.4496],[12.4445,46.4728],[12.4102,46.4499],[12.4166,46.4488],[12.4095,46.4491],[12.3929,46.4358],[12.3899,46.4299],[12.3935,46.4261],[12.3699,46.4016],[12.3712,46.3896],[12.3596,46.3752],[12.3617,46.3687],[12.346,46.3613],[12.3333,46.3421],[12.3333,46.3342],[12.32,46.3206],[12.3279,46.3153],[12.3238,46.3011],[12.3482,46.2924]]]},"properties":{"code":"IT3230080","name":"Val Talagona - Gruppo Monte Cridola - Monte Duranno","country":"Italy","designation":"SAC","area_ha":12241.3}},{"type":"Feature","geometry":{"type":"Polygon","coordinates":[[[12.295,45.8995],[12.295,45.9066],[12.2871,45.9165],[12.2893,45.9209],[12.2789,45.9278],[12.2714,45.9408],[12.2745,45.9547],[12.2625,45.9565],[12.2566,45.9635],[12.2734,45.9675],[12.2824,45.9765],[12.2729,45.9825],[12.2574,45.9798],[12.244,45.9655],[12.2753,45.9517],[12.2704,45.9411],[12.2491,45.9549],[12.2767,45.9358],[12.2769,45.9298],[12.289,45.9209],[12.2869,45.9166],[12.295,45.8995]]]},"properties":{"code":"IT3240005","name":"Perdonanze e corso del Monticano","country":"Italy","designation":"SAC","area_ha":363.8}},{"type":"Feature","geometry":{"type":"Polygon","coordinates":[[[12.1228,45.8666],[12.127,45.8718],[12.1196,45.8803],[12.1181,45.8937],[12.1055,45.8895],[12.1103,45.8827],[12.097,45.8824],[12.0948,45.8787],[12.0669,45.8886],[12.0512,45.8803],[12.0513,45.8772],[12.0664,45.8815],[12.0864,45.8778],[12.0893,45.8711],[12.1228,45.8666]]]},"properties":{"code":"IT3240015","name":"Palu' del Quartiere del Piave","country":"Italy","designation":"SAC","area_ha":691.1}},{"type":"Feature","geometry":{"type":"Polygon","coordinates":[[[11.7516,46.1917],[11.7733,46.1981],[11.7927,46.1954],[11.799,46.2012],[11.7988,46.2134],[11.7918,46.2257],[11.7975,46.2496],[11.7873,46.2595],[11.7839,46.2571],[11.7799,46.266],[11.7962,46.2642],[11.793,46.2713],[11.7994,46.2828],[11.789,46.298],[11.7722,46.2958],[11.7648,46.3081],[11.77,46.3118],[11.768,46.3157],[11.781,46.3184],[11.7796,46.3224],[11.7894,46.3279],[11.795,46.3391],[11.8021,46.3385],[11.8024,46.3429],[11.766,46.3596],[11.7627,46.3517],[11.744,46.3536],[11.73,46.3457],[11.7063,46.3518],[11.7061,46.3443],[11.7021,46.3433],[11.7173,46.3292],[11.7002,46.323],[11.6969,46.3141],[11.7039,46.3101],[11.7003,46.3075],[11.7196,46.3004],[11.7348,46.3023],[11.712,46.2967],[11.702,46.3042],[11.6947,46.3028],[11.6981,46.2928],[11.6915,46.2772],[11.6943,46.2639],[11.6892,46.2626],[11.6932,46.2496],[11.6856,46.2452],[11.6867,46.2408],[11.6784,46.2397],[11.6991,46.2084],[11.7307,46.1945],[11.7411,46.1974],[11.7516,46.1917]]]},"properties":{"code":"IT3120168","name":"Lagorai Orientale - Cima Bocche","country":"Italy","designation":"SAC","area_ha":12276.4}},{"type":"Feature","geometry":{"type":"Polygon","coordinates":[[[12.1758,46.1361],[12.1812,46.14],[12.1689,46.1377],[12.1758,46.1361]]]},"properties":{"code":"IT3230045","name":"Torbiera di Antole","country":"Italy","designation":"SAC","area_ha":24.7}},{"type":"Feature","geometry":{"type":"Polygon","coordinates":[[[12.3873,46.0286],[12.4067,46.0349],[12.3991,46.0413],[12.4053,46.0426],[12.4102,46.059],[12.4155,46.0592],[12.4373,46.0848],[12.4674,46.0939],[12.4723,46.0959],[12.4678,46.0983],[12.4844,46.1042],[12.4859,46.1079],[12.4773,46.113],[12.472,46.1277],[12.4581,46.1288],[12.436,46.114],[12.4236,46.1145],[12.4096,46.1038],[12.3868,46.1101],[12.3739,46.1011],[12.3702,46.095],[12.3796,46.087],[12.3697,46.0752],[12.3624,46.079],[12.3558,46.059],[12.3374,46.0462],[12.3737,46.0386],[12.3873,46.0286]]]},"properties":{"code":"IT3230077","name":"Foresta del Cansiglio","country":"Italy","designation":"SAC","area_ha":5055.4}},{"type":"Feature","geometry":{"type":"Polygon","coordinates":[[[12.1138,46.3031],[12.1286,46.3043],[12.1318,46.31],[12.1475,46.3164],[12.163,46.314],[12.1834,46.3181],[12.1884,46.3235],[12.1663,46.3335],[12.168,46.3397],[12.1769,46.3434],[12.1696,46.3458],[12.1635,46.3441],[12.1613,46.3365],[12.141,46.3427],[12.1177,46.3417],[12.1101,46.3399],[12.0994,46.3282],[12.0928,46.3306],[12.0911,46.3596],[12.0834,46.3681],[12.0866,46.3819],[12.0808,46.3885],[12.0842,46.3931],[12.0702,46.4018],[12.0713,46.4084],[12.0497,46.4071],[12.0531,46.3997],[12.0451,46.3982],[12.0479,46.3877],[12.0386,46.3864],[12.032,46.391],[12.0186,46.3822],[12.0214,46.3803],[12.014,46.3743],[12.0144,46.3672],[12.0091,46.37],[12.0028,46.3627],[11.9982,46.3387],[12.0037,46.3378],[12.0046,46.3326],[12.0241,46.3457],[12.0323,46.3448],[12.0297,46.3363],[12.0411,46.3363],[12.0459,46.3235],[12.0535,46.3268],[12.0663,46.3182],[12.084,46.3236],[12.0881,46.3142],[12.1138,46.3031]]]},"properties":{"code":"IT3230084","name":"Civetta - Cime di San Sebastiano","country":"Italy","designation":"SAC","area_ha":6593.5}},{"type":"Feature","geometry":{"type":"Polygon","coordinates":[[[12.3435,46.1816],[12.3637,46.1987],[12.3586,46.2013],[12.3603,46.2062],[12.3498,46.2027],[12.3402,46.2081],[12.3125,46.1944],[12.3217,46.187],[12.3435,46.1816]]]},"properties":{"code":"IT3230027","name":"Monte Dolada Versante S.E.","country":"Italy","designation":"SAC","area_ha":658.7}},{"type":"Feature","geometry":{"type":"Polygon","coordinates":[[[12.2528,46.2728],[12.27,46.2786],[12.2857,46.2739],[12.289,46.2925],[12.3006,46.2981],[12.3104,46.2952],[12.323,46.3037],[12.3225,46.3137],[12.314,46.3177],[12.3227,46.3327],[12.3257,46.3297],[12.3307,46.3338],[12.3299,46.3446],[12.3403,46.3603],[12.3538,46.369],[12.3532,46.3979],[12.3252,46.4011],[12.2593,46.365],[12.2002,46.3574],[12.2043,46.3535],[12.1955,46.3451],[12.2241,46.3396],[12.2328,46.3324],[12.2344,46.3208],[12.224,46.3047],[12.2416,46.2946],[12.2413,46.2839],[12.2528,46.2728]]]},"properties":{"code":"IT3230031","name":"Val Tovanella Bosconero","country":"Italy","designation":"SAC","area_ha":8838.7}},{"type":"Feature","geometry":{"type":"Polygon","coordinates":[[[11.9469,46.0327],[11.9656,46.0396],[11.9637,46.0431],[11.9528,46.0395],[11.9453,46.0367],[11.9469,46.0327]]]},"properties":{"code":"IT3230042","name":"Torbiera di Lipoi","country":"Italy","designation":"SAC","area_ha":65.5}},{"type":"Feature","geometry":{"type":"Polygon","coordinates":[[[12.2268,46.1342],[12.2586,46.1596],[12.2351,46.1556],[12.2268,46.1342]]]},"properties":{"code":"IT3230044","name":"Fontane di Nogare'","country":"Italy","designation":"SAC","area_ha":211.8}},{"type":"Feature","geometry":{"type":"MultiPolygon","coordinates":[[[[12.287,46.0059],[12.2874,46.0086],[12.2865,46.0074],[12.287,46.0059]]],[[[12.3619,45.9566],[12.3585,45.961],[12.346,45.9574],[12.3234,45.9661],[12.3061,45.9827],[12.3057,45.9976],[12.3046,45.986],[12.2863,46.0037],[12.3226,45.9662],[12.3459,45.9572],[12.356,45.9609],[12.3619,45.9566]]],[[[12.434,45.9451],[12.4453,45.9474],[12.4123,45.9473],[12.3852,45.9634],[12.3994,45.9519],[12.3639,45.957],[12.434,45.9451]]]]},"properties":{"code":"IT3240032","name":"Fiume Meschio","country":"Italy","designation":"SAC","area_ha":39.5}},{"type":"Feature","geometry":{"type":"Polygon","coordinates":[[[12.3371,46.0896],[12.3526,46.1047],[12.3567,46.1174],[12.3493,46.1188],[12.353,46.124],[12.3363,46.1262],[12.3308,46.1319],[12.3185,46.1298],[12.3286,46.1097],[12.326,46.0967],[12.3371,46.0896]]]},"properties":{"code":"IT3230047","name":"Lago di Santa Croce","country":"Italy","designation":"SAC","area_ha":787.4}},{"type":"Feature","geometry":{"type":"Polygon","coordinates":[[[12.4958,46.5508],[12.5039,46.5526],[12.5047,46.5611],[12.4994,46.5604],[12.5079,46.568],[12.4983,46.565],[12.5071,46.5706],[12.5008,46.575],[12.4899,46.5621],[12.4958,46.5508]]]},"properties":{"code":"IT3230060","name":"Torbiere di Danta","country":"Italy","designation":"SAC","area_ha":205.1}},{"type":"Feature","geometry":{"type":"Polygon","coordinates":[[[12.2602,46.5774],[12.2657,46.5842],[12.2565,46.5897],[12.2522,46.5787],[12.2602,46.5774]]]},"properties":{"code":"IT3230019","name":"Lago di Misurina","country":"Italy","designation":"SAC","area_ha":75.3}},{"type":"Feature","geometry":{"type":"Polygon","coordinates":[[[11.741,45.7952],[11.756,45.8053],[11.7533,45.8149],[11.7629,45.8113],[11.794,45.8243],[11.7907,45.8348],[11.8019,45.8426],[11.8096,45.8369],[11.819,45.8397],[11.8311,45.8547],[11.8265,45.8623],[11.8332,45.865],[11.8299,45.8714],[11.8457,45.865],[11.8458,45.8684],[11.8545,45.8687],[11.8581,45.8789],[11.873,45.8809],[11.8892,45.8692],[11.9045,45.8668],[11.9231,45.8715],[11.9221,45.8752],[11.9257,45.872],[11.9337,45.8808],[11.9389,45.8765],[11.9554,45.8818],[11.9435,45.8874],[11.941,45.9023],[11.9328,45.9047],[11.8728,45.8997],[11.8764,45.9052],[11.8905,45.9057],[11.9067,45.9176],[11.8902,45.9242],[11.8946,45.9287],[11.9085,45.9191],[11.9145,45.923],[11.907,45.9292],[11.9092,45.9348],[11.8917,45.9367],[11.879,45.9444],[11.8893,45.9409],[11.8978,45.9457],[11.9189,45.9241],[11.9297,45.9242],[11.9175,45.94],[11.9218,45.9513],[11.9325,45.9588],[11.9278,45.9688],[11.9431,45.9872],[11.8972,45.9901],[11.878,45.9833],[11.8756,45.9753],[11.87,45.9794],[11.8713,45.9756],[11.8624,45.9748],[11.864,45.9701],[11.8475,45.9718],[11.8416,45.9592],[11.8453,45.9522],[11.838,45.9489],[11.8422,45.9437],[11.8331,45.9357],[11.7989,45.9539],[11.8037,45.958],[11.7937,45.9798],[11.7724,45.9732],[11.7693,45.9601],[11.7535,45.9473],[11.7571,45.9414],[11.7526,45.9361],[11.7592,45.935],[11.7493,45.9215],[11.7572,45.9144],[11.7544,45.9112],[11.7589,45.9089],[11.7548,45.9052],[11.7656,45.9018],[11.7533,45.9011],[11.749,45.8954],[11.749,45.9101],[11.7421,45.9167],[11.7344,45.9165],[11.7235,45.9016],[11.696,45.8982],[11.6629,45.8599],[11.6725,45.8479],[11.69,45.8426],[11.703,45.8315],[11.7129,45.832],[11.7111,45.827],[11.7273,45.8211],[11.7201,45.8058],[11.7318,45.805],[11.741,45.7952]]]},"properties":{"code":"IT3230022","name":"Massiccio del Grappa","country":"Italy","designation":"SAC","area_ha":22464.5}},{"type":"Feature","geometry":{"type":"Polygon","coordinates":[[[12.0292,46.518],[12.0648,46.5225],[12.0575,46.5311],[12.0756,46.5349],[12.0675,46.5491],[12.1013,46.5593],[12.1133,46.5752],[12.1122,46.5937],[12.1234,46.5987],[12.1438,46.6023],[12.1387,46.5948],[12.1587,46.5748],[12.1764,46.5674],[12.1856,46.5721],[12.1876,46.5658],[12.2048,46.5622],[12.2035,46.5566],[12.2293,46.5564],[12.2428,46.565],[12.229,46.5734],[12.2012,46.5753],[12.1934,46.5811],[12.194,46.622],[12.1825,46.6203],[12.1722,46.6338],[12.1607,46.6371],[12.1444,46.6337],[12.1385,46.6424],[12.1243,46.6457],[12.1071,46.6588],[12.069,46.6749],[12.0702,46.6607],[12.0651,46.6539],[12.0732,46.6435],[12.0669,46.6407],[12.0636,46.6218],[12.0527,46.6187],[12.0517,46.6103],[12.0445,46.6078],[12.0489,46.6002],[12.0462,46.5841],[12.0355,46.5775],[12.0253,46.5594],[12.0022,46.5377],[12.0097,46.5308],[12.02,46.5309],[12.0196,46.5212],[12.0292,46.518]]]},"properties":{"code":"IT3230071","name":"Dolomiti di Ampezzo","country":"Italy","designation":"SAC","area_ha":11355.0}},{"type":"Feature","geometry":{"type":"Polygon","coordinates":[[[12.1657,46.2057],[12.1764,46.2054],[12.1825,46.1981],[12.2,46.1935],[12.1998,46.2017],[12.2189,46.2018],[12.2246,46.1953],[12.2183,46.1839],[12.2398,46.1833],[12.2536,46.1738],[12.2669,46.1778],[12.2612,46.1809],[12.265,46.1915],[12.2608,46.1943],[12.2636,46.1986],[12.258,46.2064],[12.2618,46.2094],[12.2568,46.2118],[12.2541,46.2247],[12.2545,46.2338],[12.263,46.2359],[12.2618,46.2417],[12.2552,46.2477],[12.2271,46.2468],[12.2218,46.2549],[12.2131,46.2556],[12.2142,46.2624],[12.2029,46.2642],[12.1966,46.2754],[12.2004,46.2772],[12.1975,46.2859],[12.1671,46.2925],[12.1737,46.303],[12.1842,46.3078],[12.1823,46.3193],[12.163,46.314],[12.1475,46.3164],[12.1284,46.3072],[12.1379,46.2868],[12.1361,46.2807],[12.1246,46.2618],[12.114,46.2578],[12.1128,46.2501],[12.1034,46.2428],[12.0688,46.2489],[12.0526,46.2572],[12.039,46.2559],[12.0304,46.2466],[12.0359,46.2327],[12.0295,46.2359],[12.0243,46.2298],[12.0194,46.233],[12.0022,46.2115],[11.9913,46.2086],[11.9839,46.2129],[11.9642,46.2014],[11.9624,46.1879],[11.9477,46.1785],[11.9515,46.1696],[11.9286,46.1759],[11.9294,46.1704],[11.9186,46.1558],[11.9219,46.15],[11.9022,46.1379],[11.9056,46.134],[11.893,46.1207],[11.8344,46.1111],[11.8154,46.1028],[11.7958,46.1035],[11.7661,46.093],[11.7784,46.0838],[11.7897,46.0824],[11.7845,46.0769],[11.7972,46.0782],[11.8069,46.0695],[11.819,46.082],[11.8237,46.0746],[11.8333,46.0787],[11.8307,46.074],[11.8362,46.0698],[11.8503,46.0675],[11.8411,46.0581],[11.8311,46.0632],[11.8335,46.0465],[11.8494,46.0496],[11.8493,46.0601],[11.8573,46.0579],[11.8577,46.0644],[11.8699,46.07],[11.8691,46.0786],[11.882,46.0681],[11.8953,46.0755],[11.8953,46.0827],[11.9099,46.0795],[11.9202,46.0908],[11.941,46.086],[11.9426,46.094],[11.9314,46.0947],[11.9279,46.0991],[11.9293,46.1082],[11.9203,46.1078],[11.9425,46.1177],[11.9525,46.1107],[11.972,46.1122],[11.9694,46.1038],[11.9869,46.1098],[11.9805,46.114],[11.9856,46.117],[12.0098,46.1113],[12.013,46.12],[12.0088,46.1311],[12.0375,46.1364],[12.0449,46.1447],[12.0824,46.1601],[12.0929,46.1692],[12.1059,46.1695],[12.1036,46.1655],[12.1089,46.1635],[12.102,46.1592],[12.1102,46.1535],[12.1047,46.1494],[12.1113,46.1501],[12.1185,46.158],[12.1109,46.1635],[12.1166,46.17],[12.1126,46.1752],[12.1382,46.1745],[12.143,46.1789],[12.1404,46.1837],[12.16,46.1877],[12.1506,46.1956],[12.1657,46.2057]],[[12.1657,46.2057],[12.1657,46.2057],[12.1657,46.2057],[12.1657,46.2057]]]},"properties":{"code":"IT3230083","name":"Dolomiti Feltrine e Bellunesi","country":"Italy","designation":"SAC","area_ha":31365.0}},{"type":"Feature","geometry":{"type":"MultiPolygon","coordinates":[[[[11.9862,46.0381],[12.0239,46.0504],[12.034,46.0491],[12.0632,46.0628],[12.0694,46.0609],[12.1049,46.0852],[12.1179,46.0863],[12.1168,46.0745],[12.119,46.0882],[12.13,46.0919],[12.1522,46.0837],[12.1366,46.0931],[12.145,46.0932],[12.1551,46.1063],[12.124,46.0918],[12.1008,46.0929],[12.0963,46.0956],[12.0997,46.0991],[12.0958,46.0956],[12.1005,46.0924],[12.0829,46.0832],[12.079,46.0937],[12.082,46.0991],[12.0776,46.0991],[12.0656,46.0898],[12.0579,46.0714],[12.0521,46.071],[12.0462,46.0783],[12.0516,46.0707],[12.0115,46.0649],[11.9862,46.0381]]],[[[11.9629,45.8804],[11.9648,45.8852],[11.9454,45.9111],[11.9484,45.9245],[11.924,45.9428],[11.938,45.9554],[11.9377,45.9712],[11.9794,45.9862],[11.9825,46.014],[11.9969,46.0278],[11.9896,46.0376],[11.9714,46.0314],[11.9789,46.0262],[11.9744,46.0153],[11.9608,46.0169],[11.948,46.0115],[11.9697,46.0122],[11.9772,45.9927],[11.9699,45.9847],[11.9587,45.9851],[11.9491,46.001],[11.9397,45.9997],[11.9224,46.0065],[11.9224,46.0131],[11.9026,46.0108],[11.9218,46.0131],[11.9218,46.0064],[11.9383,45.9994],[11.9496,46.0002],[11.9535,45.985],[11.9341,45.9708],[11.9343,45.9583],[11.9204,45.939],[11.9473,45.9238],[11.943,45.9078],[11.9331,45.9098],[11.9157,45.9261],[11.9327,45.9091],[11.9432,45.9075],[11.9462,45.8901],[11.9629,45.8804]]]]},"properties":{"code":"IT3230088","name":"Fiume Piave dai Maserot alle grave di Pederobba","country":"Italy","designation":"SAC","area_ha":3233.8}},{"type":"Feature","geometry":{"type":"Polygon","coordinates":[[[11.7104,45.9746],[11.7346,45.9908],[11.7427,45.9898],[11.7425,45.9994],[11.7276,46.0077],[11.7356,46.0249],[11.6962,46.0148],[11.6665,46.0172],[11.6734,46.0139],[11.6712,46.0112],[11.6898,45.9889],[11.6845,45.9841],[11.6902,45.9781],[11.7104,45.9746]]]},"properties":{"code":"IT3230090","name":"Cima Campo - Monte Celado","country":"Italy","designation":"SAC","area_ha":1811.2}},{"type":"Feature","geometry":{"type":"Polygon","coordinates":[[[12.2185,46.0677],[12.2329,46.0684],[12.2319,46.0795],[12.214,46.0738],[12.2185,46.0677]]]},"properties":{"code":"IT3230068","name":"Valpiana - Valmorel (Aree palustri)","country":"Italy","designation":"SAC","area_ha":126.2}},{"type":"Feature","geometry":{"type":"Polygon","coordinates":[[[12.5192,46.4548],[12.5269,46.4565],[12.5314,46.4649],[12.5401,46.4564],[12.5683,46.4766],[12.6063,46.464],[12.6242,46.4752],[12.6586,46.466],[12.6623,46.4692],[12.6565,46.4813],[12.6301,46.5011],[12.6306,46.5121],[12.6821,46.5295],[12.6987,46.5413],[12.6936,46.5475],[12.6953,46.5561],[12.6884,46.5609],[12.6739,46.5582],[12.645,46.5763],[12.633,46.5784],[12.6316,46.5744],[12.6253,46.5788],[12.611,46.5661],[12.6121,46.5561],[12.5973,46.5568],[12.5794,46.5468],[12.5744,46.5505],[12.5662,46.5477],[12.5534,46.5551],[12.5471,46.5509],[12.5389,46.5532],[12.5311,46.5493],[12.533,46.5398],[12.4819,46.5285],[12.4722,46.5144],[12.4931,46.5106],[12.5127,46.4967],[12.5241,46.4959],[12.5653,46.5075],[12.5806,46.4973],[12.5781,46.4858],[12.5685,46.4855],[12.5658,46.4911],[12.552,46.494],[12.5065,46.4821],[12.4896,46.4826],[12.4846,46.4802],[12.4847,46.4736],[12.4736,46.4771],[12.4778,46.4724],[12.472,46.4699],[12.5052,46.4646],[12.5192,46.4548]]]},"properties":{"code":"IT3230085","name":"Comelico - Bosco della Digola - Brentoni - Tudaio","country":"Italy","designation":"SAC","area_ha":12072.0}},{"type":"Feature","geometry":{"type":"Polygon","coordinates":[[[11.9774,45.9219],[12.0081,45.9319],[12.0213,45.9234],[12.0298,45.9268],[12.0258,45.9316],[12.0448,45.9286],[12.0513,45.9353],[12.0493,45.939],[12.0603,45.9469],[12.0603,45.9602],[12.0297,45.9848],[12.0139,45.9784],[11.9934,45.9794],[11.9934,45.9747],[11.98,45.9738],[11.9748,45.9686],[11.9553,45.9685],[11.9603,45.9607],[11.959,45.9526],[11.9798,45.9484],[11.9672,45.9277],[11.9774,45.9219]]]},"properties":{"code":"IT3240003","name":"Monte Cesen","country":"Italy","designation":"SAC","area_ha":3694.6}},{"type":"Feature","geometry":{"type":"Polygon","coordinates":[[[12.2148,45.9791],[12.2444,45.9942],[12.2179,45.9858],[12.2148,45.9791]]]},"properties":{"code":"IT3240014","name":"Laghi di Revine","country":"Italy","designation":"SAC","area_ha":119.1}},{"type":"Feature","geometry":{"type":"Polygon","coordinates":[[[12.4386,46.0183],[12.4502,46.0305],[12.4533,46.0534],[12.4874,46.0815],[12.4795,46.1011],[12.4373,46.0849],[12.4158,46.0596],[12.4102,46.059],[12.4058,46.0425],[12.3985,46.0409],[12.4125,46.0304],[12.4361,46.0262],[12.433,46.0201],[12.4386,46.0183]]]},"properties":{"code":"IT3310006","name":"Foresta del Cansiglio","country":"Italy","designation":"SAC","area_ha":2712.8}},{"type":"Feature","geometry":{"type":"Polygon","coordinates":[[[12.5915,46.1647],[12.6077,46.1787],[12.6159,46.1791],[12.5993,46.1951],[12.5752,46.1872],[12.5938,46.1895],[12.6025,46.1827],[12.5915,46.1647]]]},"properties":{"code":"IT3310004","name":"Forra del Torrente Cellina","country":"Italy","designation":"SAC","area_ha":289.3}},{"type":"Feature","geometry":{"type":"Polygon","coordinates":[[[12.6384,46.1993],[12.6499,46.2032],[12.6625,46.2202],[12.6788,46.2259],[12.681,46.2319],[12.6769,46.2349],[12.683,46.2562],[12.7028,46.2574],[12.6964,46.263],[12.6983,46.2678],[12.7152,46.2732],[12.7124,46.2789],[12.7258,46.2957],[12.7467,46.3063],[12.7447,46.3159],[12.7502,46.3197],[12.7402,46.3287],[12.7418,46.3387],[12.7287,46.3588],[12.7404,46.3668],[12.7279,46.3758],[12.7246,46.3873],[12.7053,46.3951],[12.6886,46.3959],[12.6634,46.3754],[12.6464,46.3691],[12.6389,46.3761],[12.6174,46.3783],[12.5871,46.4046],[12.5765,46.4021],[12.5804,46.4101],[12.5544,46.4175],[12.5487,46.4294],[12.5352,46.4311],[12.5241,46.4395],[12.5123,46.4396],[12.5121,46.4441],[12.4931,46.4241],[12.4991,46.4125],[12.4812,46.4039],[12.4685,46.3899],[12.4549,46.3915],[12.4632,46.3695],[12.4515,46.3706],[12.4554,46.3651],[12.4286,46.3517],[12.4177,46.3547],[12.4209,46.3425],[12.4109,46.3307],[12.3782,46.3311],[12.353,46.3188],[12.3573,46.3123],[12.352,46.3073],[12.3563,46.2939],[12.3281,46.2805],[12.3493,46.2745],[12.3518,46.2804],[12.3641,46.2778],[12.3727,46.2853],[12.3919,46.2825],[12.3988,46.2898],[12.4049,46.2897],[12.4058,46.2998],[12.4559,46.3206],[12.4817,46.2933],[12.5069,46.2872],[12.5011,46.2769],[12.5722,46.2877],[12.5855,46.2758],[12.5865,46.2696],[12.582,46.2682],[12.5841,46.2527],[12.6004,46.2549],[12.6088,46.2617],[12.6201,46.2575],[12.6067,46.2432],[12.6225,46.2311],[12.6099,46.2101],[12.6151,46.2024],[12.6273,46.2064],[12.6384,46.1993]]]},"properties":{"code":"IT3310001","name":"Dolomiti Friulane","country":"Italy","designation":"SAC","area_ha":36737.5}},{"type":"Feature","geometry":{"type":"Polygon","coordinates":[[[12.6831,46.1896],[12.6956,46.2001],[12.6853,46.2046],[12.6907,46.2087],[12.6593,46.2067],[12.6651,46.1989],[12.6636,46.1932],[12.6831,46.1896]]]},"properties":{"code":"IT3310002","name":"Val Colvera di Jof","country":"Italy","designation":"SAC","area_ha":395.8}},{"type":"Feature","geometry":{"type":"Polygon","coordinates":[[[12.6551,46.4227],[12.6656,46.4268],[12.664,46.4451],[12.6557,46.4559],[12.6572,46.4602],[12.6678,46.4617],[12.6591,46.466],[12.6253,46.469],[12.6181,46.4598],[12.6137,46.4627],[12.5952,46.448],[12.6007,46.4356],[12.6125,46.4408],[12.6241,46.4267],[12.6374,46.4296],[12.6551,46.4227]]]},"properties":{"code":"IT3320007","name":"Monti Bivera e Clapsavon","country":"Italy","designation":"SAC","area_ha":1831.6}},{"type":"Feature","geometry":{"type":"Polygon","coordinates":[[[11.6306,46.1059],[11.6323,46.1075],[11.6294,46.1073],[11.6306,46.1059]]]},"properties":{"code":"IT3120031","name":"Masi Carretta","country":"Italy","designation":"SAC","area_ha":3.0}},{"type":"Feature","geometry":{"type":"Polygon","coordinates":[[[11.603,46.0894],[11.612,46.0918],[11.6072,46.0936],[11.603,46.0894]]]},"properties":{"code":"IT3120032","name":"I Mughi","country":"Italy","designation":"SAC","area_ha":21.1}},{"type":"Feature","geometry":{"type":"Polygon","coordinates":[[[11.4224,46.2746],[11.4564,46.2843],[11.4519,46.2819],[11.4479,46.2857],[11.4224,46.2746]]]},"properties":{"code":"IT3120113","name":"Molina - Castello","country":"Italy","designation":"SAC","area_ha":53.9}},{"type":"Feature","geometry":{"type":"Polygon","coordinates":[[[12.1731,46.0],[12.1775,46.0063],[12.1675,46.0024],[12.1731,46.0]]]},"properties":{"code":"IT3230026","name":"Passo di San Boldo","country":"Italy","designation":"SAC","area_ha":38.2}},{"type":"Feature","geometry":{"type":"Polygon","coordinates":[[[11.9161,46.221],[11.9295,46.2374],[11.9431,46.2417],[11.9432,46.2512],[11.9567,46.2676],[11.9636,46.2689],[11.9607,46.2722],[11.9862,46.2829],[11.974,46.3011],[11.9773,46.3063],[11.9866,46.3054],[11.9886,46.313],[11.9846,46.3135],[11.9837,46.3211],[11.9717,46.3305],[11.953,46.3329],[11.9476,46.34],[11.9299,46.3463],[11.9239,46.3568],[11.9041,46.3459],[11.9131,46.3596],[11.9102,46.3614],[11.8661,46.3533],[11.856,46.3402],[11.8405,46.3405],[11.833,46.3352],[11.8009,46.3385],[11.8029,46.333],[11.832,46.3251],[11.8338,46.3108],[11.8418,46.3066],[11.8263,46.285],[11.8381,46.2703],[11.8628,46.2706],[11.8861,46.2779],[11.8886,46.2678],[11.8851,46.2606],[11.8936,46.2513],[11.9048,46.2561],[11.9221,46.2475],[11.9291,46.2489],[11.9163,46.2376],[11.9116,46.2232],[11.9161,46.221]]]},"properties":{"code":"IT3230043","name":"Pale di San Martino: Focobon, Pape - San Lucano, Agner - Croda Granda","country":"Italy","designation":"SAC","area_ha":10904.6}},{"type":"Feature","geometry":{"type":"MultiPolygon","coordinates":[[[[11.8046,46.5981],[11.8148,46.5983],[11.816,46.6044],[11.8453,46.6157],[11.8419,46.6205],[11.8239,46.6159],[11.8351,46.6313],[11.8241,46.6344],[11.8362,46.6369],[11.8331,46.6422],[11.8218,46.6415],[11.8205,46.6458],[11.8386,46.6492],[11.8393,46.6547],[11.8504,46.6621],[11.8401,46.6675],[11.8189,46.6648],[11.8153,46.6707],[11.8049,46.6645],[11.7959,46.6654],[11.7945,46.6609],[11.7861,46.6662],[11.7679,46.6667],[11.7501,46.6624],[11.7516,46.6597],[11.7431,46.6587],[11.7458,46.6562],[11.7409,46.6506],[11.7308,46.6493],[11.7355,46.6405],[11.7644,46.6385],[11.7811,46.6254],[11.7387,46.6087],[11.7266,46.6085],[11.7363,46.6015],[11.7557,46.6036],[11.7843,46.6158],[11.7842,46.6034],[11.8046,46.5981]],[[11.823,46.6647],[11.823,46.6648],[11.823,46.6648],[11.823,46.6647]]],[[[11.6748,46.589],[11.6785,46.5985],[11.691,46.5992],[11.7041,46.5912],[11.7243,46.5981],[11.7233,46.612],[11.7277,46.6129],[11.7189,46.6171],[11.6909,46.6132],[11.6752,46.6036],[11.655,46.6038],[11.6476,46.5907],[11.6748,46.589]]]]},"properties":{"code":"IT3110026","name":"Valle di Funes - Sas De Putia - Rasciesa nel Parco Naturale Puez-Odle","country":"Italy","designation":"SPA","area_ha":5275.1}},{"type":"Feature","geometry":{"type":"Polygon","coordinates":[[[11.6099,46.0106],[11.6129,46.0128],[11.6089,46.0179],[11.6022,46.0193],[11.6001,46.0147],[11.6099,46.0106]]]},"properties":{"code":"IT3120030","name":"Fontanazzo","country":"Italy","designation":"SPA","area_ha":53.6}},{"type":"Feature","geometry":{"type":"Polygon","coordinates":[[[11.6175,46.4407],[11.628,46.4634],[11.6259,46.4707],[11.6429,46.4757],[11.645,46.4725],[11.6499,46.4829],[11.6318,46.4991],[11.638,46.5019],[11.6535,46.4979],[11.6602,46.5113],[11.6661,46.5138],[11.6629,46.5254],[11.652,46.5228],[11.6395,46.5119],[11.627,46.5299],[11.6095,46.5263],[11.5908,46.5348],[11.5848,46.5314],[11.5726,46.5404],[11.5192,46.5301],[11.5164,46.5253],[11.5219,46.5206],[11.5182,46.5155],[11.5258,46.5131],[11.5235,46.5065],[11.5301,46.5003],[11.5113,46.5006],[11.5069,46.4939],[11.5137,46.4832],[11.5067,46.4796],[11.5377,46.4685],[11.5618,46.4799],[11.5605,46.4749],[11.5691,46.4782],[11.5772,46.4744],[11.5736,46.4692],[11.5919,46.4652],[11.6036,46.4496],[11.5988,46.4477],[11.6175,46.4407]]]},"properties":{"code":"IT3110029","name":"Parco Naturale Sciliar-Catinaccio","country":"Italy","designation":"SPA","area_ha":7290.9}},{"type":"Feature","geometry":{"type":"Polygon","coordinates":[[[12.227,46.6125],[12.241,46.6156],[12.2431,46.6234],[12.2611,46.6299],[12.284,46.6175],[12.3155,46.6241],[12.3145,46.6308],[12.3271,46.6276],[12.3395,46.6312],[12.36,46.619],[12.3825,46.62],[12.3897,46.6276],[12.378,46.637],[12.3787,46.6411],[12.406,46.6437],[12.4169,46.6577],[12.4043,46.6607],[12.3873,46.6733],[12.3828,46.6639],[12.3736,46.6586],[12.3517,46.6634],[12.3636,46.6785],[12.3608,46.6871],[12.3478,46.6964],[12.3413,46.6952],[12.3408,46.702],[12.3308,46.7095],[12.3021,46.7197],[12.2946,46.7216],[12.279,46.7121],[12.2667,46.7254],[12.2302,46.7223],[12.2207,46.7071],[12.2246,46.6922],[12.2212,46.6706],[12.2326,46.6457],[12.2287,46.6284],[12.2193,46.6206],[12.227,46.6125]]]},"properties":{"code":"IT3110050","name":"Parco Naturale Tre Cime","country":"Italy","designation":"SPA","area_ha":11882.5}},{"type":"Feature","geometry":{"type":"Polygon","coordinates":[[[11.9974,46.5335],[12.0252,46.5595],[12.0353,46.5778],[12.0462,46.584],[12.0495,46.5999],[12.0444,46.6076],[12.0521,46.6106],[12.0525,46.6185],[12.0639,46.6216],[12.069,46.6403],[12.0748,46.6429],[12.0663,46.6537],[12.0713,46.6603],[12.0703,46.675],[12.1068,46.659],[12.1254,46.6448],[12.1379,46.6421],[12.144,46.6332],[12.1617,46.6368],[12.1725,46.6338],[12.1828,46.6204],[12.1905,46.6244],[12.216,46.6202],[12.2246,46.6235],[12.2322,46.6449],[12.2222,46.6628],[12.2241,46.6857],[12.2198,46.7061],[12.1992,46.7114],[12.1905,46.7071],[12.1918,46.7019],[12.1659,46.6902],[12.1579,46.6954],[12.1512,46.6928],[12.151,46.707],[12.137,46.718],[12.0908,46.7083],[12.0836,46.6968],[12.0664,46.708],[12.0653,46.715],[12.0779,46.724],[12.0773,46.7314],[12.0473,46.7417],[12.0484,46.7346],[12.0426,46.7304],[12.03,46.7325],[12.0264,46.7281],[12.0126,46.7273],[12.0016,46.7312],[11.9759,46.7257],[11.9699,46.7137],[11.9596,46.7148],[11.9425,46.706],[11.9533,46.7009],[11.9461,46.6978],[11.9466,46.6925],[11.9626,46.6826],[11.9588,46.6658],[11.9686,46.6491],[11.9595,46.6433],[11.9449,46.6451],[11.9284,46.6311],[11.9395,46.6133],[11.9368,46.5986],[11.9259,46.586],[11.9305,46.5787],[11.9404,46.5775],[11.9646,46.5591],[11.978,46.5588],[11.9737,46.5448],[11.9882,46.5456],[11.9974,46.5335]]]},"properties":{"code":"IT3110049","name":"Parco Naturale Fanes - Senes - Braies","country":"Italy","designation":"SPA","area_ha":25439.2}},{"type":"Feature","geometry":{"type":"Polygon","coordinates":[[[11.81,46.102],[11.8197,46.108],[11.8842,46.117],[11.8928,46.1227],[11.8629,46.1235],[11.861,46.1312],[11.8422,46.1339],[11.8435,46.1208],[11.8123,46.1131],[11.8055,46.1038],[11.81,46.102]]]},"properties":{"code":"IT3120126","name":"Val Noana","country":"Italy","designation":"SPA","area_ha":729.5}},{"type":"Feature","geometry":{"type":"Polygon","coordinates":[[[11.7301,46.0421],[11.7307,46.0483],[11.7448,46.0547],[11.7427,46.0587],[11.7514,46.0636],[11.7609,46.0613],[11.7638,46.0857],[11.7514,46.1047],[11.7187,46.1033],[11.703,46.0903],[11.685,46.0935],[11.6823,46.0775],[11.6875,46.0643],[11.6966,46.0612],[11.6992,46.0673],[11.7108,46.0668],[11.7142,46.062],[11.7098,46.0603],[11.7094,46.0491],[11.7204,46.0447],[11.7232,46.0478],[11.7301,46.0421]]]},"properties":{"code":"IT3230035","name":"Valli del Cismon - Vanoi: Monte Coppolo","country":"Italy","designation":"SPA","area_ha":2843.7}},{"type":"Feature","geometry":{"type":"Polygon","coordinates":[[[12.2787,46.4274],[12.3304,46.453],[12.356,46.4529],[12.3762,46.4772],[12.3715,46.4893],[12.3847,46.5057],[12.4035,46.5129],[12.4049,46.5235],[12.4007,46.5291],[12.3763,46.542],[12.3937,46.5667],[12.3885,46.5723],[12.3828,46.5755],[12.3576,46.5731],[12.3522,46.5668],[12.3538,46.5586],[12.3416,46.5592],[12.324,46.5424],[12.2841,46.5303],[12.2641,46.5321],[12.2485,46.5468],[12.2225,46.5502],[12.2141,46.5562],[12.1782,46.5424],[12.1782,46.5337],[12.1735,46.5319],[12.1788,46.527],[12.1621,46.5114],[12.1711,46.5021],[12.1968,46.4893],[12.2127,46.4702],[12.2258,46.468],[12.223,46.4524],[12.2325,46.4409],[12.2578,46.4381],[12.2697,46.4278],[12.2787,46.4274]]]},"properties":{"code":"IT3230081","name":"Gruppo Antelao - Marmarole - Sorapis","country":"Italy","designation":"SPA","area_ha":17055.8}},{"type":"Feature","geometry":{"type":"Polygon","coordinates":[[[12.3873,46.0286],[12.4067,46.0349],[12.3991,46.0413],[12.4053,46.0426],[12.4102,46.059],[12.4155,46.0592],[12.4373,46.0848],[12.4674,46.0939],[12.4723,46.0959],[12.4678,46.0983],[12.4844,46.1042],[12.4859,46.1079],[12.4773,46.113],[12.472,46.1277],[12.4581,46.1288],[12.436,46.114],[12.4236,46.1145],[12.4096,46.1038],[12.3868,46.1101],[12.3739,46.1011],[12.3702,46.095],[12.3796,46.087],[12.3697,46.0752],[12.3624,46.079],[12.3558,46.059],[12.3374,46.0462],[12.3737,46.0386],[12.3873,46.0286]]]},"properties":{"code":"IT3230077","name":"Foresta del Cansiglio","country":"Italy","designation":"SPA","area_ha":5055.4}},{"type":"Feature","geometry":{"type":"Polygon","coordinates":[[[12.1138,46.3031],[12.1286,46.3043],[12.1318,46.31],[12.1475,46.3164],[12.163,46.314],[12.1834,46.3181],[12.1884,46.3235],[12.1663,46.3335],[12.168,46.3397],[12.1769,46.3434],[12.1696,46.3458],[12.1635,46.3441],[12.1613,46.3365],[12.141,46.3427],[12.1177,46.3417],[12.1101,46.3399],[12.0994,46.3282],[12.0928,46.3306],[12.0911,46.3596],[12.0834,46.3681],[12.0866,46.3819],[12.0808,46.3885],[12.0842,46.3931],[12.0702,46.4018],[12.0713,46.4084],[12.0497,46.4071],[12.0531,46.3997],[12.0451,46.3982],[12.0479,46.3877],[12.0386,46.3864],[12.032,46.391],[12.0186,46.3822],[12.0214,46.3803],[12.014,46.3743],[12.0144,46.3672],[12.0091,46.37],[12.0028,46.3627],[11.9982,46.3387],[12.0037,46.3378],[12.0046,46.3326],[12.0241,46.3457],[12.0323,46.3448],[12.0297,46.3363],[12.0411,46.3363],[12.0459,46.3235],[12.0535,46.3268],[12.0663,46.3182],[12.084,46.3236],[12.0881,46.3142],[12.1138,46.3031]]]},"properties":{"code":"IT3230084","name":"Civetta - Cime di San Sebastiano","country":"Italy","designation":"SPA","area_ha":6593.5}},{"type":"Feature","geometry":{"type":"Polygon","coordinates":[[[11.741,45.7952],[11.756,45.8053],[11.7533,45.8149],[11.7629,45.8113],[11.794,45.8243],[11.7907,45.8348],[11.8019,45.8426],[11.8096,45.8369],[11.819,45.8397],[11.8311,45.8547],[11.8265,45.8623],[11.8332,45.865],[11.8299,45.8714],[11.8457,45.865],[11.8458,45.8684],[11.8545,45.8687],[11.8581,45.8789],[11.873,45.8809],[11.8892,45.8692],[11.9045,45.8668],[11.9231,45.8715],[11.9221,45.8752],[11.9257,45.872],[11.9337,45.8808],[11.9389,45.8765],[11.9554,45.8818],[11.9435,45.8874],[11.941,45.9023],[11.9328,45.9047],[11.8728,45.8997],[11.8764,45.9052],[11.8905,45.9057],[11.9067,45.9176],[11.8902,45.9242],[11.8946,45.9287],[11.9085,45.9191],[11.9145,45.923],[11.907,45.9292],[11.9092,45.9348],[11.8917,45.9367],[11.879,45.9444],[11.8893,45.9409],[11.8978,45.9457],[11.9189,45.9241],[11.9297,45.9242],[11.9175,45.94],[11.9218,45.9513],[11.9325,45.9588],[11.9278,45.9688],[11.9431,45.9872],[11.8972,45.9901],[11.878,45.9833],[11.8756,45.9753],[11.87,45.9794],[11.8713,45.9756],[11.8624,45.9748],[11.864,45.9701],[11.8475,45.9718],[11.8416,45.9592],[11.8453,45.9522],[11.838,45.9489],[11.8422,45.9437],[11.8331,45.9357],[11.7989,45.9539],[11.8037,45.958],[11.7937,45.9798],[11.7724,45.9732],[11.7693,45.9601],[11.7535,45.9473],[11.7571,45.9414],[11.7526,45.9361],[11.7592,45.935],[11.7493,45.9215],[11.7572,45.9144],[11.7544,45.9112],[11.7589,45.9089],[11.7548,45.9052],[11.7656,45.9018],[11.7533,45.9011],[11.749,45.8954],[11.749,45.9101],[11.7421,45.9167],[11.7344,45.9165],[11.7235,45.9016],[11.696,45.8982],[11.6629,45.8599],[11.6725,45.8479],[11.69,45.8426],[11.703,45.8315],[11.7129,45.832],[11.7111,45.827],[11.7273,45.8211],[11.7201,45.8058],[11.7318,45.805],[11.741,45.7952]]]},"properties":{"code":"IT3230022","name":"Massiccio del Grappa","country":"Italy","designation":"SPA","area_ha":22464.5}},{"type":"Feature","geometry":{"type":"Polygon","coordinates":[[[12.0292,46.518],[12.0648,46.5225],[12.0575,46.5311],[12.0756,46.5349],[12.0675,46.5491],[12.1013,46.5593],[12.1133,46.5752],[12.1122,46.5937],[12.1234,46.5987],[12.1438,46.6023],[12.1387,46.5948],[12.1587,46.5748],[12.1764,46.5674],[12.1856,46.5721],[12.1876,46.5658],[12.2048,46.5622],[12.2035,46.5566],[12.2293,46.5564],[12.2428,46.565],[12.229,46.5734],[12.2012,46.5753],[12.1934,46.5811],[12.194,46.622],[12.1825,46.6203],[12.1722,46.6338],[12.1607,46.6371],[12.1444,46.6337],[12.1385,46.6424],[12.1243,46.6457],[12.1071,46.6588],[12.069,46.6749],[12.0702,46.6607],[12.0651,46.6539],[12.0732,46.6435],[12.0669,46.6407],[12.0636,46.6218],[12.0527,46.6187],[12.0517,46.6103],[12.0445,46.6078],[12.0489,46.6002],[12.0462,46.5841],[12.0355,46.5775],[12.0253,46.5594],[12.0022,46.5377],[12.0097,46.5308],[12.02,46.5309],[12.0196,46.5212],[12.0292,46.518]]]},"properties":{"code":"IT3230071","name":"Dolomiti di Ampezzo","country":"Italy","designation":"SPA","area_ha":11355.0}},{"type":"Feature","geometry":{"type":"Polygon","coordinates":[[[12.1657,46.2057],[12.1764,46.2054],[12.1825,46.1981],[12.2,46.1935],[12.1998,46.2017],[12.2189,46.2018],[12.2246,46.1953],[12.2183,46.1839],[12.2398,46.1833],[12.2536,46.1738],[12.2669,46.1778],[12.2612,46.1809],[12.265,46.1915],[12.2608,46.1943],[12.2636,46.1986],[12.258,46.2064],[12.2618,46.2094],[12.2568,46.2118],[12.2541,46.2247],[12.2545,46.2338],[12.263,46.2359],[12.2618,46.2417],[12.2552,46.2477],[12.2271,46.2468],[12.2218,46.2549],[12.2131,46.2556],[12.2142,46.2624],[12.2029,46.2642],[12.1966,46.2754],[12.2004,46.2772],[12.1975,46.2859],[12.1671,46.2925],[12.1737,46.303],[12.1842,46.3078],[12.1823,46.3193],[12.163,46.314],[12.1475,46.3164],[12.1284,46.3072],[12.1379,46.2868],[12.1361,46.2807],[12.1246,46.2618],[12.114,46.2578],[12.1128,46.2501],[12.1034,46.2428],[12.0688,46.2489],[12.0526,46.2572],[12.039,46.2559],[12.0304,46.2466],[12.0359,46.2327],[12.0295,46.2359],[12.0243,46.2298],[12.0194,46.233],[12.0022,46.2115],[11.9913,46.2086],[11.9839,46.2129],[11.9642,46.2014],[11.9624,46.1879],[11.9477,46.1785],[11.9515,46.1696],[11.9286,46.1759],[11.9294,46.1704],[11.9186,46.1558],[11.9219,46.15],[11.9022,46.1379],[11.9056,46.134],[11.893,46.1207],[11.8344,46.1111],[11.8154,46.1028],[11.7958,46.1035],[11.7661,46.093],[11.7784,46.0838],[11.7897,46.0824],[11.7845,46.0769],[11.7972,46.0782],[11.8069,46.0695],[11.819,46.082],[11.8237,46.0746],[11.8333,46.0787],[11.8307,46.074],[11.8362,46.0698],[11.8503,46.0675],[11.8411,46.0581],[11.8311,46.0632],[11.8335,46.0465],[11.8494,46.0496],[11.8493,46.0601],[11.8573,46.0579],[11.8577,46.0644],[11.8699,46.07],[11.8691,46.0786],[11.882,46.0681],[11.8953,46.0755],[11.8953,46.0827],[11.9099,46.0795],[11.9202,46.0908],[11.941,46.086],[11.9426,46.094],[11.9314,46.0947],[11.9279,46.0991],[11.9293,46.1082],[11.9203,46.1078],[11.9425,46.1177],[11.9525,46.1107],[11.972,46.1122],[11.9694,46.1038],[11.9869,46.1098],[11.9805,46.114],[11.9856,46.117],[12.0098,46.1113],[12.013,46.12],[12.0088,46.1311],[12.0375,46.1364],[12.0449,46.1447],[12.0824,46.1601],[12.0929,46.1692],[12.1059,46.1695],[12.1036,46.1655],[12.1089,46.1635],[12.102,46.1592],[12.1102,46.1535],[12.1047,46.1494],[12.1113,46.1501],[12.1185,46.158],[12.1109,46.1635],[12.1166,46.17],[12.1126,46.1752],[12.1382,46.1745],[12.143,46.1789],[12.1404,46.1837],[12.16,46.1877],[12.1506,46.1956],[12.1657,46.2057]],[[12.1657,46.2057],[12.1657,46.2057],[12.1657,46.2057],[12.1657,46.2057]]]},"properties":{"code":"IT3230083","name":"Dolomiti Feltrine e Bellunesi","country":"Italy","designation":"SPA","area_ha":31365.0}},{"type":"Feature","geometry":{"type":"Polygon","coordinates":[[[11.7104,45.9746],[11.7346,45.9908],[11.7427,45.9898],[11.7425,45.9994],[11.7276,46.0077],[11.7356,46.0249],[11.6962,46.0148],[11.6665,46.0172],[11.6734,46.0139],[11.6712,46.0112],[11.6898,45.9889],[11.6845,45.9841],[11.6902,45.9781],[11.7104,45.9746]]]},"properties":{"code":"IT3230090","name":"Cima Campo - Monte Celado","country":"Italy","designation":"SPA","area_ha":1811.2}},{"type":"Feature","geometry":{"type":"Polygon","coordinates":[[[12.4386,46.0183],[12.4502,46.0305],[12.4533,46.0534],[12.4874,46.0815],[12.4795,46.1011],[12.4373,46.0849],[12.4158,46.0596],[12.4102,46.059],[12.4058,46.0425],[12.3985,46.0409],[12.4125,46.0304],[12.4361,46.0262],[12.433,46.0201],[12.4386,46.0183]]]},"properties":{"code":"IT3310006","name":"Foresta del Cansiglio","country":"Italy","designation":"SPA","area_ha":2712.8}},{"type":"Feature","geometry":{"type":"Polygon","coordinates":[[[12.5915,46.1647],[12.6077,46.1787],[12.6159,46.1791],[12.5993,46.1951],[12.5752,46.1872],[12.5938,46.1895],[12.6025,46.1827],[12.5915,46.1647]]]},"properties":{"code":"IT3310004","name":"Forra del Torrente Cellina","country":"Italy","designation":"SPA","area_ha":289.3}},{"type":"Feature","geometry":{"type":"Polygon","coordinates":[[[12.6384,46.1993],[12.6499,46.2032],[12.6625,46.2202],[12.6788,46.2259],[12.681,46.2319],[12.6769,46.2349],[12.683,46.2562],[12.7028,46.2574],[12.6964,46.263],[12.6983,46.2678],[12.7152,46.2732],[12.7124,46.2789],[12.7258,46.2957],[12.7467,46.3063],[12.7447,46.3159],[12.7502,46.3197],[12.7402,46.3287],[12.7418,46.3387],[12.7287,46.3588],[12.7404,46.3668],[12.7279,46.3758],[12.7246,46.3873],[12.7053,46.3951],[12.6886,46.3959],[12.6634,46.3754],[12.6464,46.3691],[12.6389,46.3761],[12.6174,46.3783],[12.5871,46.4046],[12.5765,46.4021],[12.5804,46.4101],[12.5544,46.4175],[12.5487,46.4294],[12.5352,46.4311],[12.5241,46.4395],[12.5123,46.4396],[12.5121,46.4441],[12.4931,46.4241],[12.4991,46.4125],[12.4812,46.4039],[12.4685,46.3899],[12.4549,46.3915],[12.4632,46.3695],[12.4515,46.3706],[12.4554,46.3651],[12.4286,46.3517],[12.4177,46.3547],[12.4209,46.3425],[12.4109,46.3307],[12.3782,46.3311],[12.353,46.3188],[12.3573,46.3123],[12.352,46.3073],[12.3563,46.2939],[12.3281,46.2805],[12.3493,46.2745],[12.3518,46.2804],[12.3641,46.2778],[12.3727,46.2853],[12.3919,46.2825],[12.3988,46.2898],[12.4049,46.2897],[12.4058,46.2998],[12.4559,46.3206],[12.4817,46.2933],[12.5069,46.2872],[12.5011,46.2769],[12.5722,46.2877],[12.5855,46.2758],[12.5865,46.2696],[12.582,46.2682],[12.5841,46.2527],[12.6004,46.2549],[12.6088,46.2617],[12.6201,46.2575],[12.6067,46.2432],[12.6225,46.2311],[12.6099,46.2101],[12.6151,46.2024],[12.6273,46.2064],[12.6384,46.1993]]]},"properties":{"code":"IT3310001","name":"Dolomiti Friulane","country":"Italy","designation":"SPA","area_ha":36737.5}},{"type":"Feature","geometry":{"type":"Polygon","coordinates":[[[11.477,46.0978],[11.4829,46.0993],[11.4867,46.108],[11.5038,46.1072],[11.4815,46.1227],[11.4731,46.1214],[11.4499,46.1444],[11.4289,46.1518],[11.4323,46.1618],[11.4467,46.154],[11.4591,46.1549],[11.4682,46.1468],[11.478,46.1475],[11.4889,46.1373],[11.53,46.1636],[11.5275,46.1548],[11.5102,46.1391],[11.5052,46.1395],[11.4981,46.1202],[11.5116,46.1191],[11.5174,46.1115],[11.5139,46.1058],[11.5218,46.1003],[11.5584,46.1068],[11.5918,46.1005],[11.6057,46.1161],[11.6011,46.1345],[11.6126,46.1368],[11.6231,46.136],[11.6257,46.1249],[11.6402,46.1255],[11.6611,46.1163],[11.681,46.1186],[11.6915,46.1141],[11.6894,46.119],[11.6949,46.1252],[11.6458,46.1375],[11.6451,46.1499],[11.6362,46.1572],[11.6367,46.1676],[11.6578,46.1742],[11.6811,46.1686],[11.6942,46.1772],[11.6872,46.1878],[11.6583,46.2066],[11.6716,46.2032],[11.6803,46.2153],[11.6746,46.2268],[11.6789,46.2313],[11.6925,46.2234],[11.6977,46.2094],[11.7116,46.2012],[11.7302,46.2011],[11.7332,46.1957],[11.7413,46.1975],[11.7522,46.1908],[11.7731,46.1981],[11.7903,46.198],[11.7901,46.2093],[11.7968,46.2145],[11.7903,46.2252],[11.7983,46.2405],[11.7972,46.2501],[11.7827,46.2442],[11.7693,46.2297],[11.7647,46.2301],[11.7638,46.2368],[11.7501,46.2508],[11.7563,46.2687],[11.7655,46.2743],[11.7707,46.2847],[11.7676,46.2894],[11.7733,46.2927],[11.7712,46.2977],[11.7858,46.3005],[11.7826,46.306],[11.8037,46.3008],[11.7898,46.2976],[11.8025,46.2905],[11.8013,46.2807],[11.8081,46.2717],[11.8187,46.2717],[11.8156,46.2768],[11.8248,46.2731],[11.8161,46.2616],[11.8192,46.2534],[11.8261,46.2517],[11.8221,46.2434],[11.8285,46.2366],[11.8281,46.2243],[11.823,46.2252],[11.832,46.2136],[11.8272,46.2085],[11.8323,46.2009],[11.8407,46.2012],[11.8465,46.1944],[11.8686,46.2043],[11.8761,46.2145],[11.8739,46.2205],[11.8792,46.2164],[11.8778,46.2104],[11.898,46.2091],[11.9291,46.2488],[11.9214,46.2479],[11.9045,46.2562],[11.892,46.2526],[11.8848,46.261],[11.8883,46.2727],[11.8851,46.2788],[11.8629,46.2713],[11.8381,46.2703],[11.8263,46.285],[11.8415,46.3062],[11.8315,46.3132],[11.8318,46.3251],[11.8028,46.3332],[11.8022,46.343],[11.7636,46.3604],[11.762,46.3514],[11.7599,46.3573],[11.7498,46.3587],[11.73,46.3458],[11.7069,46.3524],[11.7061,46.345],[11.7199,46.346],[11.7239,46.3383],[11.7172,46.3291],[11.704,46.3265],[11.6958,46.3137],[11.7211,46.3005],[11.7387,46.3095],[11.7484,46.3076],[11.712,46.2967],[11.7029,46.3045],[11.6956,46.3043],[11.6961,46.2995],[11.6921,46.2989],[11.6982,46.295],[11.6972,46.2858],[11.6928,46.2806],[11.675,46.2761],[11.6725,46.2693],[11.6565,46.2633],[11.6399,46.2672],[11.6236,46.2645],[11.604,46.2565],[11.5832,46.238],[11.5464,46.2434],[11.4983,46.2085],[11.4849,46.2268],[11.476,46.2198],[11.4648,46.2234],[11.4572,46.2094],[11.4657,46.2034],[11.4467,46.1968],[11.4211,46.2147],[11.4185,46.2394],[11.4122,46.2472],[11.3929,46.2328],[11.3902,46.2207],[11.3829,46.2256],[11.3852,46.236],[11.3678,46.2428],[11.3767,46.2331],[11.384,46.211],[11.3934,46.2057],[11.4008,46.214],[11.398,46.2069],[11.4041,46.208],[11.3891,46.1958],[11.3905,46.1884],[11.3814,46.1851],[11.3836,46.1751],[11.3921,46.1682],[11.3716,46.1574],[11.3888,46.1365],[11.4028,46.1323],[11.3993,46.1254],[11.4312,46.1215],[11.4525,46.1098],[11.4652,46.1082],[11.4708,46.1045],[11.4686,46.1008],[11.477,46.0978]]]},"properties":{"code":"IT3120160","name":"Lagorai","country":"Italy","designation":"SPA","area_ha":46180.8}},{"type":"Feature","geometry":{"type":"Polygon","coordinates":[[[11.9664,46.4782],[11.9773,46.4862],[11.9731,46.493],[11.9806,46.4923],[11.9896,46.5059],[11.983,46.5216],[11.9881,46.5239],[11.9836,46.5258],[11.9858,46.5297],[11.9689,46.5232],[11.9477,46.5302],[11.9332,46.5274],[11.9135,46.5332],[11.9012,46.53],[11.9044,46.5184],[11.9192,46.5041],[11.9252,46.5053],[11.9245,46.5011],[11.9409,46.4963],[11.9664,46.4782]]]},"properties":{"code":"IT3230086","name":"Col di Lana - Settsas - Cherz","country":"Italy","designation":"SPA","area_ha":2348.7}},{"type":"Feature","geometry":{"type":"Polygon","coordinates":[[[12.3216,46.2679],[12.3297,46.2841],[12.3561,46.2937],[12.3523,46.3075],[12.3573,46.3129],[12.353,46.3189],[12.3773,46.3312],[12.4095,46.3302],[12.4209,46.3423],[12.4177,46.3549],[12.4285,46.3517],[12.4549,46.3649],[12.4515,46.3707],[12.4633,46.3695],[12.455,46.3916],[12.4683,46.3899],[12.481,46.4038],[12.4993,46.4126],[12.4944,46.4266],[12.5142,46.4465],[12.5309,46.4485],[12.5269,46.4564],[12.5308,46.4647],[12.5399,46.4564],[12.5693,46.4767],[12.6063,46.4641],[12.6242,46.4753],[12.6569,46.4654],[12.6623,46.4687],[12.658,46.4789],[12.6301,46.5012],[12.6306,46.5122],[12.6752,46.526],[12.6986,46.5412],[12.7171,46.5452],[12.726,46.5391],[12.749,46.5436],[12.7325,46.5575],[12.7358,46.5662],[12.7319,46.571],[12.742,46.5765],[12.7382,46.5881],[12.742,46.5959],[12.729,46.6103],[12.7273,46.6205],[12.7321,46.6248],[12.7277,46.6309],[12.7323,46.6346],[12.7278,46.6397],[12.716,46.6493],[12.6907,46.6571],[12.6579,46.6573],[12.6418,46.652],[12.6337,46.6551],[12.6312,46.6614],[12.6191,46.6619],[12.5649,46.6519],[12.516,46.6787],[12.478,46.68],[12.434,46.6685],[12.4204,46.6561],[12.43,46.6453],[12.416,46.6519],[12.4055,46.6427],[12.3801,46.6433],[12.378,46.6371],[12.39,46.6276],[12.3851,46.6227],[12.3599,46.6195],[12.346,46.6246],[12.3379,46.6332],[12.3358,46.6286],[12.3152,46.6305],[12.3165,46.6243],[12.3071,46.6192],[12.2844,46.6175],[12.2706,46.6211],[12.2607,46.6298],[12.2439,46.625],[12.2413,46.617],[12.2258,46.6135],[12.246,46.6013],[12.2575,46.5998],[12.2667,46.6047],[12.2882,46.5921],[12.2963,46.5986],[12.3168,46.6001],[12.3303,46.5983],[12.3603,46.5824],[12.3914,46.5843],[12.3917,46.5792],[12.4019,46.5731],[12.4389,46.56],[12.4459,46.5535],[12.4573,46.5538],[12.4585,46.5484],[12.4706,46.5443],[12.4633,46.5409],[12.4703,46.5333],[12.4663,46.5184],[12.4833,46.5037],[12.4843,46.4963],[12.491,46.4951],[12.4776,46.4784],[12.4447,46.475],[12.4108,46.4514],[12.4166,46.4489],[12.4095,46.4492],[12.3929,46.4358],[12.3899,46.43],[12.3935,46.4262],[12.3839,46.4135],[12.3734,46.4094],[12.3682,46.3993],[12.3252,46.4011],[12.2593,46.3651],[12.2002,46.3575],[12.2043,46.3536],[12.1954,46.3452],[12.2241,46.3397],[12.2328,46.3325],[12.2344,46.3209],[12.224,46.3048],[12.2416,46.2947],[12.2413,46.284],[12.2501,46.2736],[12.27,46.2787],[12.2857,46.2739],[12.2889,46.2926],[12.3006,46.2982],[12.3104,46.2953],[12.3236,46.3041],[12.3224,46.3138],[12.3153,46.3181],[12.3164,46.3243],[12.323,46.333],[12.3257,46.3298],[12.3306,46.3337],[12.3307,46.3466],[12.3403,46.3604],[12.3538,46.3691],[12.351,46.3824],[12.3553,46.3988],[12.3519,46.381],[12.3552,46.3714],[12.3565,46.3852],[12.3602,46.3733],[12.3403,46.3597],[12.3313,46.3448],[12.3309,46.3336],[12.3177,46.3212],[12.3238,46.3039],[12.3107,46.2949],[12.31,46.2844],[12.3147,46.2816],[12.3168,46.2861],[12.3216,46.2679]],[[12.3244,46.3148],[12.3209,46.3187],[12.3274,46.3164],[12.3244,46.3148]],[[12.367,46.387],[12.365,46.3973],[12.371,46.3923],[12.367,46.387]],[[12.5247,46.5389],[12.5279,46.5431],[12.5286,46.5428],[12.5247,46.5389]],[[12.5617,46.5502],[12.5533,46.5558],[12.5343,46.5515],[12.5478,46.5539],[12.5434,46.5644],[12.5627,46.5603],[12.586,46.5671],[12.5878,46.5702],[12.583,46.5719],[12.5903,46.5778],[12.5973,46.5791],[12.5899,46.573],[12.6135,46.5778],[12.591,46.5703],[12.5852,46.5601],[12.5763,46.5635],[12.5621,46.5598],[12.5666,46.5502],[12.5617,46.5502]],[[12.4922,46.5637],[12.4922,46.5649],[12.4933,46.565],[12.4922,46.5637]],[[12.6759,46.5594],[12.6737,46.5626],[12.6796,46.5641],[12.6651,46.567],[12.724,46.572],[12.7202,46.5662],[12.7224,46.5724],[12.6916,46.5671],[12.6854,46.5602],[12.6759,46.5594]],[[12.4999,46.5649],[12.5071,46.5707],[12.5269,46.566],[12.507,46.5695],[12.4999,46.5649]],[[12.5561,46.5668],[12.5445,46.5716],[12.544,46.5766],[12.5561,46.5668]],[[12.4834,46.5709],[12.4813,46.5725],[12.483,46.5717],[12.4834,46.5709]],[[12.5393,46.5705],[12.5171,46.5842],[12.5222,46.5857],[12.5231,46.601],[12.515,46.5879],[12.4923,46.5966],[12.4832,46.6049],[12.4854,46.5991],[12.4796,46.5962],[12.4735,46.5994],[12.4774,46.6026],[12.4639,46.6055],[12.4783,46.6052],[12.4758,46.6141],[12.4864,46.6027],[12.5165,46.59],[12.5319,46.6114],[12.5246,46.601],[12.5226,46.5843],[12.531,46.5815],[12.5393,46.5705]],[[12.572,46.576],[12.5705,46.5804],[12.58,46.5842],[12.572,46.576]],[[12.5824,46.5816],[12.5821,46.5818],[12.5833,46.5823],[12.5824,46.5816]],[[12.6248,46.5816],[12.6236,46.5822],[12.6262,46.5824],[12.6248,46.5816]],[[12.5326,46.5856],[12.5315,46.5904],[12.5388,46.5929],[12.5326,46.5856]],[[12.5062,46.587],[12.5034,46.589],[12.5071,46.5879],[12.5062,46.587]],[[12.4724,46.6177],[12.4676,46.6213],[12.4715,46.62],[12.4724,46.6177]],[[12.4608,46.6255],[12.4522,46.6305],[12.4548,46.6313],[12.4608,46.6255]],[[12.4677,46.6254],[12.4661,46.6262],[12.4673,46.6266],[12.4677,46.6254]]]},"properties":{"code":"IT3230089","name":"Dolomiti del Cadore e del Comelico","country":"Italy","designation":"SPA","area_ha":70328.1}},{"type":"Feature","geometry":{"type":"Polygon","coordinates":[[[11.9629,45.8804],[11.9648,45.8852],[11.9567,45.8948],[11.9453,45.8998],[11.9462,45.8901],[11.9629,45.8804]]]},"properties":{"code":"IT3240034","name":"Garzaia di Pederobba","country":"Italy","designation":"SPA","area_ha":163.3}},{"type":"Feature","geometry":{"type":"MultiPolygon","coordinates":[[[[11.9862,46.0381],[12.0155,46.0586],[11.9972,46.0538],[11.9862,46.0381]]],[[[11.9769,46.0034],[11.98,46.0125],[11.9909,46.021],[11.9881,46.0376],[11.9714,46.0314],[11.9789,46.0262],[11.9744,46.0153],[11.9608,46.0169],[11.948,46.0115],[11.9681,46.0135],[11.9687,46.0074],[11.9769,46.0034]]]]},"properties":{"code":"IT3230032","name":"Lago di Busche - Vincheto di Cellarda - Fontane","country":"Italy","designation":"SPA","area_ha":536.6}},{"type":"Feature","geometry":{"type":"Polygon","coordinates":[[[11.8426,46.0031],[11.8611,46.0097],[11.8588,46.014],[11.8659,46.019],[11.871,46.0196],[11.8722,46.0142],[11.8911,46.0255],[11.8841,46.0329],[11.8722,46.0289],[11.8706,46.0446],[11.8927,46.0449],[11.8915,46.0367],[11.8974,46.0328],[11.9289,46.0616],[11.9408,46.0636],[11.9533,46.0782],[11.9541,46.0968],[11.9391,46.1057],[11.9373,46.1143],[11.9203,46.1078],[11.9293,46.1082],[11.9279,46.0991],[11.9314,46.0947],[11.9426,46.094],[11.941,46.086],[11.9202,46.0908],[11.9099,46.0795],[11.8953,46.0827],[11.8953,46.0755],[11.882,46.0681],[11.8691,46.0786],[11.8699,46.07],[11.8577,46.0644],[11.8573,46.0579],[11.8493,46.0601],[11.8494,46.0496],[11.8335,46.0465],[11.8311,46.0632],[11.8411,46.0581],[11.8496,46.0696],[11.8362,46.0698],[11.8307,46.074],[11.8333,46.0787],[11.8237,46.0746],[11.819,46.082],[11.8069,46.0695],[11.7972,46.0782],[11.7843,46.0771],[11.7897,46.0824],[11.7688,46.0897],[11.7626,46.0872],[11.7661,46.0779],[11.762,46.0711],[11.7646,46.0389],[11.761,46.0344],[11.7667,46.0238],[11.8007,46.0208],[11.8188,46.0114],[11.8316,46.0111],[11.8426,46.0031]]]},"properties":{"code":"IT3230087","name":"Versante Sud delle Dolomiti Feltrine","country":"Italy","designation":"SPA","area_ha":8093.7}},{"type":"Feature","geometry":{"type":"Polygon","coordinates":[[[11.9774,45.9219],[12.0081,45.9319],[12.0213,45.9234],[12.0298,45.9268],[12.0258,45.9316],[12.0448,45.9286],[12.0559,45.9448],[12.0659,45.942],[12.0862,45.9505],[12.0919,45.9577],[12.1004,45.9508],[12.1116,45.9544],[12.1183,45.9625],[12.1138,45.9718],[12.1158,45.9805],[12.1291,45.9837],[12.1265,45.9786],[12.1356,45.9679],[12.1368,45.9781],[12.1478,45.9866],[12.1546,45.9781],[12.162,45.9787],[12.1589,45.9827],[12.164,45.9844],[12.1622,45.9884],[12.1697,45.9872],[12.1753,45.9983],[12.2145,45.9988],[12.2418,46.014],[12.268,46.0217],[12.2708,46.0293],[12.2889,46.0351],[12.29,46.0298],[12.3277,46.0717],[12.3198,46.1011],[12.3111,46.1042],[12.3071,46.0936],[12.2976,46.0864],[12.3025,46.0756],[12.2902,46.0605],[12.2824,46.0563],[12.2713,46.0599],[12.2697,46.0548],[12.2738,46.0537],[12.269,46.0522],[12.2691,46.0463],[12.2476,46.0405],[12.2484,46.0314],[12.2312,46.0245],[12.2264,46.023],[12.216,46.0319],[12.2185,46.0223],[12.2126,46.0165],[12.2071,46.0185],[12.1974,46.0114],[12.1892,46.0294],[12.1844,46.0187],[12.175,46.0247],[12.169,46.0233],[12.1681,46.007],[12.1626,46.0132],[12.1511,46.012],[12.1359,46.0221],[12.1331,46.0157],[12.1092,46.0119],[12.1071,46.0048],[12.1015,46.0081],[12.0829,45.9988],[12.0793,45.9846],[12.0609,45.9827],[12.0432,45.9952],[12.043,45.9887],[12.0371,45.9909],[12.0139,45.9784],[11.9934,45.9794],[11.9934,45.9747],[11.98,45.9738],[11.9748,45.9686],[11.955,45.9684],[11.9603,45.9607],[11.959,45.9526],[11.9798,45.9484],[11.9672,45.9277],[11.9774,45.9219]]]},"properties":{"code":"IT3240024","name":"Dorsale prealpina tra Valdobbiadene e Serravalle","country":"Italy","designation":"SPA","area_ha":11614.1}},{"type":"Feature","geometry":{"type":"Polygon","coordinates":[[[11.9161,46.221],[11.9295,46.2374],[11.9431,46.2417],[11.9432,46.2512],[11.9567,46.2676],[11.9636,46.2689],[11.9607,46.2722],[11.9862,46.2829],[11.974,46.3011],[11.9773,46.3063],[11.9866,46.3054],[11.9886,46.313],[11.9846,46.3135],[11.9837,46.3211],[11.9717,46.3305],[11.953,46.3329],[11.9476,46.34],[11.9299,46.3463],[11.9239,46.3568],[11.9041,46.3459],[11.9131,46.3596],[11.9102,46.3614],[11.8661,46.3533],[11.856,46.3402],[11.8405,46.3405],[11.833,46.3352],[11.8009,46.3385],[11.8029,46.333],[11.832,46.3251],[11.8338,46.3108],[11.8418,46.3066],[11.8263,46.285],[11.8381,46.2703],[11.8628,46.2706],[11.8861,46.2779],[11.8886,46.2678],[11.8851,46.2606],[11.8936,46.2513],[11.9048,46.2561],[11.9221,46.2475],[11.9291,46.2489],[11.9163,46.2376],[11.9116,46.2232],[11.9161,46.221]]]},"properties":{"code":"IT3230043","name":"Pale di San Martino: Focobon, Pape - San Lucano, Agner - Croda Granda","country":"Italy","designation":"SPA","area_ha":10904.6}},{"type":"Feature","geometry":{"type":"Polygon","coordinates":[[[18.4533,52.9986],[18.4666,53.001],[18.467,53.0073],[18.4791,53.0087],[18.4584,53.0138],[18.4644,53.0183],[18.3818,53.0581],[18.3437,53.0652],[18.3276,53.075],[18.32,53.0672],[18.3506,53.0536],[18.3498,53.0506],[18.3776,53.0479],[18.413,53.033],[18.432,53.0179],[18.454,53.0097],[18.46,53.004],[18.4499,53.0009],[18.4533,52.9986]]]},"properties":{"code":"PLH040011","name":"Dybowska Dolina Wis\u0142y","country":"Poland","designation":"SAC","area_ha":1393.9}},{"type":"Feature","geometry":{"type":"Polygon","coordinates":[[[18.1978,53.0842],[18.2195,53.0858],[18.221,53.0937],[18.1574,53.0992],[18.1556,53.1153],[18.1651,53.1273],[18.2157,53.153],[18.2241,53.1631],[18.2172,53.1751],[18.2212,53.177],[18.2082,53.1818],[18.21,53.1924],[18.2018,53.197],[18.2027,53.2064],[18.2642,53.2239],[18.2622,53.2314],[18.3051,53.2507],[18.322,53.2644],[18.3301,53.3049],[18.3468,53.3217],[18.363,53.3317],[18.379,53.334],[18.386,53.3436],[18.4064,53.3497],[18.4175,53.3577],[18.4157,53.3621],[18.4545,53.3763],[18.4869,53.4052],[18.4733,53.4084],[18.434,53.3779],[18.4201,53.3772],[18.3714,53.3574],[18.317,53.3094],[18.3127,53.2825],[18.3014,53.2687],[18.2754,53.2587],[18.2565,53.2425],[18.1981,53.2273],[18.182,53.2149],[18.1759,53.1952],[18.1877,53.1945],[18.1954,53.1735],[18.1942,53.1644],[18.1835,53.152],[18.1426,53.1336],[18.1316,53.1162],[18.1366,53.1034],[18.1476,53.0945],[18.1978,53.0842]]]},"properties":{"code":"PLH040003","name":"Solecka Dolina Wis\u0142y","country":"Poland","designation":"SAC","area_ha":7039.5}},{"type":"Feature","geometry":{"type":"Polygon","coordinates":[[[18.7833,52.8888],[18.7868,52.889],[18.7779,52.8912],[18.7833,52.8888]]]},"properties":{"code":"PLH040019","name":"Ciechocinek","country":"Poland","designation":"SAC","area_ha":13.2}},{"type":"Feature","geometry":{"type":"Polygon","coordinates":[[[18.3737,53.2081],[18.3769,53.2149],[18.3894,53.2184],[18.3902,53.2249],[18.3988,53.2269],[18.3997,53.2355],[18.4118,53.2409],[18.3958,53.2382],[18.4036,53.2421],[18.4019,53.2472],[18.3956,53.2478],[18.3984,53.2571],[18.4032,53.2585],[18.3939,53.2574],[18.3927,53.2669],[18.3982,53.27],[18.3912,53.2768],[18.4013,53.2815],[18.392,53.2794],[18.39,53.2933],[18.3816,53.2948],[18.3796,53.2996],[18.3839,53.3012],[18.3739,53.3098],[18.38,53.3176],[18.3821,53.314],[18.4032,53.3155],[18.3868,53.3175],[18.3948,53.3232],[18.3812,53.3204],[18.386,53.325],[18.3795,53.3307],[18.3778,53.3167],[18.3714,53.3095],[18.373,53.297],[18.3683,53.2948],[18.3767,53.2929],[18.3746,53.2869],[18.38,53.2807],[18.3728,53.2655],[18.387,53.2547],[18.3804,53.2364],[18.3921,53.2345],[18.3839,53.2202],[18.3715,53.2123],[18.3737,53.2081]]]},"properties":{"code":"PLH040040","name":"Zbocza P\u0142utowskie","country":"Poland","designation":"SAC","area_ha":1012.7}},{"type":"Feature","geometry":{"type":"Polygon","coordinates":[[[18.1793,53.2179],[18.1802,53.2187],[18.1744,53.2204],[18.1793,53.2179]]]},"properties":{"code":"PLH040047","name":"Jaskinie Bajka","country":"Poland","designation":"SAC","area_ha":4.1}},{"type":"Feature","geometry":{"type":"Polygon","coordinates":[[[18.6229,52.8886],[18.6315,52.8933],[18.6343,52.9169],[18.6731,52.9218],[18.6657,52.9505],[18.6488,52.9522],[18.6443,52.9656],[18.6336,52.9643],[18.6311,52.9711],[18.6058,52.9684],[18.6039,52.9739],[18.582,52.975],[18.5631,52.9572],[18.5653,52.9419],[18.5423,52.913],[18.5773,52.8978],[18.6229,52.8886]]]},"properties":{"code":"PLH040041","name":"Wydmy Kotliny Toru\u0144skiej","country":"Poland","designation":"SAC","area_ha":5297.2}},{"type":"Feature","geometry":{"type":"Polygon","coordinates":[[[18.5562,53.0543],[18.5579,53.0549],[18.5537,53.0587],[18.5562,53.0543]]]},"properties":{"code":"PLH040043","name":"Leniec w Barbarce","country":"Poland","designation":"SAC","area_ha":4.1}},{"type":"Feature","geometry":{"type":"Polygon","coordinates":[[[18.0158,53.0101],[18.0268,53.0109],[18.0164,53.0198],[18.0076,53.0117],[18.0158,53.0101]]]},"properties":{"code":"PLH040045","name":"Dziki Ostr\u00f3w","country":"Poland","designation":"SAC","area_ha":74.7}},{"type":"Feature","geometry":{"type":"Polygon","coordinates":[[[18.8883,52.848],[18.9114,52.8574],[18.8933,52.8696],[18.8732,52.8736],[18.8688,52.884],[18.8448,52.9004],[18.7534,52.919],[18.7391,52.9258],[18.7312,52.9322],[18.7334,52.9415],[18.7199,52.9697],[18.7052,52.9839],[18.7003,53.0003],[18.6888,52.9981],[18.7008,52.9768],[18.6878,52.977],[18.6885,52.9623],[18.7039,52.9422],[18.7063,52.931],[18.729,52.9051],[18.7384,52.9053],[18.7477,52.9118],[18.7876,52.9039],[18.8025,52.8911],[18.8249,52.8871],[18.8426,52.8662],[18.8883,52.848]]]},"properties":{"code":"PLH040012","name":"Nieszawska Dolina Wis\u0142y","country":"Poland","designation":"SAC","area_ha":3897.2}},{"type":"Feature","geometry":{"type":"Polygon","coordinates":[[[19.121,52.6532],[19.1332,52.6539],[19.1359,52.6662],[19.1093,52.6652],[19.0893,52.6719],[19.0897,52.6663],[19.0736,52.6676],[19.0351,52.6828],[19.0314,52.6863],[19.0423,52.6899],[19.0431,52.6964],[19.0306,52.7019],[19.0328,52.7107],[19.0162,52.7224],[19.0109,52.737],[19.0207,52.739],[19.0219,52.7465],[18.9964,52.7652],[18.9714,52.758],[18.9371,52.7909],[18.9225,52.8193],[18.9351,52.8451],[18.9195,52.8459],[18.9132,52.8535],[18.8891,52.8477],[18.9037,52.8367],[18.9077,52.8116],[18.9219,52.7842],[18.9494,52.7663],[18.9677,52.7307],[19.0189,52.6841],[19.0153,52.6824],[19.0533,52.6663],[19.121,52.6532]]]},"properties":{"code":"PLH040039","name":"W\u0142oc\u0142awska Dolina Wis\u0142y","country":"Poland","designation":"SAC","area_ha":4770.4}},{"type":"Feature","geometry":{"type":"Polygon","coordinates":[[[18.5303,52.9535],[18.5465,52.9605],[18.5493,52.9628],[18.5303,52.9535]]]},"properties":{"code":"PLH040044","name":"Leniec w Chor\u0105giewce","country":"Poland","designation":"SAC","area_ha":12.1}},{"type":"Feature","geometry":{"type":"MultiPolygon","coordinates":[[[[21.263,53.2722],[21.2768,53.2785],[21.2472,53.2897],[21.2208,53.3065],[21.2226,53.2938],[21.2301,53.2852],[21.2566,53.2783],[21.263,53.2722]]],[[[21.3051,53.2408],[21.319,53.2545],[21.301,53.2626],[21.3048,53.2663],[21.2983,53.2688],[21.301,53.2714],[21.2827,53.2757],[21.2726,53.2667],[21.2882,53.2488],[21.285,53.2466],[21.3051,53.2408]]]]},"properties":{"code":"PLH140047","name":"Bory Chrobotkowe Karaska","country":"Poland","designation":"SAC","area_ha":1125.5}},{"type":"Feature","geometry":{"type":"Polygon","coordinates":[[[21.3618,53.2273],[21.3797,53.2352],[21.3701,53.2524],[21.3395,53.2658],[21.331,53.2612],[21.3683,53.236],[21.3597,53.2318],[21.3493,53.2387],[21.3372,53.2351],[21.3618,53.2273]]]},"properties":{"code":"PLH140046","name":"Bory bagienne i torfowiska Karaska","country":"Poland","designation":"SAC","area_ha":559.3}},{"type":"Feature","geometry":{"type":"Polygon","coordinates":[[[21.1862,53.1136],[21.2222,53.1296],[21.2035,53.1366],[21.205,53.1413],[21.1928,53.1511],[21.1549,53.159],[21.1617,53.1628],[21.1468,53.1764],[21.1817,53.184],[21.1507,53.1898],[21.1425,53.2052],[21.1536,53.2045],[21.158,53.2102],[21.1433,53.214],[21.1475,53.2127],[21.1425,53.2093],[21.1484,53.208],[21.1376,53.1991],[21.1426,53.1949],[21.1299,53.1902],[21.137,53.1784],[21.1444,53.1753],[21.1481,53.1634],[21.1301,53.1538],[21.137,53.1479],[21.1335,53.1441],[21.1862,53.1136]]]},"properties":{"code":"PLH140052","name":"Zachodniokurpiowskie Bory Sasankowe","country":"Poland","designation":"SAC","area_ha":2216.0}},{"type":"Feature","geometry":{"type":"MultiPolygon","coordinates":[[[[21.5666,53.3884],[21.6251,53.3922],[21.6288,53.397],[21.6011,53.4017],[21.5904,53.3967],[21.5804,53.4028],[21.5788,53.3913],[21.5629,53.3926],[21.5666,53.3884]]],[[[21.4934,53.3697],[21.5075,53.3711],[21.5053,53.3844],[21.5158,53.3934],[21.5216,53.3918],[21.5204,53.3844],[21.5254,53.3778],[21.5364,53.3881],[21.5332,53.3982],[21.5056,53.3973],[21.4912,53.3828],[21.4947,53.3809],[21.4896,53.3726],[21.4934,53.3697]]],[[[21.6119,53.3306],[21.6119,53.3344],[21.6695,53.3361],[21.6542,53.3495],[21.6814,53.3627],[21.6839,53.3681],[21.6593,53.3712],[21.6262,53.3619],[21.6203,53.3506],[21.6249,53.3486],[21.6149,53.3471],[21.5961,53.3339],[21.6119,53.3306]]]]},"properties":{"code":"PLH140049","name":"Myszynieckie Bory Sasankowe","country":"Poland","designation":"SAC","area_ha":1938.3}},{"type":"Feature","geometry":{"type":"Polygon","coordinates":[[[21.5983,53.3593],[21.6383,53.3682],[21.6406,53.3748],[21.6278,53.3797],[21.608,53.3783],[21.5983,53.3593]]]},"properties":{"code":"PLH140057","name":"Torfowisko Serafin","country":"Poland","designation":"SAC","area_ha":369.7}},{"type":"Feature","geometry":{"type":"MultiPolygon","coordinates":[[[[19.0655,52.7491],[19.071,52.7546],[19.0619,52.7572],[19.0617,52.7496],[19.0655,52.7491]]],[[[19.0978,52.7351],[19.1016,52.7377],[19.0927,52.7407],[19.0927,52.7456],[19.0866,52.7453],[19.0867,52.7392],[19.0978,52.7351]]],[[[19.088,52.7339],[19.091,52.7358],[19.0844,52.7355],[19.088,52.7339]]]]},"properties":{"code":"PLH040013","name":"Cyprianka","country":"Poland","designation":"SAC","area_ha":109.4}},{"type":"Feature","geometry":{"type":"Polygon","coordinates":[[[18.3103,53.1855],[18.3115,53.1888],[18.3084,53.189],[18.3103,53.1855]]]},"properties":{"code":"PLH040020","name":"Torfowisko Linie","country":"Poland","designation":"SAC","area_ha":5.3}},{"type":"Feature","geometry":{"type":"MultiPolygon","coordinates":[[[[21.781,53.4445],[21.7935,53.447],[21.7776,53.4739],[21.7861,53.4799],[21.769,53.4818],[21.7587,53.4715],[21.7716,53.462],[21.7653,53.4603],[21.7637,53.4542],[21.781,53.4445]]],[[[21.7373,53.4485],[21.7544,53.4531],[21.7498,53.4633],[21.7345,53.4534],[21.7373,53.4485]]],[[[21.7169,53.4285],[21.718,53.4313],[21.7102,53.4315],[21.7169,53.4285]]],[[[21.7558,53.422],[21.7644,53.4247],[21.756,53.4307],[21.7516,53.4281],[21.7558,53.422]]],[[[21.7571,53.394],[21.7777,53.3968],[21.7755,53.4002],[21.757,53.3977],[21.7571,53.394]]],[[[22.0445,53.3573],[22.0496,53.3638],[22.0356,53.3603],[22.0445,53.3573]]],[[[22.0537,53.3364],[22.0521,53.3407],[22.0457,53.3392],[22.0537,53.3364]]],[[[21.741,53.3523],[21.7465,53.358],[21.7433,53.3616],[21.7358,53.3631],[21.7283,53.3581],[21.741,53.3523]]],[[[21.7132,53.3481],[21.7207,53.352],[21.7144,53.3548],[21.7075,53.3491],[21.7132,53.3481]]],[[[21.8576,53.3289],[21.862,53.3309],[21.8551,53.3313],[21.8576,53.3289]]],[[[21.752,53.3241],[21.7613,53.3252],[21.7512,53.3299],[21.7579,53.3353],[21.7451,53.341],[21.7331,53.3314],[21.752,53.3241]]],[[[21.7552,53.3041],[21.7798,53.3034],[21.779,53.3165],[21.7671,53.3178],[21.7673,53.3124],[21.7494,53.31],[21.7552,53.3041]]],[[[22.2879,53.2501],[22.2898,53.2548],[22.2763,53.2549],[22.2879,53.2501]]],[[[22.194,53.2271],[22.1989,53.2281],[22.1894,53.2291],[22.194,53.2271]]],[[[21.7139,53.2662],[21.7194,53.2676],[21.7144,53.2746],[21.7085,53.2737],[21.7139,53.2662]]],[[[21.7317,53.2306],[21.745,53.236],[21.7408,53.2474],[21.7232,53.2327],[21.7317,53.2306]]]]},"properties":{"code":"PLH200020","name":"Mokrad\u0142a Kolne\u0144skie i Kurpiowskie","country":"Poland","designation":"SAC","area_ha":1447.4}},{"type":"Feature","geometry":{"type":"Polygon","coordinates":[[[18.4571,53.4014],[18.4622,53.4063],[18.4544,53.4021],[18.4571,53.4014]]]},"properties":{"code":"PLH040025","name":"Zamek \u015awiecie","country":"Poland","designation":"SAC","area_ha":17.5}},{"type":"Feature","geometry":{"type":"MultiPolygon","coordinates":[[[[18.6029,53.0422],[18.607,53.0426],[18.6047,53.0436],[18.6029,53.0422]]],[[[18.634,53.0398],[18.6333,53.0416],[18.6305,53.041],[18.634,53.0398]]],[[[18.6469,52.9983],[18.6475,53.0014],[18.6452,52.9989],[18.6469,52.9983]]],[[[18.6184,52.9837],[18.6188,52.9839],[18.6181,52.984],[18.6184,52.9837]]],[[[18.614,52.9823],[18.6172,52.984],[18.6133,52.9833],[18.614,52.9823]]]]},"properties":{"code":"PLH040001","name":"Forty w Toruniu","country":"Poland","designation":"SAC","area_ha":12.9}},{"type":"Feature","geometry":{"type":"Polygon","coordinates":[[[21.8654,53.2342],[21.877,53.239],[21.8757,53.2456],[21.901,53.2638],[21.9005,53.2772],[21.8815,53.2818],[21.876,53.2875],[21.8562,53.2894],[21.8222,53.3173],[21.8213,53.3243],[21.8277,53.3312],[21.8098,53.335],[21.81,53.3406],[21.7947,53.3456],[21.7988,53.3621],[21.7881,53.3613],[21.7992,53.3694],[21.7973,53.38],[21.7883,53.3815],[21.7959,53.3965],[21.7875,53.4057],[21.7956,53.4091],[21.7916,53.4102],[21.7929,53.4158],[21.8044,53.4179],[21.8128,53.4261],[21.865,53.4424],[21.8668,53.4473],[21.863,53.4491],[21.8686,53.4504],[21.8717,53.4613],[21.8482,53.4559],[21.8449,53.4503],[21.8492,53.4446],[21.8408,53.4367],[21.8242,53.4388],[21.8208,53.4355],[21.8302,53.4307],[21.7959,53.4334],[21.796,53.4225],[21.7802,53.411],[21.7843,53.3986],[21.778,53.3967],[21.7783,53.3927],[21.7571,53.3892],[21.7349,53.3954],[21.7279,53.3918],[21.7446,53.3844],[21.7474,53.3771],[21.7679,53.3707],[21.7801,53.3563],[21.7814,53.3442],[21.802,53.3352],[21.8039,53.3282],[21.813,53.325],[21.8188,53.3061],[21.8453,53.2886],[21.8747,53.2815],[21.8735,53.2732],[21.8913,53.269],[21.8805,53.2559],[21.856,53.2416],[21.8654,53.2342]]]},"properties":{"code":"PLH200023","name":"Dolina Pisy","country":"Poland","designation":"SAC","area_ha":3224.9}},{"type":"Feature","geometry":{"type":"MultiPolygon","coordinates":[[[[21.6578,53.6558],[21.6738,53.6576],[21.6727,53.6609],[21.7028,53.659],[21.7211,53.6743],[21.7031,53.6868],[21.7457,53.6901],[21.7366,53.694],[21.7361,53.7],[21.7109,53.699],[21.7077,53.7033],[21.7115,53.7059],[21.7331,53.7051],[21.7468,53.6964],[21.7547,53.7008],[21.7183,53.7106],[21.7056,53.7098],[21.7003,53.6956],[21.6786,53.6843],[21.6601,53.6825],[21.6669,53.6654],[21.6549,53.6639],[21.6578,53.6558]]],[[[21.5887,53.5861],[21.6428,53.5977],[21.6386,53.6095],[21.6317,53.6087],[21.6303,53.613],[21.595,53.6088],[21.5986,53.5988],[21.5851,53.5967],[21.5887,53.5861]]],[[[21.8383,53.5376],[21.8533,53.5399],[21.8486,53.5557],[21.8403,53.5582],[21.849,53.5635],[21.8435,53.5658],[21.8476,53.5626],[21.8393,53.5642],[21.84,53.5604],[21.8264,53.5588],[21.8247,53.5646],[21.8365,53.5654],[21.8349,53.5697],[21.8414,53.571],[21.8369,53.5778],[21.8084,53.5767],[21.8153,53.5536],[21.8218,53.5522],[21.8237,53.5456],[21.8391,53.5456],[21.8383,53.5376]]],[[[21.6037,53.5451],[21.6548,53.5533],[21.6869,53.5877],[21.6608,53.5797],[21.6546,53.5681],[21.6384,53.5559],[21.6088,53.5531],[21.604,53.5627],[21.5972,53.5617],[21.5932,53.5732],[21.575,53.5751],[21.5716,53.5891],[21.55,53.59],[21.547,53.5985],[21.5399,53.5977],[21.537,53.6064],[21.523,53.6091],[21.5204,53.618],[21.5575,53.6311],[21.5561,53.6353],[21.5703,53.6399],[21.5679,53.6448],[21.5489,53.6411],[21.536,53.632],[21.5141,53.6308],[21.4955,53.6199],[21.5091,53.5873],[21.5267,53.5884],[21.5259,53.5822],[21.5183,53.5824],[21.5064,53.5687],[21.5078,53.5608],[21.5758,53.5541],[21.6037,53.5451]]],[[[21.7328,53.5325],[21.7445,53.5364],[21.737,53.5379],[21.7416,53.539],[21.7375,53.5408],[21.7422,53.5417],[21.7454,53.5532],[21.7392,53.557],[21.7799,53.5646],[21.7687,53.6047],[21.7521,53.6127],[21.7241,53.6029],[21.7275,53.593],[21.7152,53.5913],[21.7182,53.5832],[21.7041,53.5813],[21.7106,53.5632],[21.7174,53.5629],[21.7328,53.5325]]],[[[21.7578,53.504],[21.7641,53.5035],[21.7743,53.5198],[21.7783,53.5161],[21.777,53.508],[21.7836,53.5109],[21.7847,53.522],[21.7934,53.5231],[21.7872,53.5395],[21.8045,53.5418],[21.8017,53.5498],[21.7973,53.5492],[21.8016,53.5454],[21.7806,53.5497],[21.7486,53.5434],[21.7516,53.535],[21.7606,53.5355],[21.7642,53.5324],[21.7601,53.531],[21.7655,53.5297],[21.748,53.5224],[21.7525,53.5206],[21.7484,53.5194],[21.7578,53.504]]],[[[21.4612,53.4949],[21.4775,53.5029],[21.4703,53.5024],[21.4656,53.5104],[21.456,53.5093],[21.4416,53.5502],[21.4346,53.545],[21.4072,53.548],[21.4104,53.5604],[21.3891,53.5626],[21.3943,53.5755],[21.4344,53.5705],[21.4288,53.5865],[21.3969,53.5948],[21.4141,53.6005],[21.4127,53.6074],[21.4214,53.6029],[21.4279,53.6088],[21.4122,53.6138],[21.4135,53.617],[21.3965,53.6186],[21.4049,53.6325],[21.399,53.6347],[21.4026,53.6404],[21.3812,53.649],[21.3946,53.6492],[21.3951,53.6547],[21.4367,53.6515],[21.4346,53.6367],[21.4611,53.6298],[21.4636,53.6399],[21.4772,53.6385],[21.4802,53.6505],[21.5209,53.6505],[21.5467,53.6563],[21.5351,53.6597],[21.5161,53.6535],[21.5096,53.6615],[21.5057,53.6561],[21.5017,53.6591],[21.5062,53.6629],[21.4845,53.6673],[21.4794,53.6611],[21.4704,53.6606],[21.4929,53.6762],[21.5,53.6874],[21.5126,53.6887],[21.5256,53.6817],[21.508,53.6733],[21.5074,53.6668],[21.512,53.6663],[21.5233,53.6692],[21.528,53.6741],[21.5256,53.6792],[21.5397,53.6881],[21.5614,53.6823],[21.5551,53.6802],[21.5544,53.6686],[21.5602,53.6602],[21.5698,53.6614],[21.5654,53.6533],[21.5743,53.6514],[21.5684,53.6454],[21.5715,53.6421],[21.5853,53.639],[21.5777,53.6441],[21.5851,53.6452],[21.603,53.6657],[21.609,53.6831],[21.5995,53.6874],[21.5859,53.6826],[21.5783,53.6888],[21.5986,53.6923],[21.5998,53.6997],[21.6062,53.7039],[21.6072,53.6957],[21.6178,53.6865],[21.6605,53.7037],[21.6568,53.7095],[21.662,53.7186],[21.6415,53.7439],[21.6296,53.7426],[21.6103,53.7558],[21.5997,53.7576],[21.6025,53.7634],[21.5855,53.7756],[21.5849,53.7822],[21.5427,53.7889],[21.5466,53.8015],[21.5514,53.803],[21.5456,53.8095],[21.5344,53.8087],[21.5323,53.7993],[21.5246,53.8009],[21.5272,53.8047],[21.5172,53.8046],[21.5155,53.7993],[21.5047,53.8011],[21.5031,53.7912],[21.4901,53.7892],[21.4621,53.7929],[21.4398,53.8026],[21.4368,53.8102],[21.4404,53.8135],[21.4325,53.8129],[21.4282,53.8181],[21.4181,53.8162],[21.4214,53.8099],[21.4112,53.811],[21.414,53.8095],[21.4083,53.8064],[21.3916,53.8093],[21.394,53.8051],[21.3776,53.7971],[21.3661,53.8029],[21.362,53.7962],[21.3482,53.7956],[21.3449,53.7912],[21.3532,53.7833],[21.3487,53.7765],[21.3543,53.7733],[21.3483,53.7642],[21.3503,53.7572],[21.3565,53.7564],[21.3565,53.748],[21.3808,53.7449],[21.3787,53.7377],[21.3913,53.731],[21.3802,53.7192],[21.3805,53.7068],[21.3702,53.7043],[21.3729,53.6898],[21.3479,53.6906],[21.3364,53.7],[21.3176,53.7],[21.3218,53.7023],[21.3107,53.7074],[21.304,53.7039],[21.3023,53.6858],[21.3207,53.6705],[21.3543,53.6774],[21.3654,53.6717],[21.3611,53.6599],[21.3394,53.6533],[21.3335,53.6404],[21.3102,53.6366],[21.2951,53.6539],[21.2922,53.6724],[21.2641,53.6778],[21.2647,53.6915],[21.2597,53.7016],[21.2784,53.7107],[21.2768,53.7235],[21.2686,53.7273],[21.2728,53.7297],[21.2593,53.7467],[21.255,53.7459],[21.2579,53.7524],[21.237,53.764],[21.2267,53.7955],[21.1845,53.8203],[21.1658,53.8218],[21.1523,53.8395],[21.1385,53.8411],[21.1308,53.8352],[21.1347,53.8279],[21.1323,53.8197],[21.1446,53.8086],[21.0892,53.8104],[21.0925,53.8083],[21.0831,53.7935],[21.0961,53.7801],[21.092,53.7801],[21.0944,53.7693],[21.0901,53.7564],[21.0965,53.757],[21.0945,53.748],[21.1133,53.7409],[21.0993,53.7302],[21.103,53.7235],[21.0948,53.7037],[21.1075,53.6861],[21.1187,53.6866],[21.1233,53.6797],[21.1208,53.6707],[21.1506,53.656],[21.1817,53.6577],[21.1759,53.6414],[21.1786,53.6315],[21.1828,53.6461],[21.1796,53.6503],[21.1881,53.6572],[21.1887,53.6533],[21.207,53.6526],[21.2632,53.676],[21.2578,53.6706],[21.2639,53.6588],[21.2824,53.6628],[21.2851,53.6494],[21.2963,53.639],[21.2971,53.6328],[21.3028,53.6357],[21.31,53.629],[21.3067,53.6257],[21.311,53.6156],[21.3316,53.6118],[21.3388,53.6065],[21.3346,53.6],[21.3395,53.5985],[21.3461,53.6082],[21.371,53.6123],[21.3703,53.6201],[21.3624,53.6254],[21.3692,53.6236],[21.3769,53.6294],[21.3851,53.6025],[21.38,53.5837],[21.3525,53.5868],[21.3626,53.5685],[21.3526,53.5677],[21.3487,53.5533],[21.3741,53.5511],[21.3783,53.5434],[21.3848,53.5435],[21.3882,53.5382],[21.3947,53.54],[21.408,53.5308],[21.3908,53.5244],[21.4612,53.4949]],[[21.3436,53.607],[21.3337,53.6162],[21.3136,53.6199],[21.3139,53.6279],[21.3451,53.6331],[21.3399,53.631],[21.3444,53.6257],[21.3513,53.6277],[21.3454,53.6303],[21.3491,53.6338],[21.3558,53.6318],[21.3612,53.6178],[21.359,53.612],[21.3436,53.607]],[[21.4346,53.6715],[21.4269,53.6754],[21.4273,53.6825],[21.4188,53.6852],[21.4355,53.6936],[21.4379,53.6839],[21.4311,53.6794],[21.4346,53.6715]],[[21.4692,53.6692],[21.465,53.6741],[21.468,53.679],[21.4617,53.6854],[21.4688,53.6872],[21.4698,53.6973],[21.4949,53.6955],[21.5011,53.6901],[21.4891,53.6884],[21.4895,53.6832],[21.4805,53.6811],[21.4807,53.6704],[21.4692,53.6692]],[[21.2025,53.7167],[21.1883,53.7244],[21.1599,53.7303],[21.1469,53.7454],[21.1298,53.7449],[21.1262,53.751],[21.1353,53.7575],[21.1144,53.756],[21.1122,53.7795],[21.1001,53.7876],[21.1039,53.7942],[21.1326,53.7904],[21.1371,53.797],[21.1476,53.7954],[21.1468,53.7917],[21.155,53.7872],[21.1513,53.7837],[21.1599,53.768],[21.1745,53.7633],[21.1896,53.7526],[21.1915,53.7455],[21.213,53.7365],[21.2138,53.7208],[21.2025,53.7167]],[[21.4332,53.7664],[21.4232,53.7789],[21.4405,53.7895],[21.4443,53.7851],[21.4414,53.7779],[21.4473,53.7774],[21.4456,53.7742],[21.4525,53.7694],[21.4405,53.7681],[21.4391,53.7768],[21.4308,53.7753],[21.4366,53.7734],[21.4332,53.7664]]]]},"properties":{"code":"PLH280048","name":"Ostoja Piska","country":"Poland","designation":"SAC","area_ha":57871.0}},{"type":"Feature","geometry":{"type":"MultiPolygon","coordinates":[[[[21.8428,53.3617],[21.8424,53.3627],[21.8411,53.363],[21.8428,53.3617]]],[[[21.848,53.3602],[21.8501,53.3605],[21.8465,53.3613],[21.848,53.3602]]]]},"properties":{"code":"PLH200025","name":"Sasanki w Kolimagach","country":"Poland","designation":"SAC","area_ha":2.5}},{"type":"Feature","geometry":{"type":"Polygon","coordinates":[[[21.0999,52.7008],[21.1256,52.7174],[21.123,52.7315],[21.1156,52.7322],[21.1286,52.7456],[21.1202,52.7592],[21.1429,52.7617],[21.1557,52.7771],[21.1689,52.749],[21.1767,52.7484],[21.1802,52.7536],[21.2162,52.7555],[21.2185,52.7623],[21.2345,52.7669],[21.2601,52.7718],[21.2759,52.7686],[21.2761,52.7738],[21.2904,52.7778],[21.3014,52.7711],[21.2994,52.7666],[21.3211,52.7579],[21.3543,52.762],[21.346,52.7752],[21.3556,52.7742],[21.3728,52.7831],[21.395,52.7807],[21.4007,52.778],[21.3996,52.7732],[21.4068,52.7714],[21.4175,52.7759],[21.4511,52.7627],[21.4613,52.7712],[21.4865,52.7759],[21.4814,52.787],[21.5038,52.8031],[21.4914,52.8099],[21.4796,52.8262],[21.4929,52.8431],[21.4583,52.8474],[21.4448,52.866],[21.4195,52.8846],[21.4214,52.8974],[21.4437,52.9342],[21.471,52.9468],[21.4876,52.9438],[21.5049,52.9693],[21.5248,52.9763],[21.5267,52.9955],[21.5381,53.0132],[21.5352,53.0202],[21.5425,53.031],[21.5457,53.0493],[21.5641,53.0632],[21.5493,53.0677],[21.5719,53.0933],[21.6936,53.1298],[21.6918,53.1351],[21.7104,53.141],[21.7057,53.1468],[21.7137,53.1543],[21.7289,53.158],[21.7358,53.1673],[21.7618,53.1668],[21.7739,53.1823],[21.8249,53.2136],[21.9089,53.2404],[21.9232,53.2352],[21.9207,53.2304],[22.0066,53.2087],[22.0286,53.1884],[22.0618,53.1871],[22.0631,53.1939],[22.0819,53.184],[22.0945,53.1909],[22.0927,53.197],[22.068,53.2196],[22.0704,53.2268],[22.0632,53.2325],[22.055,53.2321],[22.0581,53.2368],[22.0455,53.2513],[21.9752,53.2545],[21.9694,53.2477],[21.9453,53.2598],[21.9284,53.2489],[21.8849,53.2441],[21.8523,53.2294],[21.8375,53.2312],[21.8375,53.2422],[21.8312,53.2447],[21.8056,53.2385],[21.8019,53.2271],[21.7705,53.2119],[21.7677,53.2063],[21.7251,53.1989],[21.7257,53.1843],[21.7003,53.1822],[21.6931,53.1743],[21.6975,53.1655],[21.6919,53.158],[21.6777,53.1616],[21.6615,53.1443],[21.6217,53.1474],[21.6164,53.1333],[21.6063,53.1276],[21.6086,53.1234],[21.5906,53.1214],[21.5579,53.0989],[21.5524,53.0915],[21.559,53.0874],[21.5402,53.0766],[21.5185,53.0414],[21.5002,53.0322],[21.4766,52.9914],[21.452,52.9753],[21.4483,52.9627],[21.4366,52.9531],[21.4065,52.9502],[21.3954,52.903],[21.4062,52.8884],[21.4069,52.8825],[21.4028,52.8809],[21.4091,52.8785],[21.4062,52.8751],[21.4173,52.8682],[21.4601,52.8188],[21.4601,52.8003],[21.4513,52.7835],[21.4356,52.7795],[21.41,52.7927],[21.392,52.7911],[21.3615,52.7984],[21.3521,52.7931],[21.3383,52.795],[21.3231,52.7906],[21.3032,52.8016],[21.2159,52.7845],[21.2048,52.7687],[21.1665,52.7731],[21.1305,52.7872],[21.0893,52.7274],[21.0944,52.7232],[21.0898,52.7117],[21.1022,52.7125],[21.096,52.7052],[21.0999,52.7008]]]},"properties":{"code":"PLB140014","name":"Dolina Dolnej Narwi","country":"Poland","designation":"SPA","area_ha":26545.2}},{"type":"Feature","geometry":{"type":"Polygon","coordinates":[[[21.5392,53.0739],[21.5454,53.0797],[21.5386,53.0856],[21.5412,53.0877],[21.518,53.0928],[21.5102,53.0978],[21.5141,53.1025],[21.4856,53.1131],[21.4712,53.1117],[21.4636,53.1137],[21.4627,53.1182],[21.4534,53.1158],[21.4271,53.1222],[21.4554,53.1377],[21.4446,53.1538],[21.4081,53.1539],[21.386,53.1619],[21.3902,53.1676],[21.3982,53.1653],[21.4007,53.1685],[21.3725,53.1871],[21.3603,53.2102],[21.3443,53.2212],[21.3232,53.2268],[21.3038,53.2416],[21.285,53.2466],[21.2882,53.2488],[21.2726,53.2667],[21.2628,53.2699],[21.2566,53.2783],[21.2371,53.2805],[21.2163,53.2972],[21.2177,53.3024],[21.2131,53.3051],[21.1617,53.32],[21.162,53.325],[21.1473,53.3246],[21.1449,53.3161],[21.1191,53.3145],[21.0975,53.3265],[21.0655,53.3307],[21.0406,53.3438],[21.0559,53.3553],[21.0493,53.3569],[21.0517,53.3605],[21.0248,53.3722],[21.0081,53.3714],[20.9876,53.3891],[20.962,53.3972],[20.9517,53.3893],[20.9309,53.3849],[20.9006,53.3524],[20.9015,53.3399],[20.9165,53.3243],[20.9188,53.2971],[20.9628,53.2667],[20.9678,53.2695],[20.9634,53.2737],[20.9963,53.2784],[21.0077,53.2696],[21.0089,53.257],[21.0279,53.2497],[21.0507,53.2547],[21.0615,53.2646],[21.0676,53.2641],[21.0695,53.2589],[21.0825,53.2621],[21.1021,53.2581],[21.0978,53.2558],[21.1069,53.2516],[21.1032,53.2462],[21.1183,53.235],[21.1458,53.2305],[21.161,53.2171],[21.1938,53.2092],[21.2137,53.1971],[21.219,53.1931],[21.2134,53.188],[21.2126,53.1744],[21.2752,53.1698],[21.2874,53.1736],[21.2818,53.1774],[21.2854,53.1786],[21.304,53.1773],[21.3137,53.1729],[21.3099,53.1703],[21.3161,53.1658],[21.3319,53.1617],[21.3496,53.1477],[21.3775,53.1368],[21.3898,53.1189],[21.4201,53.1184],[21.4296,53.113],[21.4915,53.1019],[21.5392,53.0739]]]},"properties":{"code":"PLB140005","name":"Doliny Omulwi i P\u0142odownicy","country":"Poland","designation":"SPA","area_ha":34417.3}},{"type":"Feature","geometry":{"type":"MultiPolygon","coordinates":[[[[21.8007,53.4085],[21.8024,53.4174],[21.8147,53.423],[21.8336,53.4186],[21.8644,53.422],[21.8547,53.4274],[21.8601,53.4365],[21.8741,53.4359],[21.8801,53.4464],[21.878,53.4549],[21.8704,53.4539],[21.8782,53.4785],[21.869,53.4885],[21.874,53.4941],[21.8488,53.5508],[21.8495,53.5634],[21.8254,53.5972],[21.8235,53.6103],[21.8066,53.6062],[21.805,53.6115],[21.7956,53.6127],[21.7874,53.622],[21.7562,53.6155],[21.7666,53.6206],[21.7572,53.6207],[21.7661,53.6339],[21.7603,53.6351],[21.7516,53.6283],[21.7445,53.6401],[21.7506,53.645],[21.768,53.6404],[21.7775,53.6426],[21.7837,53.648],[21.7887,53.6749],[21.8239,53.6506],[21.909,53.668],[21.9041,53.6729],[21.8883,53.675],[21.8543,53.6659],[21.8177,53.67],[21.8283,53.674],[21.8196,53.6743],[21.8117,53.6854],[21.7963,53.6883],[21.7937,53.6926],[21.8197,53.6971],[21.8306,53.7038],[21.8516,53.7425],[21.8665,53.7502],[21.8511,53.7602],[21.8484,53.7675],[21.8513,53.7729],[21.8695,53.7809],[21.8757,53.7983],[21.8679,53.8029],[21.8543,53.8051],[21.8368,53.8155],[21.8111,53.8148],[21.8051,53.8115],[21.8037,53.8039],[21.7893,53.7966],[21.7527,53.8211],[21.7332,53.8099],[21.7388,53.8061],[21.7344,53.7976],[21.7247,53.7979],[21.7248,53.8095],[21.7309,53.8128],[21.704,53.8216],[21.7086,53.8274],[21.7008,53.8338],[21.6832,53.8346],[21.672,53.8299],[21.6749,53.8226],[21.6592,53.8249],[21.6581,53.8122],[21.6499,53.8058],[21.658,53.8036],[21.6462,53.7973],[21.6343,53.7989],[21.6088,53.7819],[21.5697,53.8011],[21.5643,53.7977],[21.5701,53.7869],[21.5427,53.7889],[21.5466,53.8015],[21.5514,53.803],[21.5456,53.8095],[21.5344,53.8087],[21.5323,53.7993],[21.5246,53.8009],[21.5273,53.8047],[21.5178,53.8048],[21.5155,53.7993],[21.4986,53.8027],[21.4898,53.7983],[21.4885,53.8024],[21.4956,53.8027],[21.499,53.8093],[21.4722,53.8105],[21.465,53.8171],[21.4139,53.8287],[21.3725,53.832],[21.3534,53.828],[21.3138,53.8418],[21.3094,53.8416],[21.3056,53.8285],[21.2764,53.8143],[21.2719,53.7961],[21.2797,53.7936],[21.27,53.7907],[21.2691,53.8015],[21.265,53.8026],[21.2209,53.7967],[21.2174,53.8026],[21.1852,53.82],[21.1658,53.8218],[21.1523,53.8395],[21.1378,53.8411],[21.1301,53.8305],[21.1022,53.8346],[21.0961,53.8307],[21.0795,53.8315],[21.0925,53.8084],[21.0831,53.7968],[21.091,53.782],[21.096,53.7815],[21.092,53.7801],[21.0944,53.7693],[21.0901,53.7564],[21.0965,53.757],[21.0945,53.748],[21.1133,53.7407],[21.0766,53.7188],[21.074,53.7129],[21.0662,53.7165],[21.0478,53.7114],[21.0409,53.7038],[21.0413,53.6946],[21.0824,53.6933],[21.0914,53.697],[21.0932,53.705],[21.1046,53.6891],[21.102,53.6787],[21.1455,53.6577],[21.143,53.6484],[21.1517,53.6473],[21.148,53.6319],[21.137,53.6176],[21.1406,53.613],[21.1353,53.6097],[21.1361,53.6001],[21.1434,53.5899],[21.1493,53.5904],[21.1444,53.5884],[21.1574,53.5755],[21.1589,53.5522],[21.2435,53.5316],[21.278,53.5162],[21.2816,53.5189],[21.3095,53.5022],[21.3509,53.4871],[21.3779,53.4926],[21.4269,53.4882],[21.4612,53.4949],[21.4774,53.5028],[21.4819,53.4922],[21.4899,53.4934],[21.4977,53.488],[21.4992,53.4935],[21.529,53.4882],[21.5303,53.4929],[21.55,53.486],[21.5517,53.4781],[21.5659,53.481],[21.614,53.4746],[21.6161,53.4784],[21.6278,53.4781],[21.6335,53.4692],[21.6653,53.4676],[21.6795,53.4888],[21.6943,53.4835],[21.7219,53.4844],[21.7498,53.4634],[21.7737,53.4694],[21.8028,53.4532],[21.8069,53.4423],[21.831,53.4307],[21.841,53.434],[21.8338,53.4283],[21.8127,53.4303],[21.7868,53.4162],[21.7891,53.4107],[21.8007,53.4085]]],[[[21.1527,53.4347],[21.2093,53.4336],[21.2138,53.4394],[21.2113,53.4422],[21.1967,53.4464],[21.2131,53.4622],[21.2035,53.4663],[21.2091,53.4619],[21.2041,53.4597],[21.1881,53.4687],[21.1962,53.4722],[21.2073,53.4692],[21.2031,53.4703],[21.2054,53.4764],[21.2233,53.4752],[21.2008,53.4809],[21.1947,53.474],[21.1922,53.4779],[21.1806,53.4758],[21.1845,53.4791],[21.1781,53.4809],[21.177,53.4662],[21.1712,53.4589],[21.1824,53.4523],[21.1635,53.4574],[21.1692,53.4428],[21.1578,53.4391],[21.1475,53.4423],[21.1527,53.4347]]]]},"properties":{"code":"PLB280008","name":"Puszcza Piska","country":"Poland","designation":"SPA","area_ha":172928.4}}]}